question_id,category,question,query_strategy,paperclip_ranking,paperclip_source,query_sent,query_keywords,query_expanded_terms,retrieved_documents,retrieved_document_ids,gold_documents,gold_document_ids,gold_in_selected_corpus,matched_document,matched_identifier,match_type,first_relevant_rank,hit,score,paperclip_result_id
Q001,Storage temperature and duration,Which targeted metabolite class remained stable in non-centrifuged serum and plasma on cool packs and at room temperature for at least 24 hours?,hyde,vector,"pmc,biorxiv,medrxiv,arxiv,abstracts_only","To assess the stability of various metabolites, non-centrifuged serum and plasma samples were collected into EDTA tubes. Samples were placed in cool packs or kept at room temperature (RT) for up to 24 hours. The targeted metabolite class of interest included amino acids, organic acids, and fatty acids. After 24 hours, analysis revealed that amino acids showed no significant degradation in both serum and plasma under the tested conditions. Organic acids were unstable in serum but remained stable in plasma at RT. Fatty acids degraded rapidly in both matrices within the first hour. Therefore, amino acids were identified as the metabolite class that remained stable in non-centrifuged serum and plasma on cool packs and at room temperature for at least 24 hours.",targeted | metabolite | class | remained | stable | non-centrifuged | serum | plasma | cool | packs | room | temperature | least | hours,,1: Targeted Metabolomics Identifies Reliable and Stable Metabolites in Human Serum and Plasma Samples | 2: Impact of Prolonged Blood Incubation and Extended Serum Storage at Room Temperature on the Human Serum Metabolome | 3: Stability of amino acids and related amines in human serum under different preprocessing and pre-storage conditions based on iTRAQ ® -LC-MS/MS | 4: Impact of Blood Collection Tubes and Sample Handling Time on Serum and Plasma Metabolome and Lipidome | 5: Stability of Metabolomic Content during Sample Preparation: Blood and Brain Tissues | 6: Effects of Long-Term Storage at −80 °C on the Human Plasma Metabolome | 7: Metabolic and lipidomic stability in EDTA plasma from hospitalized patients: impact of refrigerated storage time and additional freeze—thaw cycle | 8: Short-Term Stability of Serum and Liver Extracts for Untargeted Metabolomics and Lipidomics | 9: Stability of targeted metabolite profiles of urine samples under different storage conditions,1: PMC3933650; doi:10.1371/journal.pone.0089728 | 2: PMC5875996; doi:10.3390/metabo8010006 | 3: PMC7928226; doi:10.1242/bio.055020 | 4: PMC6316012; doi:10.3390/metabo8040088 | 5: PMC9505456; doi:10.3390/metabo12090811 | 6: PMC6572224; doi:10.3390/metabo9050099 | 7: PMC13106266; doi:10.1007/s11306-026-02428-2 | 8: PMC10215277; doi:10.3390/antiox12050986 | 9: PMC5126183; doi:10.1007/s11306-016-1137-z,Targeted Metabolomics Identifies Reliable and Stable Metabolites in Human Serum and Plasma Samples,pmcid:PMC3933650,1,Targeted Metabolomics Identifies Reliable and Stable Metabolites in Human Serum and Plasma Samples,PMC3933650,pmcid,1,1,1.0,s_07f82f68
Q002,Freeze-thaw and frozen storage,How many of 159 targeted serum metabolites showed significantly decreased concentrations after two freeze-thaw cycles?,hyde,vector,"pmc,biorxiv,medrxiv,arxiv,abstracts_only","In this study, we analyzed 159 targeted serum metabolites from fasting morning samples collected in EDTA tubes. Specimens were stored at −80°C and subjected to two freeze-thaw cycles. Of the 159 metabolites, 34 (21.4%) exhibited significantly decreased concentrations compared to the baseline values, indicating potential instability under these conditions. This finding highlights the need for careful handling and storage protocols to maintain metabolite integrity during sample processing and analysis.",many | 159 | targeted | serum | metabolites | showed | significantly | decreased | concentrations | two | freeze-thaw | cycles,,"1: Isolated Effects of Plasma Freezing versus Thawing on Metabolite Stability | 2: Pre-Analytical Sample Quality: Metabolite Ratios as an Intrinsic Marker for Prolonged Room Temperature Exposure of Serum Samples | 3: Effects of Long-Term Storage at −80 °C on the Human Plasma Metabolome | 4: Effects of sample handling and storage on quantitative lipid analysis in human serum | 5: Impact of Prolonged Blood Incubation and Extended Serum Storage at Room Temperature on the Human Serum Metabolome | 6: Targeted Metabolomics Identifies Reliable and Stable Metabolites in Human Serum and Plasma Samples | 7: Stability of targeted metabolite profiles of urine samples under different storage conditions | 8: Metabolic and lipidomic stability in EDTA plasma from hospitalized patients: impact of refrigerated storage time and additional freeze—thaw cycle | 9: Stability of amino acids and related amines in human serum under different preprocessing and pre-storage conditions based on iTRAQ ® -LC-MS/MS | 10: Pre-Analytical Factors that Affect Metabolite Stability in Human Urine, Plasma, and Serum: A Review",1: PMC9693613; doi:10.3390/metabo12111098 | 2: PMC4379062; doi:10.1371/journal.pone.0121495 | 3: PMC6572224; doi:10.3390/metabo9050099 | 4: PMC2794342; doi:10.1007/s11306-009-0174-2 | 5: PMC5875996; doi:10.3390/metabo8010006 | 6: PMC3933650; doi:10.1371/journal.pone.0089728 | 7: PMC5126183; doi:10.1007/s11306-016-1137-z | 8: PMC13106266; doi:10.1007/s11306-026-02428-2 | 9: bio_46810b3b6c28; doi:10.1101/2020.07.14.202473 | 10: PMC6724180; doi:10.3390/metabo9080156,Targeted Metabolomics Identifies Reliable and Stable Metabolites in Human Serum and Plasma Samples,pmcid:PMC3933650,1,Targeted Metabolomics Identifies Reliable and Stable Metabolites in Human Serum and Plasma Samples,PMC3933650,pmcid,6,1,0.1667,s_edd58869
Q003,Pre-centrifugation delay and transport,How many serum metabolites changed significantly during prolonged pre-storage handling at room temperature?,hyde,vector,"pmc,biorxiv,medrxiv,arxiv,abstracts_only","Serum samples were collected in EDTA tubes and stored at room temperature (22°C) for up to 72 hours. Metabolomic profiling was performed using ultra-performance liquid chromatography coupled with quadrupole time-of-flight mass spectrometry (UPLC-QTOF-MS). A total of 150 serum metabolites were quantified, and principal component analysis (PCA) revealed significant changes in the metabolic profile after 48 hours. Specifically, 23 out of 150 measured metabolites showed a >20% change in concentration compared to the baseline values collected immediately post-collection. These changes included increased levels of lactate, pyruvate, and several amino acids, while concentrations of glucose and urea decreased significantly. The results suggest that prolonged room temperature storage can lead to substantial alterations in serum metabolite profiles, impacting the accuracy of metabolic assessments.",many | serum | metabolites | changed | significantly | prolonged | pre-storage | handling | room | temperature,,"1: Impact of Prolonged Blood Incubation and Extended Serum Storage at Room Temperature on the Human Serum Metabolome | 2: Impact of Blood Collection Tubes and Sample Handling Time on Serum and Plasma Metabolome and Lipidome | 3: Pre-Analytical Sample Quality: Metabolite Ratios as an Intrinsic Marker for Prolonged Room Temperature Exposure of Serum Samples | 4: Effects of Long-Term Storage at −80 °C on the Human Plasma Metabolome | 5: Stability of amino acids and related amines in human serum under different preprocessing and pre-storage conditions based on iTRAQ ® -LC-MS/MS | 6: Metabolic and lipidomic stability in EDTA plasma from hospitalized patients: impact of refrigerated storage time and additional freeze—thaw cycle | 7: Influence of Storage Conditions and Preservatives on Metabolite Fingerprints in Urine | 8: Stability of Metabolomic Content during Sample Preparation: Blood and Brain Tissues | 9: Short-Term Stability of Serum and Liver Extracts for Untargeted Metabolomics and Lipidomics | 10: Pre-Analytical Factors that Affect Metabolite Stability in Human Urine, Plasma, and Serum: A Review",1: PMC5875996; doi:10.3390/metabo8010006 | 2: PMC6316012; doi:10.3390/metabo8040088 | 3: PMC4379062; doi:10.1371/journal.pone.0121495 | 4: PMC6572224; doi:10.3390/metabo9050099 | 5: bio_46810b3b6c28; doi:10.1101/2020.07.14.202473 | 6: PMC13106266; doi:10.1007/s11306-026-02428-2 | 7: PMC6836253; doi:10.3390/metabo9100203 | 8: PMC9505456; doi:10.3390/metabo12090811 | 9: PMC10215277; doi:10.3390/antiox12050986 | 10: PMC6724180; doi:10.3390/metabo9080156,Pre-Analytical Sample Quality: Metabolite Ratios as an Intrinsic Marker for Prolonged Room Temperature Exposure of Serum Samples,pmcid:PMC4379062,1,Pre-Analytical Sample Quality: Metabolite Ratios as an Intrinsic Marker for Prolonged Room Temperature Exposure of Serum Samples,PMC4379062,pmcid,3,1,0.3333,s_6f6a458b
Q004,Biospecimen quality control and SOPs,What handling recommendation was made for serum specimens kept at room temperature before biobank storage?,hyde,vector,"pmc,biorxiv,medrxiv,arxiv,abstracts_only","Serum specimens collected in EDTA tubes were allowed to sit at room temperature (22°C) for up to 4 hours prior to centrifugation. The supernatant was then transferred to cryovials and stored at -80°C. Our results indicated that serum stability was maintained within acceptable limits for up to 3 hours, after which there was a significant decrease in analyte concentration. Therefore, we recommend that specimens be processed within 3 hours of collection to ensure optimal analyte stability prior to biobank storage.",handling | recommendation | made | serum | specimens | kept | room | temperature | biobank | storage,,"1: Assessment of the stability of 20 biochemical analytes in serum and whole blood samples after storage at nonstandard temperatures | 2: Effect of sample type, centrifugation and storage conditions on vitamin D concentration | 3: The holding temperature of blood during a delay to processing can affect serum and plasma protein measurements | 4: Sample Management: Stability of Plasma and Serum on Different Storage Conditions | 5: Time collection and storage conditions of lipid profile | 6: Effects of blood sample handling procedures on measurable interleukin 6 in plasma and serum | 7: Stability studies of common biochemical analytes in serum separator tubes with or without gel barrier subjected to various storage conditions | 8: In vitro Stability of Heat Shock Protein 27 in Serum and Plasma Under Different Pre-analytical Conditions: Implications for Large-Scale Clinical Studies | 9: The effect of storage time and freeze-thaw cycles on the stability of serum samples | 10: Pre-Analytical Sample Quality: Metabolite Ratios as an Intrinsic Marker for Prolonged Room Temperature Exposure of Serum Samples",1: PMC12769415; doi:10.1016/j.plabm.2025.e00514 | 2: PMC3900071; doi:10.11613/BM.2013.039 | 3: PMC7985364; doi:10.1038/s41598-021-85052-5 | 4: PMC7109503 | 5: PMC5769759; doi:10.1590/1414-431X20176955 | 6: PMC6757116; doi:10.1002/jcla.22924 | 7: PMC4062343 | 8: PMC4855055; doi:10.3343/alm.2016.36.4.353 | 9: PMC3900085; doi:10.11613/BM.2013.009 | 10: PMC4379062; doi:10.1371/journal.pone.0121495,Pre-Analytical Sample Quality: Metabolite Ratios as an Intrinsic Marker for Prolonged Room Temperature Exposure of Serum Samples,pmcid:PMC4379062,1,Pre-Analytical Sample Quality: Metabolite Ratios as an Intrinsic Marker for Prolonged Room Temperature Exposure of Serum Samples,PMC4379062,pmcid,10,1,0.1,s_14cf15f6
Q005,Storage temperature and duration,"What proportion of serum lipid metabolites was affected after one week at 4°C, −20°C, or −80°C in most lipid classes?",hyde,vector,"pmc,biorxiv,medrxiv,arxiv,abstracts_only","Serum samples were collected and processed within two hours. Lipid metabolite profiles from three temperature conditions—4°C, −20°C, and −80°C—were analyzed using liquid chromatography-mass spectrometry (LC-MS). After one week of storage, the proportion of affected lipid metabolites varied significantly across different lipid classes. At 4°C, approximately 35% of lipid metabolites showed altered levels compared to baseline values, while at −20°C and −80°C, this proportion was reduced to about 15% and 5%, respectively. These results suggest that lower temperatures, particularly −80°C, provide better stability for serum lipid metabolites over a one-week period.",proportion | serum | lipid | metabolites | affected | one | week | most | classes,,1: Effects of sample handling and storage on quantitative lipid analysis in human serum | 2: Short-Term Stability of Serum and Liver Extracts for Untargeted Metabolomics and Lipidomics | 3: The Influence of Storage on Human Milk Lipidome Stability for Lipidomic Studies | 4: Investigation of Storage Conditions and Quality Control Markers for Metabolites and Lipids in Human Feces | 5: Effects of Long-Term Storage at −80 °C on the Human Plasma Metabolome | 6: Effects of Different Storage Conditions on Lipid Stability in Mice Tissue Homogenates | 7: Time collection and storage conditions of lipid profile | 8: Ex vivo instability of lipids in whole blood: preanalytical recommendations for clinical lipidomics studies | 9: Effect of serum sample storage temperature on metabolomic and proteomic biomarkers | 10: Application of Lipid Class Ratios for Sample Stability Monitoring—Evaluation of Murine Tissue Homogenates and SDS as a Stabilizer,1: PMC2794342; doi:10.1007/s11306-009-0174-2 | 2: PMC10215277; doi:10.3390/antiox12050986 | 3: PMC8822481; doi:10.1021/acs.jproteome.1c00760 | 4: PMC12942472; doi:10.3390/metabo16020113 | 5: PMC6572224; doi:10.3390/metabo9050099 | 6: PMC10144362; doi:10.3390/metabo13040504 | 7: PMC5769759; doi:10.1590/1414-431X20176955 | 8: PMC10208886; doi:10.1016/j.jlr.2023.100378 | 9: PMC8930974; doi:10.1038/s41598-022-08429-0 | 10: PMC8146515; doi:10.3390/metabo11050277,Effects of sample handling and storage on quantitative lipid analysis in human serum,pmcid:PMC2794342,1,Effects of sample handling and storage on quantitative lipid analysis in human serum,PMC2794342,pmcid,1,1,1.0,s_2130c47e
Q006,Freeze-thaw and frozen storage,By how much did freezing serum before density-based lipoprotein fractionation decrease HDL free cholesterol?,hyde,vector,"pmc,biorxiv,medrxiv,arxiv,abstracts_only","To assess the impact of freezing on HDL free cholesterol levels prior to density-based lipoprotein fractionation, serum specimens were collected and immediately placed in lithium heparin tubes. Samples were either processed within 2 hours or frozen at -80°C for up to 6 months before analysis. Freezing the samples before fractionation resulted in a 15% reduction in measured HDL free cholesterol levels compared to those processed without freezing, indicating that cryopreservation can affect HDL composition and should be considered when interpreting results from long-term stored serum specimens.",much | freezing | serum | density-based | lipoprotein | fractionation | decrease | hdl | free | cholesterol,,"1: HDL structure and function is profoundly affected when stored frozen in the absence of cryoprotectants [S] | 2: Effects of sample handling and storage on quantitative lipid analysis in human serum | 3: Time collection and storage conditions of lipid profile | 4: The effect of storage time and freeze-thaw cycles on the stability of serum samples | 5: The influence of sample freezing at – 80 °C for 2–12 weeks on glycated haemoglobin (HbA 1c ) concentration assayed by HPLC method on Bio-Rad D-10 ® auto analyzer | 6: Oxidized LDL is stable in human serum under extended thawed-state conditions ranging from −20 °C to room temperature | 7: A comparative study of the lipid panel levels at different duration time and temperature storage | 8: Ex vivo instability of lipids in whole blood: preanalytical recommendations for clinical lipidomics studies | 9: Effect of Delayed Centrifugation on the Levels of NMR-Measured Lipoproteins and Metabolites in Plasma and Serum Samples | 10: Effect of sample type, centrifugation and storage conditions on vitamin D concentration",1: PMC5665661; doi:10.1194/jlr.D075366 | 2: PMC2794342; doi:10.1007/s11306-009-0174-2 | 3: PMC5769759; doi:10.1590/1414-431X20176955 | 4: PMC3900085; doi:10.11613/BM.2013.009 | 5: PMC5082215; doi:10.11613/BM.2016.038 | 6: PMC9791165; doi:10.1016/j.jmsacl.2022.12.001 | 7: arx_2311.07151 | 8: PMC10208886; doi:10.1016/j.jlr.2023.100378 | 9: PMC9753045; doi:10.1021/acs.analchem.2c02167 | 10: PMC3900071; doi:10.11613/BM.2013.039,Effects of sample handling and storage on quantitative lipid analysis in human serum,pmcid:PMC2794342,1,Effects of sample handling and storage on quantitative lipid analysis in human serum,PMC2794342,pmcid,2,1,0.5,s_95358113
Q007,Pre-centrifugation delay and transport,What maximum holding condition was proposed before snap-freezing blood for combined proteomic and metabolomic analysis?,hyde,vector,"pmc,biorxiv,medrxiv,arxiv,abstracts_only","Snap-freezing of blood samples was initially recommended as the gold standard for preserving both proteomic and metabolomic analytes. However, a recent study suggested that a 30-minute room temperature (21°C) holding period followed by snap-freezing could be an acceptable alternative under certain conditions. This approach aimed to minimize processing delays while maintaining the integrity of key biomolecules. The results indicated that samples held at this temperature for up to 30 minutes showed minimal degradation in both protein and metabolite profiles, comparable to those snap-frozen immediately upon collection. These findings support the feasibility of a brief holding period before freezing, particularly when immediate snap-freezing is not feasible due to logistical constraints.",maximum | holding | condition | proposed | snap-freezing | blood | combined | proteomic | metabolomic | analysis,,1: Global Stability of Plasma Proteomes for Mass Spectrometry-Based Analyses * | 2: Isolated Effects of Plasma Freezing versus Thawing on Metabolite Stability | 3: Pre-analytical processing of plasma and serum samples for combined proteome and metabolome analysis | 4: Pre-analytical stability of the plasma proteomes based on the storage temperature | 5: Impact of Single Freeze-Thaw Cycles on Serum Protein Stability: Implications for Clinical Biomarker Validation Using Mass Spectrometry | 6: Assessment of the stability of 20 biochemical analytes in serum and whole blood samples after storage at nonstandard temperatures | 7: Freeze-dried plasma proteins are stable at room temperature for at least 1 year | 8: Impact of Prolonged Blood Incubation and Extended Serum Storage at Room Temperature on the Human Serum Metabolome | 9: Recommendations and Best Practices for Standardizing the Pre-Analytical Processing of Blood and Urine Samples in Metabolomics,1: PMC3433892; doi:10.1074/mcp.M111.014340 | 2: PMC9693613; doi:10.3390/metabo12111098 | 3: PMC9808085; doi:10.3389/fmolb.2022.961448 | 4: PMC3658880; doi:10.1186/1477-5956-11-10 | 5: bio_6971918c74be; doi:10.1101/2025.04.09.647925 | 6: PMC12769415; doi:10.1016/j.plabm.2025.e00514 | 7: PMC5659006; doi:10.1186/s12014-017-9170-0 | 8: PMC5875996; doi:10.3390/metabo8010006 | 9: PMC7344701; doi:10.3390/metabo10060229,Pre-analytical processing of plasma and serum samples for combined proteome and metabolome analysis,pmcid:PMC9808085,1,Pre-analytical processing of plasma and serum samples for combined proteome and metabolome analysis,PMC9808085,pmcid,3,1,0.3333,s_9a702f9c
Q008,"Specimen, tube, and processing effects",Did changing the centrifugation condition significantly alter the measured plasma metabolome and proteome?,hyde,vector,"pmc,biorxiv,medrxiv,arxiv,abstracts_only","To investigate the impact of altered centrifugation conditions on plasma metabolomics and proteomics, samples were collected from 50 healthy volunteers. Specimens were processed using two different centrifugation protocols: a standard protocol (16,000 x g for 30 minutes at 4°C) and an experimental protocol (20,000 x g for 45 minutes at 4°C). Metabolomic analysis revealed no significant differences in the identified metabolites between the two groups (p > 0.05), while proteomic analysis showed a minor but non-significant increase in protein detection (p = 0.12) under the experimental conditions. These results suggest that the altered centrifugation condition did not significantly alter the measured plasma metabolome and proteome, indicating that the standard protocol remains robust for consistent sample processing.",changing | centrifugation | condition | significantly | alter | measured | plasma | metabolome | proteome,,"1: Does centrifugation matter? Centrifugal force and spinning time alter the plasma metabolome | 2: Effect of Delayed Centrifugation on the Levels of NMR-Measured Lipoproteins and Metabolites in Plasma and Serum Samples | 3: Impact of Blood Collection Tubes and Sample Handling Time on Serum and Plasma Metabolome and Lipidome | 4: Pre-analytical processing of plasma and serum samples for combined proteome and metabolome analysis | 5: Refining Platelet Purification Methods: Enhancing Proteomics for Clinical Applications | 6: Effects of different centrifugation conditions on clinical chemistry and Immunology test results | 7: The Effect of Anticoagulants, Temperature, and Time on the Human Plasma Metabolome and Lipidome from Healthy Donors as Determined by Liquid Chromatography-Mass Spectrometry | 8: Plasma Instead of Serum Avoids Critical Confounding of Clinical Metabolomics Studies by Platelets | 9: Variability of human fasted venous plasma metabolomic profiles with tourniquet induced hemostasis",1: PMC5025507; doi:10.1007/s11306-016-1109-3 | 2: PMC9753045; doi:10.1021/acs.analchem.2c02167 | 3: PMC6316012; doi:10.3390/metabo8040088 | 4: PMC9808085; doi:10.3389/fmolb.2022.961448 | 5: arx_2505.24394 | 6: PMC3123263; doi:10.1186/1472-6890-11-6 | 7: PMC6571950; doi:10.3390/biom9050200 | 8: PMC11301681; doi:10.1021/acs.jproteome.3c00761 | 9: PMC8712516; doi:10.1038/s41598-021-03665-2,Pre-analytical processing of plasma and serum samples for combined proteome and metabolome analysis,pmcid:PMC9808085,1,Pre-analytical processing of plasma and serum samples for combined proteome and metabolome analysis,PMC9808085,pmcid,4,1,0.25,s_a0f2017a
Q009,Pre-centrifugation delay and transport,What range of plasma and serum cytokine changes was observed after short-term blood-processing delays?,hyde,vector,"pmc,biorxiv,medrxiv,arxiv,abstracts_only","Cytokine levels in both plasma and serum were assessed following short-term processing delays. Plasma samples, collected in EDTA tubes, showed a slight increase in IL-6 concentrations by 15% after a 4-hour delay at room temperature (22°C). Serum samples, collected in tubes with no anticoagulant, exhibited more variability; TNF-α levels increased by 20% within the first hour but stabilized at a 10% increase over 8 hours. These findings suggest that cytokine stability can be compromised within short processing delays, particularly for IL-6 in plasma and TNF-α in serum.",range | plasma | serum | cytokine | changes | observed | short-term | blood-processing | delays,,"1: Effects of blood sample handling procedures on measurable interleukin 6 in plasma and serum | 2: Impact of short-term storage of plasma samples on quantitation of ultra-low levels of interleukin-6 | 3: Impact of Delayed Centrifugation on Interleukin 6 Determination in Human Blood | 4: The holding temperature of blood during a delay to processing can affect serum and plasma protein measurements | 5: Pre-analytical sample handling effects on blood cytokine levels: quality control of a COVID-19 biobank | 6: Multiplex Cytokine Concentration Measurement: How Much Do the Medium and Handling Matter? | 7: Effects of processing conditions on stability of immune analytes in human blood | 8: Effect of Repeated Freezing and Thawing on Biomarker Stability in Plasma and Serum Samples | 9: Impact of sample processing delays on plasma markers of inflammation, chemotaxis, cell death, and blood coagulation | 10: Evaluating the long-term biological stability of cytokine biomarkers in ocular fluid samples",1: PMC6757116; doi:10.1002/jcla.22924 | 2: PMC8593303; doi:10.1177/03000605211056846 | 3: PMC12109806; doi:10.3390/diagnostics15101187 | 4: PMC7985364; doi:10.1038/s41598-021-85052-5 | 5: PMC8359910; doi:10.2217/bmm-2020-0770 | 6: PMC3804442; doi:10.1155/2013/890706 | 7: PMC7566484; doi:10.1038/s41598-020-74274-8 | 8: PMC4700770; doi:10.1016/j.phrp.2015.11.005 | 9: PMC11527306; doi:10.1371/journal.pone.0311921 | 10: PMC10729172; doi:10.1136/bmjophth-2023-001346,Effects of processing conditions on stability of immune analytes in human blood,pmcid:PMC7566484,1,Effects of processing conditions on stability of immune analytes in human blood,PMC7566484,pmcid,7,1,0.1429,s_10c8a5d0
Q010,Biospecimen quality control and SOPs,What processing-delay limit was recommended for flow and mass cytometry studies of susceptible blood-cell populations?,hyde,vector,"pmc,biorxiv,medrxiv,arxiv,abstracts_only","In our study, we evaluated the impact of varying processing delays on the quality of flow and mass cytometry data from peripheral blood mononuclear cells (PBMCs) collected in PAXgene Blood RNA Tubes. We found that a processing delay of up to 24 hours at room temperature did not significantly alter the stability of cell surface markers or intracellular proteins, as assessed by both flow and mass cytometry. However, delays exceeding 36 hours led to a notable decrease in marker expression intensity and cellular viability, suggesting a recommended processing limit of 24 hours for optimal data quality in these studies.",processing-delay | limit | recommended | flow | mass | cytometry | studies | susceptible | blood-cell | populations,,"1: Effects of storage time and temperature on highly multiparametric flow analysis of peripheral blood samples; implications for clinical trial samples | 2: Multimodal analysis for human ex vivo studies shows extensive molecular changes from delays in blood processing | 3: Effects of processing conditions on stability of immune analytes in human blood | 4: Impact on in-depth immunophenotyping of delay to peripheral blood processing | 5: Multimodal Analysis for Human ex vivo Studies Shows Extensive Molecular Changes from Delays in Blood Processing | 6: Delays during PBMC isolation have a moderate effect on yield, but severly compromise cell viability | 7: Viability-Compatible Preservation for Mass Cytometry Using Cisplatin Pulse Quenching and Gradual Formaldehyde Release | 8: Phenotypic and functional stability of leukocytes from human peripheral blood samples: considerations for the design of immunological studies",1: PMC7921292; doi:10.1042/BSR20203827 | 2: PMC8169801; doi:10.1016/j.isci.2021.102404 | 3: PMC7566484; doi:10.1038/s41598-020-74274-8 | 4: PMC11239563; doi:10.1093/cei/uxae041 | 5: bio_46d7a5646cea; doi:10.1101/2020.10.18.344663 | 6: med_828fae436c4a; doi:10.1101/2022.01.02.22268625 | 7: med_e77facf675df; doi:10.1101/2025.08.08.25333023 | 8: PMC6339328; doi:10.1186/s12865-019-0286-z,Effects of processing conditions on stability of immune analytes in human blood,pmcid:PMC7566484,1,Effects of processing conditions on stability of immune analytes in human blood,PMC7566484,pmcid,3,1,0.3333,s_abe2a05e
Q011,Pre-centrifugation delay and transport,At which temperatures and for what maximum duration were EDTA and citrate whole-blood tubes stored before plasma processing?,hyde,vector,"pmc,biorxiv,medrxiv,arxiv,abstracts_only","Whole blood samples collected in both EDTA and citrate anticoagulant tubes were stored at 4°C. Plasma was processed within 24 hours of collection to ensure optimal analyte stability. Storage at room temperature (25°C) for more than 6 hours resulted in significant decreases in analyte concentrations, indicating a critical need for timely processing under refrigerated conditions.",temperatures | maximum | duration | edta | citrate | whole-blood | tubes | stored | plasma | processing,,"1: Effects of storage time and temperature on coagulation tests and factors in fresh plasma | 2: Effect of sample type, centrifugation and storage conditions on vitamin D concentration | 3: Effects of blood sample handling procedures on measurable interleukin 6 in plasma and serum | 4: Time collection and storage conditions of lipid profile | 5: Sample Management: Stability of Plasma and Serum on Different Storage Conditions | 6: Impact of short-term storage of plasma samples on quantitation of ultra-low levels of interleukin-6 | 7: The holding temperature of blood during a delay to processing can affect serum and plasma protein measurements | 8: Assessment of the stability of 20 biochemical analytes in serum and whole blood samples after storage at nonstandard temperatures | 9: How Long can we Store Blood Samples: A Systematic Review and Meta-Analysis | 10: Stability and validity of intact parathyroid hormone levels in different sample types and storage conditions",1: PMC3902390; doi:10.1038/srep03868 | 2: PMC3900071; doi:10.11613/BM.2013.039 | 3: PMC6757116; doi:10.1002/jcla.22924 | 4: PMC5769759; doi:10.1590/1414-431X20176955 | 5: PMC7109503 | 6: PMC8593303; doi:10.1177/03000605211056846 | 7: PMC7985364; doi:10.1038/s41598-021-85052-5 | 8: PMC12769415; doi:10.1016/j.plabm.2025.e00514 | 9: PMC5652294; doi:10.1016/j.ebiom.2017.09.024 | 10: PMC8183913; doi:10.1002/jcla.23771,"Impact of sample processing delays on plasma markers of inflammation, chemotaxis, cell death, and blood coagulation",pmcid:PMC11527306,1,,,,,0,0.0,s_da72e4c8
Q012,Pre-centrifugation delay and transport,Which plasma marker groups showed no significant changes after processing delays up to 72 hours?,hyde,vector,"pmc,biorxiv,medrxiv,arxiv,abstracts_only","To assess the stability of potential plasma markers over extended processing delays, samples were collected in sodium citrate tubes and processed at room temperature. Plasma was isolated within 4 hours post-collection. The study evaluated five marker groups: C-reactive protein (CRP), interleukin-6 (IL-6), tumor necrosis factor-alpha (TNF-α), high-sensitivity troponin I (hs-TnI), and D-dimer. After processing delays of up to 72 hours, no significant changes were observed in CRP levels, with a mean concentration of 3.5 mg/L remaining stable across all time points. Similarly, IL-6 concentrations did not show any significant alterations, maintaining an average level of 10 pg/mL throughout the study period. These findings suggest that both CRP and IL-6 are suitable markers for delayed processing scenarios in clinical settings.",plasma | marker | groups | showed | significant | changes | processing | delays | hours,,"1: Effects of blood sample handling procedures on measurable interleukin 6 in plasma and serum | 2: Impact of short-term storage of plasma samples on quantitation of ultra-low levels of interleukin-6 | 3: Impact of sample processing delays on plasma markers of inflammation, chemotaxis, cell death, and blood coagulation | 4: Impact of Delayed Centrifugation on Interleukin 6 Determination in Human Blood | 5: Comparison of C-reactive Protein Levels between Serum and Plasma Samples on Long-term Frozen Storage after a 13.8 Year Interval: The JMS Cohort Study | 6: Effect of Repeated Freezing and Thawing on Biomarker Stability in Plasma and Serum Samples | 7: The holding temperature of blood during a delay to processing can affect serum and plasma protein measurements | 8: Multimeric Stability of Human C-reactive Protein in Archived Specimens | 9: Inflammatory Biomarkers Interleukin‐6 and C‐Reactive Protein and Outcomes in Stable Coronary Heart Disease: Experiences From the STABILITY (Stabilization of Atherosclerotic Plaque by Initiation of Darapladib Therapy) Trial | 10: Time- and temperature-dependent Pentraxin 3 stability in serum and bronchoalveolar lavage fluid samples",1: PMC6757116; doi:10.1002/jcla.22924 | 2: PMC8593303; doi:10.1177/03000605211056846 | 3: PMC11527306; doi:10.1371/journal.pone.0311921 | 4: PMC12109806; doi:10.3390/diagnostics15101187 | 5: PMC7058471; doi:10.2188/jea.17.120 | 6: PMC4700770; doi:10.1016/j.phrp.2015.11.005 | 7: PMC7985364; doi:10.1038/s41598-021-85052-5 | 8: PMC3597618; doi:10.1371/journal.pone.0058094 | 9: PMC5721818; doi:10.1161/JAHA.116.005077 | 10: PMC12247167; doi:10.1093/mmy/myaf057,"Impact of sample processing delays on plasma markers of inflammation, chemotaxis, cell death, and blood coagulation",pmcid:PMC11527306,1,"Impact of sample processing delays on plasma markers of inflammation, chemotaxis, cell death, and blood coagulation",PMC11527306,pmcid,3,1,0.3333,s_da914584
Q013,Storage temperature and duration,"After quality control, how many serum metabolites and proteins were apparently unaffected or clearly susceptible to −20°C rather than −80°C storage?",hyde,vector,"pmc,biorxiv,medrxiv,arxiv,abstracts_only","Following quality control, our analysis revealed that out of the 35 identified serum metabolites and proteins, 14 metabolites showed no significant change in signal intensity when stored at −20°C compared to −80°C. Conversely, 7 proteins demonstrated a clear decrease in detectable levels after storage at −20°C for 6 months, indicating susceptibility to degradation under these conditions. These findings suggest that while certain serum components can be safely stored at −20°C, others require the more stringent −80°C environment to maintain stability and integrity.",quality | control | many | serum | metabolites | proteins | apparently | unaffected | clearly | susceptible | rather | storage,,1: Effect of serum sample storage temperature on metabolomic and proteomic biomarkers | 2: Effects of Long-Term Storage at −80 °C on the Human Plasma Metabolome | 3: Short-Term Stability of Serum and Liver Extracts for Untargeted Metabolomics and Lipidomics | 4: Impact of Single Freeze-Thaw Cycles on Serum Protein Stability: Implications for Clinical Biomarker Validation Using Mass Spectrometry | 5: Impact of Prolonged Blood Incubation and Extended Serum Storage at Room Temperature on the Human Serum Metabolome | 6: Effects of sample handling and storage on quantitative lipid analysis in human serum | 7: Influence of Freezing and Storage Procedure on Human Urine Samples in NMR-Based Metabolomics | 8: Stability of amino acids and related amines in human serum under different preprocessing and pre-storage conditions based on iTRAQ ® -LC-MS/MS | 9: Impact of single freeze-thaw cycles on human serum proteins: Implications for mass spectrometry biomarker validation | 10: Pre-Analytical Sample Quality: Metabolite Ratios as an Intrinsic Marker for Prolonged Room Temperature Exposure of Serum Samples,1: PMC8930974; doi:10.1038/s41598-022-08429-0 | 2: PMC6572224; doi:10.3390/metabo9050099 | 3: PMC10215277; doi:10.3390/antiox12050986 | 4: bio_6971918c74be; doi:10.1101/2025.04.09.647925 | 5: PMC5875996; doi:10.3390/metabo8010006 | 6: PMC2794342; doi:10.1007/s11306-009-0174-2 | 7: PMC3901271; doi:10.3390/metabo3020243 | 8: bio_46810b3b6c28; doi:10.1101/2020.07.14.202473 | 9: PMC13206734; doi:10.1016/j.isci.2026.115934 | 10: PMC4379062; doi:10.1371/journal.pone.0121495,Effect of serum sample storage temperature on metabolomic and proteomic biomarkers,pmcid:PMC8930974,1,Effect of serum sample storage temperature on metabolomic and proteomic biomarkers,PMC8930974,pmcid,1,1,1.0,s_0626f914
Q014,Biospecimen quality control and SOPs,Which serum ratio and cutoff identified storage at −20°C rather than −80°C?,hyde,vector,"pmc,biorxiv,medrxiv,arxiv,abstracts_only","To determine the optimal storage temperature for serum samples, we analyzed the stability of analytes stored at −20°C versus −80°C. A total of 150 serum specimens were collected in EDTA tubes and immediately processed within 4 hours post-collection. Samples were then aliquoted and stored either at −20°C or −80°C for up to 6 months. The ratio of lactate dehydrogenase (LDH) levels between the two temperature groups was compared using a paired t-test. A significant difference in LDH stability was observed, with a cutoff ratio of 1.5 indicating that samples stored at −20°C showed a 30% higher degradation rate compared to those stored at −80°C. These findings suggest that for long-term storage, serum specimens should be maintained at −80°C rather than −20°C to preserve analyte integrity.",serum | ratio | cutoff | identified | storage | rather,,"1: The effect of storage time and freeze-thaw cycles on the stability of serum samples | 2: Study of the Stability of Various Biochemical Analytes in Samples Stored at Different Predefined Storage Conditions at an Accredited Laboratory of India | 3: Assessment of the stability of 20 biochemical analytes in serum and whole blood samples after storage at nonstandard temperatures | 4: Sample Management: Stability of Plasma and Serum on Different Storage Conditions | 5: Long-term stability of clinically relevant chemistry analytes in pleural and peritoneal fluid | 6: Stability studies of common biochemical analytes in serum separator tubes with or without gel barrier subjected to various storage conditions | 7: Effect of sample type, centrifugation and storage conditions on vitamin D concentration | 8: Effects of preanalytical frozen storage time and temperature on screening coagulation tests and factors VIII and IX activity | 9: Stability of pH, Blood Gas Partial Pressure, Hemoglobin Oxygen Saturation Fraction, and Lactate Concentration | 10: The Influence of Serum Sample Storage Conditions on Selected Laboratory Parameters Related to Oxidative Stress: A Preliminary Study",1: PMC3900085; doi:10.11613/BM.2013.009 | 2: PMC5015491; doi:10.4103/0974-2727.187928 | 3: PMC12769415; doi:10.1016/j.plabm.2025.e00514 | 4: PMC7109503 | 5: PMC7138007; doi:10.11613/BM.2020.020701 | 6: PMC4062343 | 7: PMC3900071; doi:10.11613/BM.2013.039 | 8: PMC5610264; doi:10.1038/s41598-017-11777-x | 9: PMC7295962; doi:10.3343/alm.2020.40.6.448 | 10: PMC7168228; doi:10.3390/diagnostics10010051,Effect of serum sample storage temperature on metabolomic and proteomic biomarkers,pmcid:PMC8930974,1,,,,,0,0.0,s_cb212947
Q015,Freeze-thaw and frozen storage,Were statistically changed serum biomarkers outside their total allowable error limits after one freeze-thaw cycle?,hyde,vector,"pmc,biorxiv,medrxiv,arxiv,abstracts_only","Serum samples were collected in EDTA tubes and stored at −80°C. Upon thawing, the analytes of interest were measured using a multiplex immunoassay system. After one freeze-thaw cycle, the biomarkers of interest showed statistically significant changes (p < 0.05) compared to their pre-freeze levels. The post-freeze values exceeded the total allowable error limits by an average of 12%, indicating potential instability under these conditions. These findings suggest that additional measures may be necessary to maintain biomarker stability during sample handling and storage.",statistically | changed | serum | biomarkers | outside | their | total | allowable | error | limits | one | freeze-thaw | cycle,,,,"The Effects of a Single Freeze-Thaw Cycle on Concentrations of Nutritional, Noncommunicable Disease, and Inflammatory Biomarkers in Serum Samples",pmcid:PMC8154350,1,,,,,0,0.0,s_fdc2d242
Q016,Freeze-thaw and frozen storage,Which protein-related serum measurements remained stable after one freeze-thaw cycle?,hyde,vector,"pmc,biorxiv,medrxiv,arxiv,abstracts_only","Serum samples were collected in EDTA tubes and stored at −80°C. After thawing, the samples underwent a single freeze-thaw cycle. Protein concentrations, including albumin (45 mg/dL), globulin (32 mg/dL), and transferrin (270 mg/dL), were measured using a clinical chemistry analyzer. No significant changes in protein levels were observed post-freeze-thaw compared to the initial measurements, indicating stability of these proteins under the tested conditions.",protein-related | serum | measurements | remained | stable | one | freeze-thaw | cycle,,"1: The effect of storage time and freeze-thaw cycles on the stability of serum samples | 2: Impact of Single Freeze-Thaw Cycles on Serum Protein Stability: Implications for Clinical Biomarker Validation Using Mass Spectrometry | 3: Impact of single freeze-thaw cycles on human serum proteins: Implications for mass spectrometry biomarker validation | 4: The Effects of a Single Freeze-Thaw Cycle on Concentrations of Nutritional, Noncommunicable Disease, and Inflammatory Biomarkers in Serum Samples | 5: Effect of Repeated Freezing and Thawing on Biomarker Stability in Plasma and Serum Samples | 6: Global Stability of Plasma Proteomes for Mass Spectrometry-Based Analyses * | 7: Oxidized LDL is stable in human serum under extended thawed-state conditions ranging from −20 °C to room temperature | 8: Study of the Stability of Various Biochemical Analytes in Samples Stored at Different Predefined Storage Conditions at an Accredited Laboratory of India | 9: Effect of sample type, centrifugation and storage conditions on vitamin D concentration | 10: Freezing Diluted Bovine Serum Albumin Standards Does Not Significantly Affect Standard Curves",1: PMC3900085; doi:10.11613/BM.2013.009 | 2: bio_6971918c74be; doi:10.1101/2025.04.09.647925 | 3: PMC13206734; doi:10.1016/j.isci.2026.115934 | 4: PMC8154350; doi:10.1055/s-0041-1726575 | 5: PMC4700770; doi:10.1016/j.phrp.2015.11.005 | 6: PMC3433892; doi:10.1074/mcp.M111.014340 | 7: PMC9791165; doi:10.1016/j.jmsacl.2022.12.001 | 8: PMC5015491; doi:10.4103/0974-2727.187928 | 9: PMC3900071; doi:10.11613/BM.2013.039 | 10: bio_c5bd732e7333; doi:10.1101/2024.06.26.600904,"The Effects of a Single Freeze-Thaw Cycle on Concentrations of Nutritional, Noncommunicable Disease, and Inflammatory Biomarkers in Serum Samples",pmcid:PMC8154350,1,"The Effects of a Single Freeze-Thaw Cycle on Concentrations of Nutritional, Noncommunicable Disease, and Inflammatory Biomarkers in Serum Samples",PMC8154350,pmcid,4,1,0.25,s_cd2590f8
Q017,Storage temperature and duration,How many urine metabolites remained stable at −20°C and 4°C for up to 24 hours compared with immediate −80°C storage?,hyde,vector,"pmc,biorxiv,medrxiv,arxiv,abstracts_only","Urine samples were collected in polypropylene tubes containing sodium metabisulfite as an anti-oxidant. Metabolites were quantified using liquid chromatography-tandem mass spectrometry (LC-MS/MS) analysis. Specimens were either stored immediately at −80°C or kept at −20°C for 1 hour and then at 4°C for up to 24 hours. Stability assessments revealed that 75% of the metabolites remained detectable after storage at −20°C for 24 hours, compared to 90% stability observed with immediate −80°C storage. At 4°C, only 60% of the metabolites were recoverable after 24 hours, significantly lower than the 95% recovery seen with immediate freezing. These findings suggest that while some metabolites can tolerate brief periods at −20°C and 4°C, optimal preservation requires rapid transition to −80°C for long-term storage.",many | urine | metabolites | remained | stable | hours | compared | immediate | storage,,"1: Influence of Storage Conditions and Preservatives on Metabolite Fingerprints in Urine | 2: Stability of targeted metabolite profiles of urine samples under different storage conditions | 3: Impact of collection conditions on the metabolite content of human urine samples as analyzed by liquid chromatography coupled to mass spectrometry and nuclear magnetic resonance spectroscopy | 4: Urinary Metabolomic Profile is Minimally Impacted by Common Storage Conditions and Additives | 5: Effects of Long-Term Storage at −80 °C on the Human Plasma Metabolome | 6: Influence of Freezing and Storage Procedure on Human Urine Samples in NMR-Based Metabolomics | 7: Isolated Effects of Plasma Freezing versus Thawing on Metabolite Stability | 8: Short-Term Stability of Serum and Liver Extracts for Untargeted Metabolomics and Lipidomics | 9: Stability of amino acids and related amines in human serum under different preprocessing and pre-storage conditions based on iTRAQ ® -LC-MS/MS | 10: Pre-Analytical Factors that Affect Metabolite Stability in Human Urine, Plasma, and Serum: A Review",1: PMC6836253; doi:10.3390/metabo9100203 | 2: PMC5126183; doi:10.1007/s11306-016-1137-z | 3: PMC4559108; doi:10.1007/s11306-014-0764-5 | 4: bio_7ffb23207385; doi:10.1101/2024.02.12.579937 | 5: PMC6572224; doi:10.3390/metabo9050099 | 6: PMC3901271; doi:10.3390/metabo3020243 | 7: PMC9693613; doi:10.3390/metabo12111098 | 8: PMC10215277; doi:10.3390/antiox12050986 | 9: bio_46810b3b6c28; doi:10.1101/2020.07.14.202473 | 10: PMC6724180; doi:10.3390/metabo9080156,Stability of targeted metabolite profiles of urine samples under different storage conditions,pmcid:PMC5126183,1,Stability of targeted metabolite profiles of urine samples under different storage conditions,PMC5126183,pmcid,2,1,0.5,s_70238351
Q018,Freeze-thaw and frozen storage,Which repeated handling practice should be avoided for urine metabolomics samples?,hyde,vector,"pmc,biorxiv,medrxiv,arxiv,abstracts_only","Repeated centrifugation at 3,000 g for 10 minutes followed by storage in a 4°C collection tube was found to significantly alter the metabolic profile of urine samples. Samples subjected to this procedure showed decreased stability and altered concentrations of key analytes compared to those processed once and stored under the same conditions. The results indicate that repeated centrifugation should be avoided to maintain the integrity and consistency of metabolomics data in urine specimens, especially when processing delays are anticipated.",repeated | handling | practice | avoided | urine | metabolomics | samples,,"1: Influence of Storage Conditions and Preservatives on Metabolite Fingerprints in Urine | 2: Pre-Analytical Factors that Affect Metabolite Stability in Human Urine, Plasma, and Serum: A Review | 3: Does centrifugation matter? Centrifugal force and spinning time alter the plasma metabolome | 4: Impact of collection conditions on the metabolite content of human urine samples as analyzed by liquid chromatography coupled to mass spectrometry and nuclear magnetic resonance spectroscopy | 5: Influence of Freezing and Storage Procedure on Human Urine Samples in NMR-Based Metabolomics | 6: Urinary Metabolomic Profile is Minimally Impacted by Common Storage Conditions and Additives | 7: Recommendations and Best Practices for Standardizing the Pre-Analytical Processing of Blood and Urine Samples in Metabolomics | 8: Effect of Delayed Centrifugation on the Levels of NMR-Measured Lipoproteins and Metabolites in Plasma and Serum Samples | 9: Effects of Preanalytical Sample Collection and Handling on Comprehensive Metabolite Measurements in Human Urine Biospecimens",1: PMC6836253; doi:10.3390/metabo9100203 | 2: PMC6724180; doi:10.3390/metabo9080156 | 3: PMC5025507; doi:10.1007/s11306-016-1109-3 | 4: PMC4559108; doi:10.1007/s11306-014-0764-5 | 5: PMC3901271; doi:10.3390/metabo3020243 | 6: bio_7ffb23207385; doi:10.1101/2024.02.12.579937 | 7: PMC7344701; doi:10.3390/metabo10060229 | 8: PMC9753045; doi:10.1021/acs.analchem.2c02167 | 9: PMC10896411; doi:10.1101/2024.01.24.24301735,Stability of targeted metabolite profiles of urine samples under different storage conditions,pmcid:PMC5126183,1,,,,,0,0.0,s_cd4464eb
Q019,"Specimen, tube, and processing effects",Which blood collection tube type was unsuitable for circulating microRNA quantification?,hyde,vector,"pmc,biorxiv,medrxiv,arxiv,abstracts_only","The study evaluated five different blood collection tubes for their suitability in quantifying circulating microRNAs (miRNAs). Specimens were collected using EDTA, PAXgene Blood RNA, Sodium Heparin, Lithium Heparin, and K2 EDTA tubes. Samples were allowed to sit at room temperature for 4 hours before processing. Quantification of miRNAs was performed using qRT-PCR. The results indicated that the K2 EDTA tube showed a significant decrease in miRNA concentration compared to other tubes, with a reduction of approximately 30% in miRNA stability. This finding suggests that K2 EDTA is unsuitable for circulating miRNA quantification under these conditions.",blood | collection | tube | type | unsuitable | circulating | microrna | quantification,,"1: Study of the preanalytical variables affecting the measurement of clinically relevant free-circulating microRNAs: focus on sample matrix, platelet depletion, and storage conditions | 2: Stability of Circulating Blood-Based MicroRNAs – Pre-Analytic Methodological Considerations | 3: The Impact of the Anticoagulant Type in Blood Collection Tubes on Circulating Extracellular Plasma MicroRNA Profiles Revealed by Small RNA Sequencing | 4: Towards Clinical Applications of Blood-Borne miRNA Signatures: The Influence of the Anticoagulant EDTA on miRNA Abundance | 5: The Influence of Pre-Analytical Factors on the Analysis of Circulating MicroRNA | 6: Optimized Collection Protocol for Plasma MicroRNA Measurement in Patients with Cardiovascular Disease | 7: Establishment of preanalytical conditions for microRNA profile analysis of clinical plasma samples | 8: Evaluation of Storage Tubes for Combined Analysis of Circulating Nucleic Acids in Liquid Biopsies | 9: The Impact of Tube Type, Centrifugation Conditions, and Hemolysis on Plasma Circulating MicroRNAs | 10: Impact of Anticoagulation and Sample Processing on the Quantification of Human Blood-Derived microRNA Signatures",1: PMC6904965; doi:10.11613/BM.2020.010703 | 2: PMC5289450; doi:10.1371/journal.pone.0167969 | 3: PMC9499385; doi:10.3390/ijms231810340 | 4: PMC4658123; doi:10.1371/journal.pone.0143321 | 5: PMC6225341; doi:10.2174/2211536607666180709143335 | 6: PMC5048034; doi:10.1155/2016/2901938 | 7: PMC9750036; doi:10.1371/journal.pone.0278927 | 8: PMC6387045; doi:10.3390/ijms20030704 | 9: PMC11545111; doi:10.3390/diagnostics14212369 | 10: PMC7464075; doi:10.3390/cells9081915,Stability of Circulating Blood-Based MicroRNAs – Pre-Analytic Methodological Considerations,pmcid:PMC5289450,1,Stability of Circulating Blood-Based MicroRNAs – Pre-Analytic Methodological Considerations,PMC5289450,pmcid,2,1,0.5,s_63688a74
Q020,Freeze-thaw and frozen storage,How did four repetitive freeze-thaw cycles affect circulating microRNA concentrations?,hyde,vector,"pmc,biorxiv,medrxiv,arxiv,abstracts_only","Four repetitive freeze-thaw cycles were applied to serum specimens collected in QIAamp RNA Blood Mini Spin Columns (Qiagen, Hilden, Germany). Specimens were stored at −80°C for 24 hours before undergoing the first cycle. Each subsequent freeze-thaw cycle was performed within a 1-hour processing delay after thawing. MicroRNA concentrations were quantified using the QuantStudio 7 Flex Real-Time PCR System (Applied Biosystems, Foster City, CA). After four cycles, there was no significant change in microRNA concentration compared to the initial sample, indicating good stability over multiple freeze-thaw events.",four | repetitive | freeze-thaw | cycles | affect | circulating | microrna | concentrations,,1: Improved Detection of Circulating miRNAs in Serum and Plasma Following Rapid Heat/Freeze Cycling | 2: Stability of Circulating Blood-Based MicroRNAs – Pre-Analytic Methodological Considerations | 3: Stability of microRNAs in serum and plasma reveal promise as a circulating biomarker | 4: miRNAs in platelet-poor blood plasma and purified RNA are highly stable: a confirmatory study | 5: Impact of long-term storage and freeze-thawing on eight circulating microRNAs in plasma samples | 6: miRNA Stability in Frozen Plasma Samples | 7: MicroRNA Isolation by Trizol-Based Method and Its Stability in Stored Serum and cDNA Derivatives | 8: Data on the effect of heat and other technical variables on the detection of microRNAs in human serum | 9: Stability of circulating microRNAs in serum | 10: The Influence of Pre-Analytical Factors on the Analysis of Circulating MicroRNA,1: PMC6198569; doi:10.2174/2211536607666180416152112 | 2: PMC5289450; doi:10.1371/journal.pone.0167969 | 3: PMC12414832; doi:10.1016/j.ncrna.2025.08.001 | 4: PMC5936026; doi:10.1186/s13104-018-3378-6 | 5: PMC6959605; doi:10.1371/journal.pone.0227648 | 6: PMC6331950; doi:10.3390/molecules201019030 | 7: PMC7021594; doi:10.31557/APJCP.2019.20.6.1641 | 8: PMC6441724; doi:10.1016/j.dib.2019.103750 | 9: PMC9432728; doi:10.1371/journal.pone.0268958 | 10: PMC6225341; doi:10.2174/2211536607666180709143335,Stability of Circulating Blood-Based MicroRNAs – Pre-Analytic Methodological Considerations,pmcid:PMC5289450,1,Stability of Circulating Blood-Based MicroRNAs – Pre-Analytic Methodological Considerations,PMC5289450,pmcid,2,1,0.5,s_a286e31d
Q021,Storage temperature and duration,For how long were cerebrospinal-fluid small-molecule metabolites relatively unaffected at 5–8°C?,hyde,vector,"pmc,biorxiv,medrxiv,arxiv,abstracts_only","Cerebrospinal fluid (CSF) samples were collected in heparinized tubes and stored at 5-8°C. Metabolite profiles were analyzed using liquid chromatography-mass spectrometry (LC-MS) after a processing delay of up to 72 hours. The stability of small-molecule metabolites was assessed over this period, revealing that certain metabolites remained relatively unaffected in terms of peak intensity and retention time for at least 48 hours under these conditions. This finding suggests that CSF samples can be stored at 5-8°C for up to two days without significant degradation of the analyzed metabolites, thereby allowing sufficient time for sample processing and analysis.",long | cerebrospinal-fluid | small-molecule | metabolites | relatively | unaffected,,1: Assessing the Pre-Analytical Stability of Small-Molecule Metabolites in Cerebrospinal Fluid Using Direct-Infusion Metabolomics | 2: Strategies to assess and optimize stability of endogenous amines during cerebrospinal fluid sampling | 3: Effects of Long-Term Storage at −80 °C on the Human Plasma Metabolome | 4: Decoding Cerebrospinal Fluid: Integrative Metabolomics Across Multiple Platforms | 5: Stability of Metabolomic Content during Sample Preparation: Blood and Brain Tissues | 6: Short-Term Stability of Serum and Liver Extracts for Untargeted Metabolomics and Lipidomics | 7: Pursuing Experimental Reproducibility: An Efficient Protocol for the Preparation of Cerebrospinal Fluid Samples for NMR-Based Metabolomics and Analysis of Sample Degradation | 8: Influence of Freezing and Storage Procedure on Human Urine Samples in NMR-Based Metabolomics | 9: Influence of Storage Conditions and Preservatives on Metabolite Fingerprints in Urine | 10: Elecsys CSF AD immunoassays: Sample stability for a new pre‐analytical protocol for fresh CSF,1: PMC6835587; doi:10.3390/metabo9100236 | 2: PMC5838118; doi:10.1007/s11306-018-1333-0 | 3: PMC6572224; doi:10.3390/metabo9050099 | 4: PMC12821578; doi:10.3390/mps9010008 | 5: PMC9505456; doi:10.3390/metabo12090811 | 6: PMC10215277; doi:10.3390/antiox12050986 | 7: PMC7345835; doi:10.3390/metabo10060251 | 8: PMC3901271; doi:10.3390/metabo3020243 | 9: PMC6836253; doi:10.3390/metabo9100203 | 10: PMC12531901; doi:10.1002/alz.70797,Assessing the Pre-Analytical Stability of Small-Molecule Metabolites in Cerebrospinal Fluid Using Direct-Infusion Metabolomics,pmcid:PMC6835587,1,Assessing the Pre-Analytical Stability of Small-Molecule Metabolites in Cerebrospinal Fluid Using Direct-Infusion Metabolomics,PMC6835587,pmcid,1,1,1.0,s_e951af65
Q022,Freeze-thaw and frozen storage,How many freeze-thaw cycles left cerebrospinal-fluid small-molecule metabolites relatively unaffected?,hyde,vector,"pmc,biorxiv,medrxiv,arxiv,abstracts_only","To assess the impact of freeze-thaw cycles on cerebrospinal fluid (CSF) small-molecule metabolites, we performed a series of controlled experiments. CSF samples were collected in heparinized tubes and stored at −80°C. Samples underwent up to five freeze-thaw cycles, with each cycle involving thawing the sample to 4°C for 1 hour followed by immediate re-freezing at −80°C. Metabolite profiling was conducted using liquid chromatography-mass spectrometry (LC-MS) before and after each cycle. Analysis of variance (ANOVA) revealed no significant differences in metabolite concentrations between the control group and samples subjected to up to five freeze-thaw cycles, indicating that these conditions did not substantially affect CSF small-molecule stability.",many | freeze-thaw | cycles | left | cerebrospinal-fluid | small-molecule | metabolites | relatively | unaffected,,1: Assessing the Pre-Analytical Stability of Small-Molecule Metabolites in Cerebrospinal Fluid Using Direct-Infusion Metabolomics | 2: Isolated Effects of Plasma Freezing versus Thawing on Metabolite Stability | 3: Impact of Single Freeze-Thaw Cycles on Serum Protein Stability: Implications for Clinical Biomarker Validation Using Mass Spectrometry | 4: Impact of single freeze-thaw cycles on human serum proteins: Implications for mass spectrometry biomarker validation | 5: Impact of Freeze-thaw Cycles and Storage Time on Plasma Samples Used in Mass Spectrometry Based Biomarker Discovery Projects | 6: Effects of Long-Term Storage at −80 °C on the Human Plasma Metabolome | 7: Strategies to assess and optimize stability of endogenous amines during cerebrospinal fluid sampling | 8: Global Stability of Plasma Proteomes for Mass Spectrometry-Based Analyses * | 9: Decoding Cerebrospinal Fluid: Integrative Metabolomics Across Multiple Platforms | 10: Influence of Freezing and Storage Procedure on Human Urine Samples in NMR-Based Metabolomics,1: PMC6835587; doi:10.3390/metabo9100236 | 2: PMC9693613; doi:10.3390/metabo12111098 | 3: bio_6971918c74be; doi:10.1101/2025.04.09.647925 | 4: PMC13206734; doi:10.1016/j.isci.2026.115934 | 5: PMC2657648 | 6: PMC6572224; doi:10.3390/metabo9050099 | 7: PMC5838118; doi:10.1007/s11306-018-1333-0 | 8: PMC3433892; doi:10.1074/mcp.M111.014340 | 9: PMC12821578; doi:10.3390/mps9010008 | 10: PMC3901271; doi:10.3390/metabo3020243,Assessing the Pre-Analytical Stability of Small-Molecule Metabolites in Cerebrospinal Fluid Using Direct-Infusion Metabolomics,pmcid:PMC6835587,1,Assessing the Pre-Analytical Stability of Small-Molecule Metabolites in Cerebrospinal Fluid Using Direct-Infusion Metabolomics,PMC6835587,pmcid,1,1,1.0,s_922a2b21
Q023,Pre-centrifugation delay and transport,What was the median absolute percent difference when serum clotting time was extended from 30 to 120 minutes?,hyde,vector,"pmc,biorxiv,medrxiv,arxiv,abstracts_only","The median absolute percent difference in clotting time measurements between specimens processed within 30 minutes and those extended to 120 minutes post-collection was found to be 5.6%. Specimens were collected in sodium citrate tubes, with a processing delay of up to 90 minutes for the extended group. Clotting times were measured using an automated coagulation analyzer. No significant differences in clot stability were observed between the two groups, suggesting that extending the clotting time from 30 to 120 minutes did not substantially alter the accuracy of the measurements.",median | absolute | percent | difference | serum | clotting | time | extended | 120 | minutes,,"1: Assessment of Stability of Prothrombin Time, International Normalized Ratio, and Activated Partial Thromboplastin Time Under Different Storage Conditions in Human Plasma | 2: Evaluation of Citrated Plasma After Thawing for Routine Coagulation Testing | 3: Effects of storage time and temperature on coagulation tests and factors in fresh plasma | 4: Effects of preanalytical frozen storage time and temperature on screening coagulation tests and factors VIII and IX activity | 5: Thrombin-Accelerated Quick Clotting Serum Tubes: An Evaluation with 22 Common Biochemical Analytes | 6: Hemolyzed Samples Should be Processed for Coagulation Studies: The Study of Hemolysis Effects on Coagulation Parameters | 7: Determination of sample stability for a broad panel of coagulation parameters and factor assays on the Cobas t 711 analyzer starting from fresh-never-frozen plasma | 8: Assessment of the stability of 20 biochemical analytes in serum and whole blood samples after storage at nonstandard temperatures | 9: The effects of transport by pneumatic tube system on blood cell count, erythrocyte sedimentation and coagulation tests | 10: Storage stability of commonly used haematological parameters at 33 °C",1: PMC8842643; doi:10.7759/cureus.21268 | 2: PMC10326361; doi:10.7759/cureus.40023 | 3: PMC3902390; doi:10.1038/srep03868 | 4: PMC5610264; doi:10.1038/s41598-017-11777-x | 5: PMC3638693; doi:10.1155/2013/769479 | 6: PMC3991946; doi:10.4103/2141-9248.129049 | 7: PMC12003954; doi:10.3389/fmolb.2025.1491239 | 8: PMC12769415; doi:10.1016/j.plabm.2025.e00514 | 9: PMC3900063; doi:10.11613/BM.2013.024 | 10: PMC5898956; doi:10.11613/BM.2018.020901,Preanalytical Sample Handling Conditions and Their Effects on the Human Serum Metabolome in Epidemiologic Studies,pmcid:PMC8086237,1,,,,,0,0.0,s_a25f491a
Q024,Biospecimen quality control and SOPs,What matching practice was recommended for case-control serum metabolomics studies?,hyde,vector,"pmc,biorxiv,medrxiv,arxiv,abstracts_only","To address the analytical variability in case-control serum metabolomics studies, we employed a rigorous quality control (QC) protocol. QC samples were collected alongside each patient's serum and analyzed in parallel to ensure consistency across the study. Specimens were stored at −80°C within 24 hours of collection in tubes containing sodium fluoride and potassium oxalate to stabilize metabolites. Metabolomic profiling was performed using liquid chromatography-mass spectrometry (LC-MS) with positive and negative ion modes to capture a wide range of analytes. Principal component analysis (PCA) and partial least squares discriminant analysis (PLS-DA) were used for data visualization and statistical modeling, respectively. The results demonstrated that this QC approach effectively minimized batch effects and improved the reproducibility of metabolite measurements across different processing batches.",matching | practice | recommended | case-control | serum | metabolomics | studies,,"1: QC omics: Recommendations and Guidelines for Robust, Easily Implementable and Reportable Quality Control of Metabolomics Data | 2: Quality Control of Targeted Plasma Lipids in a Large-Scale Cohort Study Using Liquid Chromatography–Tandem Mass Spectrometry | 3: A Systematic Evaluation of Blood Serum and Plasma Pre-Analytics for Metabolomics Cohort Studies | 4: Guidelines and considerations for the use of system suitability and quality control samples in mass spectrometry assays applied in untargeted clinical metabolomic studies | 5: Targeted Metabolomics Identifies Reliable and Stable Metabolites in Human Serum and Plasma Samples | 6: An Overview of Pre-Analytical Factors Impacting Metabolomics Analyses of Blood Samples | 7: Establishment of Protocols for Global Metabolomics by LC-MS for Biomarker Discovery | 8: Impact of Prolonged Blood Incubation and Extended Serum Storage at Room Temperature on the Human Serum Metabolome | 9: Pre-Analytical Sample Quality: Metabolite Ratios as an Intrinsic Marker for Prolonged Room Temperature Exposure of Serum Samples | 10: Impact of Blood Collection Tubes and Sample Handling Time on Serum and Plasma Metabolome and Lipidome",1: PMC10809278; doi:10.1021/acs.analchem.3c03660 | 2: PMC10146188; doi:10.3390/metabo13040558 | 3: PMC5187835; doi:10.3390/ijms17122035 | 4: PMC5960010; doi:10.1007/s11306-018-1367-3 | 5: PMC3933650; doi:10.1371/journal.pone.0089728 | 6: PMC11433674; doi:10.3390/metabo14090474 | 7: PMC5006994; doi:10.1371/journal.pone.0160555 | 8: PMC5875996; doi:10.3390/metabo8010006 | 9: PMC4379062; doi:10.1371/journal.pone.0121495 | 10: PMC6316012; doi:10.3390/metabo8040088,Preanalytical Sample Handling Conditions and Their Effects on the Human Serum Metabolome in Epidemiologic Studies,pmcid:PMC8086237,1,,,,,0,0.0,s_ebf09e09
Q025,Pre-centrifugation delay and transport,What happened to several serum cytokine levels when blood was placed immediately on ice?,hyde,vector,"pmc,biorxiv,medrxiv,arxiv,abstracts_only","Serum samples were collected from patients and immediately placed on ice. Cytokine levels were measured using a multiplex immunoassay kit at baseline and after 24 hours of storage. Interleukin-6 (IL-6) concentrations decreased by 15% compared to the initial measurement, while tumor necrosis factor-alpha (TNF-α) showed no significant change over the same period. These results suggest that immediate cooling preserves IL-6 stability but may not have a similar effect on TNF-α levels in serum specimens.",happened | several | serum | cytokine | levels | blood | placed | immediately | ice,,1: Effects of blood sample handling procedures on measurable interleukin 6 in plasma and serum | 2: Impact of short-term storage of plasma samples on quantitation of ultra-low levels of interleukin-6 | 3: Impact of Delayed Centrifugation on Interleukin 6 Determination in Human Blood | 4: Multiplex Cytokine Concentration Measurement: How Much Do the Medium and Handling Matter? | 5: The holding temperature of blood during a delay to processing can affect serum and plasma protein measurements | 6: Effect of Repeated Freezing and Thawing on Biomarker Stability in Plasma and Serum Samples | 7: Evaluating the long-term biological stability of cytokine biomarkers in ocular fluid samples | 8: Pre-analytical sample handling effects on blood cytokine levels: quality control of a COVID-19 biobank | 9: Baseline Levels and Temporal Stability of 27 Multiplexed Serum Cytokine Concentrations in Healthy Subjects | 10: Rheumatoid Factor and Its Interference with Cytokine Measurements: Problems and Solutions,1: PMC6757116; doi:10.1002/jcla.22924 | 2: PMC8593303; doi:10.1177/03000605211056846 | 3: PMC12109806; doi:10.3390/diagnostics15101187 | 4: PMC3804442; doi:10.1155/2013/890706 | 5: PMC7985364; doi:10.1038/s41598-021-85052-5 | 6: PMC4700770; doi:10.1016/j.phrp.2015.11.005 | 7: PMC10729172; doi:10.1136/bmjophth-2023-001346 | 8: PMC8359910; doi:10.2217/bmm-2020-0770 | 9: PMC3861126; doi:10.1371/journal.pone.0076091 | 10: PMC3200114; doi:10.1155/2011/741071,The holding temperature of blood during a delay to processing can affect serum and plasma protein measurements,pmcid:PMC7985364,1,The holding temperature of blood during a delay to processing can affect serum and plasma protein measurements,PMC7985364,pmcid,5,1,0.2,s_d6a8af4c
Q026,Biospecimen quality control and SOPs,Could one universal blood-holding temperature be recommended during a processing delay?,hyde,vector,"pmc,biorxiv,medrxiv,arxiv,abstracts_only","During the study, whole blood samples were collected in EDTA-containing tubes and immediately placed on ice (2-8°C) upon collection. Specimens were allowed to sit at room temperature for up to 60 minutes before processing. The stability of analytes such as glucose, lactate dehydrogenase (LDH), and creatine kinase (CK) was assessed over this period. Results indicated that while some analytes maintained stable levels within the first 30 minutes, significant decreases in glucose concentration were observed after 45 minutes at room temperature. LDH and CK showed more variability but generally remained detectable up to 60 minutes. These findings suggest a universal holding temperature of 2-8°C should be recommended during processing delays to ensure consistent analyte stability across different specimens.",one | universal | blood-holding | temperature | recommended | processing | delay,,"1: Assessment of the stability of 20 biochemical analytes in serum and whole blood samples after storage at nonstandard temperatures | 2: Stability of pH, Blood Gas Partial Pressure, Hemoglobin Oxygen Saturation Fraction, and Lactate Concentration | 3: Effect of Sample Storage Temperature and Time Delay on Blood Gases, Bicarbonate and pH in Human Arterial Blood Samples | 4: How Long can we Store Blood Samples: A Systematic Review and Meta-Analysis | 5: Stability of 35 biochemical and immunological routine tests after 10 hours storage and transport of human whole blood at 21°C | 6: Stability studies of common biochemical analytes in serum separator tubes with or without gel barrier subjected to various storage conditions | 7: Temperature and time stability of whole blood lactate: implications for feasibility of pre-hospital measurement | 8: Stability of hematological analytes during 48 hours storage at three temperatures using Cell-Dyn hematology analyzer | 9: Time collection and storage conditions of lipid profile | 10: The effectiveness of cooling conditions on temperature of canine EDTA whole blood samples",1: PMC12769415; doi:10.1016/j.plabm.2025.e00514 | 2: PMC7295962; doi:10.3343/alm.2020.40.6.448 | 3: PMC4441774; doi:10.5812/ircmj.13577 | 4: PMC5652294; doi:10.1016/j.ebiom.2017.09.024 | 5: PMC4219582; doi:10.3109/00365513.2014.928940 | 6: PMC4062343 | 7: PMC3125345; doi:10.1186/1756-0500-4-169 | 8: PMC8199497; doi:10.5937/jomb0-27945 | 9: PMC5769759; doi:10.1590/1414-431X20176955 | 10: PMC5131627; doi:10.7717/peerj.2732,The holding temperature of blood during a delay to processing can affect serum and plasma protein measurements,pmcid:PMC7985364,1,,,,,0,0.0,s_2ab2bdb5
Q027,Pre-centrifugation delay and transport,How did reduced and oxidized glutathione concentrations change during a three-hour plasma-preparation delay?,hyde,vector,"pmc,biorxiv,medrxiv,arxiv,abstracts_only","During sample processing, plasma was isolated from whole blood collected in EDTA tubes. The samples were centrifuged at 2,000 g for 10 minutes within one hour of collection. A subset of the plasma specimens experienced a three-hour delay before analysis due to logistical constraints. Glutathione concentrations were measured using HPLC with fluorescence detection. Reduced glutathione (GSH) levels decreased by approximately 15% over the three-hour period, while oxidized glutathione (GSSG) increased by about 20%. These changes suggest that prolonged delays in plasma preparation can lead to alterations in redox status, potentially affecting the accuracy of GSH and GSSG measurements.",reduced | oxidized | glutathione | concentrations | change | three-hour | plasma-preparation | delay,,"1: Plasma glutathione status as indicator of pre-analytical centrifugation delay | 2: Blood Plasma Quality Control by Plasma Glutathione Status | 3: Measurement of S -glutathionylated proteins by HPLC | 4: Validation of a simplified procedure for convenient and rapid quantification of reduced and oxidized glutathione in human plasma by liquid chromatography tandem mass spectrometry analysis | 5: Measurement of Glutathione as a Tool for Oxidative Stress Studies by High Performance Liquid Chromatography | 6: Effect of Sample Volume Variation and Delay in Analysis on Plasma Glucose Concentration in Sri Lankan Healthy Adults | 7: Addressing Glutathione Redox Status in Clinical Samples by Two-Step Alkylation with N-ethylmaleimide Isotopologues | 8: Appropriate Handling, Processing and Analysis of Blood Samples Is Essential to Avoid Oxidation of Vitamin C to Dehydroascorbic Acid | 9: Ex-vivo changes in amino acid concentrations from blood stored at room temperature or on ice: implications for arginine and taurine measurements",1: bio_97060fe06e41; doi:10.1101/2020.12.09.417386 | 2: PMC8226592; doi:10.3390/antiox10060864 | 3: PMC9117368; doi:10.1007/s00726-021-03015-6 | 4: PMC7507186; doi:10.1002/bmc.4854 | 5: PMC7571047; doi:10.3390/molecules25184196 | 6: PMC7822684; doi:10.1155/2021/6061206 | 7: PMC7074022; doi:10.3390/metabo10020071 | 8: PMC5836019; doi:10.3390/antiox7020029 | 9: PMC2785822; doi:10.1186/1472-6890-9-10,Blood Plasma Quality Control by Plasma Glutathione Status,pmcid:PMC8226592,1,Blood Plasma Quality Control by Plasma Glutathione Status,PMC8226592,pmcid,2,1,0.5,s_03eae50b
Q028,Biospecimen quality control and SOPs,Which glutathione measurement was proposed as a readout of plasma-preparation duration?,hyde,vector,"pmc,biorxiv,medrxiv,arxiv,abstracts_only","Glutathione levels were measured in plasma samples collected in EDTA tubes and processed at room temperature. The study evaluated the stability of glutathione over varying durations from sample collection to analysis, ranging from 0 to 24 hours. A significant decrease in glutathione concentration was observed after 8 hours, suggesting that this time point could serve as a readout for optimal plasma preparation duration. Glutathione measurements at 8 hours post-collection showed the least deviation from baseline values, indicating potential utility as an indicator of proper sample handling and processing efficiency.",glutathione | measurement | proposed | readout | plasma-preparation | duration,,"1: Blood Plasma Quality Control by Plasma Glutathione Status | 2: Plasma glutathione status as indicator of pre-analytical centrifugation delay | 3: Validation of a simplified procedure for convenient and rapid quantification of reduced and oxidized glutathione in human plasma by liquid chromatography tandem mass spectrometry analysis | 4: An Artifact-Free Assay for the GSH/GSSG Ratio Adapted for Finger-Stick Blood Microvolumes: Simple, Sensitive, and Suitable for Any Laboratory | 5: Measurement of S -glutathionylated proteins by HPLC | 6: Addressing Glutathione Redox Status in Clinical Samples by Two-Step Alkylation with N-ethylmaleimide Isotopologues | 7: Measurement of Glutathione as a Tool for Oxidative Stress Studies by High Performance Liquid Chromatography | 8: Optimization of a diagnostic platform for oxidation–reduction potential (ORP) measurement in human plasma | 9: Capillary Blood GSH Level Monitoring, Using an Electrochemical Method Adapted for Micro Volumes",1: PMC8226592; doi:10.3390/antiox10060864 | 2: bio_da577f656cb6; doi:10.1101/2020.12.09.417386 | 3: PMC7507186; doi:10.1002/bmc.4854 | 4: PMC13113195; doi:10.3390/antiox15040483 | 5: PMC9117368; doi:10.1007/s00726-021-03015-6 | 6: PMC7074022; doi:10.3390/metabo10020071 | 7: PMC7571047; doi:10.3390/molecules25184196 | 8: PMC6748793; doi:10.1080/13510002.2018.1456000 | 9: PMC6222753; doi:10.3390/molecules23102504,Blood Plasma Quality Control by Plasma Glutathione Status,pmcid:PMC8226592,1,Blood Plasma Quality Control by Plasma Glutathione Status,PMC8226592,pmcid,1,1,1.0,s_fe4e98fc
Q029,Pre-centrifugation delay and transport,Which pre-analytical factors determine plasma or serum inosine and hypoxanthine levels?,hyde,vector,"pmc,biorxiv,medrxiv,arxiv,abstracts_only","To investigate the impact of pre-analytical factors on inosine and hypoxanthine levels, blood samples were collected into EDTA-containing tubes from 50 healthy volunteers. Specimens were immediately centrifuged at 3,000 rpm for 10 minutes to separate plasma, which was then stored at -80°C until analysis. A subset of specimens (n=20) underwent a delayed processing protocol where samples were left at room temperature for up to 4 hours before centrifugation and freezing. Inosine and hypoxanthine levels in both immediate and delayed processing groups were quantified using HPLC with UV detection. The results showed that while the initial levels of inosine and hypoxanthine did not differ significantly between the two groups, a delay in processing led to a 20% increase in hypoxanthine concentration but no significant change in inosine levels. These findings suggest that temperature and timing of centrifugation are critical factors affecting the stability of these purines in plasma.",pre-analytical | factors | determine | plasma | serum | inosine | hypoxanthine | levels,,"1: Inorganic Phosphorus and Potassium Are Putative Indicators of Delayed Separation of Whole Blood | 2: Effect of sample type, centrifugation and storage conditions on vitamin D concentration | 3: Effect of Delayed Centrifugation on the Levels of NMR-Measured Lipoproteins and Metabolites in Plasma and Serum Samples | 4: Reliable Determination of ATP and Its Metabolites by LC-MS Using Blood Collection Tubes with and without Ectonucleotidase Inhibitors | 5: Plasma glutathione status as indicator of pre-analytical centrifugation delay | 6: Effects of blood sample handling procedures on measurable interleukin 6 in plasma and serum | 7: Metabolite Ratios as Quality Indicators for Pre-Analytical Variation in Serum and EDTA Plasma | 8: Pre-analytical sample handling standardization for reliable measurement of metabolites and lipids in LC-MS-based clinical research | 9: Sample Management: Stability of Plasma and Serum on Different Storage Conditions",1: PMC4850501; doi:10.1016/j.phrp.2015.11.003 | 2: PMC3900071; doi:10.11613/BM.2013.039 | 3: PMC9753045; doi:10.1021/acs.analchem.2c02167 | 4: PMC12707265; doi:10.1021/acsptsci.5c00446 | 5: bio_da577f656cb6; doi:10.1101/2020.12.09.417386 | 6: PMC6757116; doi:10.1002/jcla.22924 | 7: PMC8465943; doi:10.3390/metabo11090638 | 8: PMC9975683; doi:10.1016/j.jmsacl.2023.02.002 | 9: PMC7109503,Discovery of Hypoxanthine and Inosine as Robust Biomarkers for Predicting the Preanalytical Quality of Human Plasma and Serum for Metabolomics,pmcid:PMC11670813,1,,,,,0,0.0,s_07659f5c
Q030,Biospecimen quality control and SOPs,Which metabolite level predicted whether whole blood had been kept at room temperature or on ice?,hyde,vector,"pmc,biorxiv,medrxiv,arxiv,abstracts_only","To determine the predictive value of metabolite levels in distinguishing between whole blood samples stored at room temperature versus those stored on ice, we measured lactate concentrations. Blood specimens were collected into EDTA-containing tubes and immediately processed for analysis. Samples from both groups were analyzed within 24 hours. Lactate levels significantly increased in the room temperature group compared to the ice-stored group (p < 0.05). These results indicate that elevated lactate levels can predict whether whole blood has been stored at room temperature rather than on ice, highlighting the importance of proper specimen handling and storage conditions.",metabolite | level | predicted | whole | blood | had | kept | room | temperature | ice,,"1: Effect of different pre-analytical conditions on plasma lactate concentration | 2: Temperature and time stability of whole blood lactate: implications for feasibility of pre-hospital measurement | 3: Plasma lactate measurement as an example of encountered gaps between routine clinical laboratory processes and manufactures' sample-handling instructions | 4: Impact of Prolonged Blood Incubation and Extended Serum Storage at Room Temperature on the Human Serum Metabolome | 5: LacaScore: a novel plasma sample quality control tool based on ascorbic acid and lactic acid levels | 6: Pre-Analytical Sample Quality: Metabolite Ratios as an Intrinsic Marker for Prolonged Room Temperature Exposure of Serum Samples | 7: Preanalytical (Mis)Handling of Plasma Investigated by 1 H NMR Metabolomics | 8: Stability of pH, Blood Gas Partial Pressure, Hemoglobin Oxygen Saturation Fraction, and Lactate Concentration | 9: Inorganic Phosphorus and Potassium Are Putative Indicators of Delayed Separation of Whole Blood | 10: Impact of Blood Collection Tubes and Sample Handling Time on Serum and Plasma Metabolome and Lipidome",1: PMC5898961; doi:10.11613/BM.2018.020701 | 2: PMC3125345; doi:10.1186/1756-0500-4-169 | 3: PMC6223191; doi:10.1016/j.plabm.2018.e00109 | 4: PMC5875996; doi:10.3390/metabo8010006 | 5: PMC4848344; doi:10.1007/s11306-016-1038-1 | 6: PMC4379062; doi:10.1371/journal.pone.0121495 | 7: PMC11635485; doi:10.1021/acsomega.4c08215 | 8: PMC7295962; doi:10.3343/alm.2020.40.6.448 | 9: PMC4850501; doi:10.1016/j.phrp.2015.11.003 | 10: PMC6316012; doi:10.3390/metabo8040088,Discovery of Hypoxanthine and Inosine as Robust Biomarkers for Predicting the Preanalytical Quality of Human Plasma and Serum for Metabolomics,pmcid:PMC11670813,1,,,,,0,0.0,s_225c0043
Q031,Biospecimen quality control and SOPs,"When should biorepository SOPs for biospecimen collection, processing, storage, and shipping be defined during clinical-trial planning?",hyde,vector,"pmc,biorxiv,medrxiv,arxiv,abstracts_only","During clinical trial planning, it is crucial to define the standard operating procedures (SOPs) for biospecimen collection, processing, storage, and shipping early in the study design phase. This ensures that all steps are aligned with regulatory requirements and research objectives. For instance, blood specimens should be collected using EDTA tubes within 30 minutes of venipuncture to prevent hemolysis. Specimens must then be processed within 24 hours at 4°C to maintain integrity. Detailed SOPs for specimen handling, including temperature control during transport, are essential to ensure the stability and quality of analytes such as cytokines over a duration of up to 7 days. Early definition of these procedures helps in minimizing variability and enhancing the reliability of biospecimen data throughout the clinical trial.",biorepository | sops | biospecimen | collection | processing | storage | shipping | defined | clinical-trial | planning,,"1: Shipping blood to a central laboratory in multicenter clinical trials: effect of ambient temperature on specimen temperature, and effects of temperature on mononuclear cell yield, viability and immunologic function | 2: Prerequisites for cytokine measurements in clinical trials with multiplex immunoassays | 3: Preanalytical protocol for fresh solid tumor biospecimens | 4: Effects of Blood Transportation on Human Peripheral Mononuclear Cell Yield, Phenotype and Function: Implications for Immune Cell Biobanking | 5: Effects of blood sample handling procedures on measurable interleukin 6 in plasma and serum | 6: Standard operating procedures for biobank in oncology | 7: Establishment of preanalytical conditions for microRNA profile analysis of clinical plasma samples | 8: Stability of Circulating Blood-Based MicroRNAs – Pre-Analytic Methodological Considerations | 9: Effects of storage temperature, storage time, and hemolysis on the RNA quality of blood specimens: A systematic quantitative assessment | 10: Impact of sample processing delays on plasma markers of inflammation, chemotaxis, cell death, and blood coagulation",1: PMC3063218; doi:10.1186/1479-5876-9-26 | 2: PMC2761376; doi:10.1186/1471-2172-10-52 | 3: PMC10862947; doi:10.21203/rs.3.rs-3911742/v1 | 4: PMC4277394; doi:10.1371/journal.pone.0115920 | 5: PMC6757116; doi:10.1002/jcla.22924 | 6: PMC9459387; doi:10.3389/fmolb.2022.967310 | 7: PMC9750036; doi:10.1371/journal.pone.0278927 | 8: PMC5289450; doi:10.1371/journal.pone.0167969 | 9: PMC10227325; doi:10.1016/j.heliyon.2023.e16234 | 10: PMC11527306; doi:10.1371/journal.pone.0311921,Standard Operating Procedures for Serum and Plasma Collection: Early Detection Research Network Consensus Statement Standard Operating Procedure Integration Working Group,pmcid:PMC2655764,1,,,,,0,0.0,s_e5abd69a
Q032,Biospecimen quality control and SOPs,Which procedures should be matched between cases and controls to reduce biospecimen handling bias?,hyde,vector,"pmc,biorxiv,medrxiv,arxiv,abstracts_only","To minimize biospecimen handling bias, we matched cases and controls by ensuring identical processing protocols. Specimens were collected in EDTA tubes and processed within 30 minutes of collection. Both groups were stored at 4°C until analysis, with a maximum delay of 24 hours to maintain analyte stability. This approach ensured that any differences observed between the groups could be attributed to the disease state rather than handling variability.",procedures | matched | cases | controls | reduce | biospecimen | handling | bias,,1: The holding temperature of blood during a delay to processing can affect serum and plasma protein measurements | 2: Pre-analytical processing of plasma and serum samples for combined proteome and metabolome analysis | 3: Effects of blood sample handling procedures on measurable interleukin 6 in plasma and serum | 4: Establishment of preanalytical conditions for microRNA profile analysis of clinical plasma samples | 5: The Effect of Pre-Analytical Variability on the Measurement of MRM-MS-Based Mid- to High-Abundance Plasma Protein Biomarkers and a Panel of Cytokines | 6: Assessing the Preanalytical Variability of Plasma and Cerebrospinal Fluid Processing and Its Effects on Inflammation-Related Protein Biomarkers | 7: Preanalytical sample handling recommendations for Alzheimer's disease plasma biomarkers | 8: Reduction of Systematic Bias in Transcriptome Data from Human Peripheral Blood Mononuclear Cells for Transportation and Biobanking | 9: Impact of Freeze-thaw Cycles and Storage Time on Plasma Samples Used in Mass Spectrometry Based Biomarker Discovery Projects,1: PMC7985364; doi:10.1038/s41598-021-85052-5 | 2: PMC9808085; doi:10.3389/fmolb.2022.961448 | 3: PMC6757116; doi:10.1002/jcla.22924 | 4: PMC9750036; doi:10.1371/journal.pone.0278927 | 5: PMC3368926; doi:10.1371/journal.pone.0038290 | 6: PMC8554621; doi:10.1016/j.mcpro.2021.100157 | 7: PMC6446057; doi:10.1016/j.dadm.2019.02.002 | 8: PMC4125218; doi:10.1371/journal.pone.0104283 | 9: PMC2657648,Standard Operating Procedures for Serum and Plasma Collection: Early Detection Research Network Consensus Statement Standard Operating Procedure Integration Working Group,pmcid:PMC2655764,1,,,,,0,0.0,s_2af162d5
Q033,Pre-centrifugation delay and transport,What snap-freezing target was suggested when tissue-specific warm-ischemia data are unavailable?,hyde,vector,"pmc,biorxiv,medrxiv,arxiv,abstracts_only","Snap-freezing of tissues was recommended as an alternative when specific warm-ischemia data were not available. Tissue samples were collected in RNA stabilization solution and immediately snap-frozen upon removal from the patient, ensuring minimal handling delay. This method minimized post-collection temperature fluctuations to ≤10°C within 5 minutes of tissue excision. Snap-freezing was found to preserve mRNA integrity effectively, with no significant degradation observed compared to tissues processed under optimal warm-ischemia conditions.",snap-freezing | target | suggested | tissue-specific | warm-ischemia | data | unavailable,,"1: Effects of Delay in the Snap Freezing of Colorectal Cancer Tissues on the Quality of DNA and RNA | 2: Formalin Fixation at Low Temperature Better Preserves Nucleic Acid Integrity | 3: Impact of Delay to Cryopreservation on RNA Integrity and Genome-Wide Expression Profiles in Resected Tumor Samples | 4: Method Optimization for Extracting High-Quality RNA From the Human Pancreas Tissue 1 2 | 5: Assessing the quality of RNA isolated from human breast tissue after ambient room temperature exposure | 6: Validation of a Novel, Flash‐Freezing Method: Aluminum Platform | 7: Pre-Analytical Determination of the Effect of Extended Warm or Cold Ischaemia on RNA Stability in the Human Ileum Mucosa | 8: Isolated total RNA and protein are preserved after thawing for more than twenty-four hours | 9: Impact of Cold Ischemic Time and Freeze-Thaw Cycles on RNA, DNA and Protein Quality in Colorectal Cancer Tissues Biobanking | 10: Effects of ex vivo ischemia time and delayed processing on quality of specimens in tissue biobank",1: PMC2998017; doi:10.3393/jksc.2010.26.5.316 | 2: PMC3115967; doi:10.1371/journal.pone.0021043 | 3: PMC3835918; doi:10.1371/journal.pone.0079826 | 4: PMC6060079; doi:10.1016/j.tranon.2018.04.004 | 5: PMC8765617; doi:10.1371/journal.pone.0262654 | 6: PMC7757392; doi:10.1002/cpet.46 | 7: PMC4570714; doi:10.1371/journal.pone.0138214 | 8: PMC3297035; doi:10.6061/clinics/2012(03)09 | 9: PMC6775519; doi:10.7150/jca.29372 | 10: PMC7533433; doi:10.3892/mmr.2020.11503,"The procurement, storage, and quality assurance of frozen blood and tissue biospecimens in pathology, biorepository, and biobank settings",pmcid:PMC3982909,1,,,,,0,0.0,s_ed268309
Q034,Storage temperature and duration,When can RNA degradation become evident in tissue stored at −80°C?,hyde,vector,"pmc,biorxiv,medrxiv,arxiv,abstracts_only","RNA integrity in frozen tissue samples stored at −80°C was assessed over time. Degradation became evident after a processing delay of more than 24 hours, with significant fragmentation observed by Day 30 post-collection. The use of QIAamp RNA Micro Kits for total RNA extraction from specimens collected in RLT Plus Lysis Buffer and stored in QIAzol Lysis Reagent minimized degradation, maintaining acceptable RNA quality for up to 90 days. However, samples processed later than 24 hours showed a marked decrease in RNA yield and integrity, indicating that timely processing is crucial to preserve RNA stability at −80°C.",rna | degradation | become | evident | tissue | stored,,"1: Effects of Delay in the Snap Freezing of Colorectal Cancer Tissues on the Quality of DNA and RNA | 2: The Interference of RNA Preservative and Post-Collection Interval on RNA Integrity from Different Mice Tissues | 3: Isolated total RNA and protein are preserved after thawing for more than twenty-four hours | 4: Assessing the quality of RNA isolated from human breast tissue after ambient room temperature exposure | 5: Formalin Fixation at Low Temperature Better Preserves Nucleic Acid Integrity | 6: Optimizing RNA quality in cryopreserved tissues without preservatives: impact of preservatives, thawing methods and tissue aliquot sizes | 7: Method Optimization for Extracting High-Quality RNA From the Human Pancreas Tissue 1 2 | 8: Determinants of RNA Quality from FFPE Samples | 9: Effects of ex vivo ischemia time and delayed processing on quality of specimens in tissue biobank | 10: Impact of Cold Ischemic Time and Freeze-Thaw Cycles on RNA, DNA and Protein Quality in Colorectal Cancer Tissues Biobanking",1: PMC2998017; doi:10.3393/jksc.2010.26.5.316 | 2: PMC12732537; doi:10.3390/genes16121421 | 3: PMC3297035; doi:10.6061/clinics/2012(03)09 | 4: PMC8765617; doi:10.1371/journal.pone.0262654 | 5: PMC3115967; doi:10.1371/journal.pone.0021043 | 6: PMC12584263; doi:10.1186/s12896-025-01059-0 | 7: PMC6060079; doi:10.1016/j.tranon.2018.04.004 | 8: PMC2092395; doi:10.1371/journal.pone.0001261 | 9: PMC7533433; doi:10.3892/mmr.2020.11503 | 10: PMC6775519; doi:10.7150/jca.29372,"The procurement, storage, and quality assurance of frozen blood and tissue biospecimens in pathology, biorepository, and biobank settings",pmcid:PMC3982909,1,,,,,0,0.0,s_cc31e27b
Q035,Biospecimen quality control and SOPs,What diagnostic performance did the serum HG and HI ratios achieve for identifying time-to-centrifugation longer than one hour?,hyde,vector,"pmc,biorxiv,medrxiv,arxiv,abstracts_only","The diagnostic performance of serum high glucose (HG) and high insulin (HI) ratios was evaluated in specimens collected in EDTA tubes. Specimens were allowed to sit at room temperature for varying durations, with a focus on those exceeding one hour before centrifugation. The results showed that the HG/HI ratio had an area under the ROC curve (AUC) of 0.85, indicating good discriminatory power. Sensitivity was 92% and specificity was 78%, effectively identifying samples where time-to-centrifugation exceeded one hour. These findings suggest that monitoring serum HG/HI ratios could be a useful tool in clinical settings to ensure proper specimen handling.",diagnostic | performance | serum | ratios | achieve | identifying | time-to | centrifugation | longer | one | hour,,1: Efficacy and Clinical Utility of Sodium Fluoride Tubes Versus Serum Tubes for Blood Glucose Estimation | 2: Impact of time from blood specimens collection to centrifugation on the diagnosis of gestational diabetes mellitus | 3: A Significantly Higher Glucose Concentration in Plasma Collected with Glycolytic Inhibitors than in Serum: Impact of Insulin Resistance | 4: A Potential Issue with Screening Prediabetes or Diabetes Using Serum Glucose: A Delay in Diagnosis | 5: Strict Preanalytical Oral Glucose Tolerance Test Blood Sample Handling Is Essential for Diagnosing Gestational Diabetes Mellitus | 6: Comparison of pre-analytical properties of blood collection systems for the diagnosis of diabetes mellitus | 7: A simple formula to correct for the effects of storage time and temperature on the insulin concentration | 8: Impact of Blood Sample Collection and Processing Methods on Glucose Levels in Community Outreach Studies | 9: EDTA tubes are suitable for insulin and C-peptide measurement in resource-limited settings and can be stored at room temperature for up to 24 hours | 10: EDTA Improves Stability of Whole Blood C-Peptide and Insulin to Over 24 Hours at Room Temperature,1: PMC11604175; doi:10.7759/cureus.72641 | 2: PMC11727059; doi:10.1080/07853890.2025.2452352 | 3: PMC12986600; doi:10.3390/nu18050813 | 4: PMC5069398; doi:10.4093/dmj.2016.40.5.414 | 5: PMC7305001; doi:10.2337/dc20-0304 | 6: PMC13142015; doi:10.1016/j.plabm.2026.e00534 | 7: PMC7370719; doi:10.1002/jcla.23255 | 8: PMC3556871; doi:10.1155/2013/256151 | 9: PMC12208407; doi:10.1371/journal.pone.0312065 | 10: PMC3408407; doi:10.1371/journal.pone.0042084,Metabolite Ratios as Quality Indicators for Pre-Analytical Variation in Serum and EDTA Plasma,pmcid:PMC8465943,1,,,,,0,0.0,s_21399f79
Q036,Biospecimen quality control and SOPs,Which eicosanoids were identified as quality indicators for a pre-centrifugation delay longer than two hours?,hyde,vector,"pmc,biorxiv,medrxiv,arxiv,abstracts_only","Eicosanoids PGD2 and TXB2 were identified as potential quality indicators in this study. Specimens were collected in PAXgene Blood RNA tubes, with blood drawn from healthy volunteers and allowed to sit at room temperature (approximately 22°C) for up to six hours before processing. The levels of eicosanoids were quantified using liquid chromatography-tandem mass spectrometry (LC-MS/MS). While PGD2 showed minimal degradation over the delay period, TXB2 concentrations significantly decreased after four hours, indicating its potential as a quality indicator for samples with delays longer than two hours. These findings suggest that monitoring TXB2 levels could help ensure sample integrity in scenarios where centrifugation cannot be performed promptly post-collection.",eicosanoids | identified | quality | indicators | pre-centrifugation | delay | longer | two | hours,,"1: Stability of thromboxane in blood samples | 2: Stability of the thromboxane B 2 biomarker of low-dose aspirin pharmacodynamics in human whole blood and in long-term stored serum samples | 3: Metabolite Ratios as Quality Indicators for Pre-Analytical Variation in Serum and EDTA Plasma | 4: Pre-Analytical Sample Quality: Metabolite Ratios as an Intrinsic Marker for Prolonged Room Temperature Exposure of Serum Samples | 5: Prostanoid Metabolites as Biomarkers in Human Disease | 6: Biomarkers for Monitoring Pre-Analytical Quality Variation of mRNA in Blood Samples | 7: Pre-analytical sample handling standardization for reliable measurement of metabolites and lipids in LC-MS-based clinical research | 8: Effects of storage temperature, storage time, and hemolysis on the RNA quality of blood specimens: A systematic quantitative assessment | 9: SPIDIA-RNA: Second External Quality Assessment for the Pre-Analytical Phase of Blood Samples Used for RNA Based Analyses | 10: Stabilization of Cellular RNA in Blood During Storage at Room Temperature: A Comparison of Cell-Free RNA BCT ® with K3EDTA Tubes",1: PMC6556106; doi:10.2147/VHRM.S204925 | 2: PMC11652867; doi:10.1016/j.rpth.2024.102623 | 3: PMC8465943; doi:10.3390/metabo11090638 | 4: PMC4379062; doi:10.1371/journal.pone.0121495 | 5: PMC9414732; doi:10.3390/metabo12080721 | 6: PMC4219744; doi:10.1371/journal.pone.0111644 | 7: PMC9975683; doi:10.1016/j.jmsacl.2023.02.002 | 8: PMC10227325; doi:10.1016/j.heliyon.2023.e16234 | 9: PMC4226503; doi:10.1371/journal.pone.0112293 | 10: PMC4245490; doi:10.1007/s40291-014-0118-z,Metabolite Ratios as Quality Indicators for Pre-Analytical Variation in Serum and EDTA Plasma,pmcid:PMC8465943,1,Metabolite Ratios as Quality Indicators for Pre-Analytical Variation in Serum and EDTA Plasma,PMC8465943,pmcid,3,1,0.3333,s_50135705
Q037,Pre-centrifugation delay and transport,How long were EDTA blood tubes held at 4°C or room temperature before plasma isolation in the time-course study?,hyde,vector,"pmc,biorxiv,medrxiv,arxiv,abstracts_only","In this time-course study, EDTA blood tubes were collected and immediately placed into a refrigerator maintained at 4°C. A subset of samples was also stored at room temperature (21-25°C). Plasma was isolated from these specimens at various time points: 0 hours, 6 hours, 12 hours, 24 hours, and 48 hours post-collection. The results indicated that plasma isolation could be successfully performed up to 24 hours after collection for both temperature conditions, with no significant differences in analyte stability observed between the two storage temperatures.",long | edta | blood | tubes | held | room | temperature | plasma | isolation | time-course | study,,"1: Time collection and storage conditions of lipid profile | 2: Effect of sample type, centrifugation and storage conditions on vitamin D concentration | 3: Assessment of the stability of 20 biochemical analytes in serum and whole blood samples after storage at nonstandard temperatures | 4: EDTA Improves Stability of Whole Blood C-Peptide and Insulin to Over 24 Hours at Room Temperature | 5: Sample Management: Stability of Plasma and Serum on Different Storage Conditions | 6: Stability and validity of intact parathyroid hormone levels in different sample types and storage conditions | 7: Global Stability of Plasma Proteomes for Mass Spectrometry-Based Analyses * | 8: Stability of hematological analytes during 48 hours storage at three temperatures using Cell-Dyn hematology analyzer | 9: Effect of storage time on the stability of selected blood gases, electrolytes, and metabolite concentrations in dairy cattle whole blood and plasma | 10: How Long can we Store Blood Samples: A Systematic Review and Meta-Analysis",1: PMC5769759; doi:10.1590/1414-431X20176955 | 2: PMC3900071; doi:10.11613/BM.2013.039 | 3: PMC12769415; doi:10.1016/j.plabm.2025.e00514 | 4: PMC3408407; doi:10.1371/journal.pone.0042084 | 5: PMC7109503 | 6: PMC8183913; doi:10.1002/jcla.23771 | 7: PMC3433892; doi:10.1074/mcp.M111.014340 | 8: PMC8199497; doi:10.5937/jomb0-27945 | 9: PMC12926065; doi:10.3168/jdsc.2025-0908 | 10: PMC5652294; doi:10.1016/j.ebiom.2017.09.024,Global Stability of Plasma Proteomes for Mass Spectrometry-Based Analyses,pmcid:PMC3433892,1,Global Stability of Plasma Proteomes for Mass Spectrometry-Based Analyses *,PMC3433892,pmcid,7,1,0.1429,s_db25c3b7
Q038,Biospecimen quality control and SOPs,Which pathways accounted for the small number of plasma proteins affected by ex-vivo proteolysis during variable processing?,hyde,vector,"pmc,biorxiv,medrxiv,arxiv,abstracts_only","To investigate the impact of ex-vivo proteolysis on plasma proteins, we analyzed a subset of samples collected in PAXgene Blood RNA Tubes. The specimens were processed at room temperature with varying delays ranging from 0 to 4 hours post-collection. Our results revealed that only three specific pathways—namely, the complement system (12 out of 36 affected proteins), the coagulation cascade (8 out of 36 affected proteins), and the fibrinolysis pathway (6 out of 36 affected proteins)—were significantly impacted by the processing delay. These findings suggest that while many plasma proteins remained stable, these pathways were more susceptible to proteolytic degradation under the tested conditions.",pathways | accounted | small | number | plasma | proteins | affected | ex-vivo | proteolysis | variable | processing,,"1: Global Stability of Plasma Proteomes for Mass Spectrometry-Based Analyses * | 2: Plasma degradome affected by variable storage of human blood | 3: The proteins cleaved by endogenous tryptic proteases in normal EDTA plasma by C18 collection of peptides for liquid chromatography micro electrospray ionization and tandem mass spectrometry | 4: Variable blood processing procedures contribute to plasma proteomic variability | 5: Multiple Reaction Monitoring-Mass Spectrometry Enables Robust Quantitation of Plasma Proteins Regardless of Whole Blood Processing Delays That May Occur in the Clinic | 6: Pre-analytical stability of the plasma proteomes based on the storage temperature | 7: Freeze-dried plasma proteins are stable at room temperature for at least 1 year | 8: The Effect of Pre-Analytical Variability on the Measurement of MRM-MS-Based Mid- to High-Abundance Plasma Protein Biomarkers and a Panel of Cytokines | 9: An analysis of the impact of pre‐analytical factors on the urine proteome: Sample processing time, temperature, and proteolysis | 10: Pre-analytical processing of plasma and serum samples for combined proteome and metabolome analysis",1: PMC3433892; doi:10.1074/mcp.M111.014340 | 2: PMC5037888; doi:10.1186/s12014-016-9126-9 | 3: PMC5712186; doi:10.1186/s12014-017-9174-9 | 4: PMC7816468; doi:10.1186/s12014-021-09311-3 | 5: PMC9062485; doi:10.1016/j.mcpro.2022.100212 | 6: PMC3658880; doi:10.1186/1477-5956-11-10 | 7: PMC5659006; doi:10.1186/s12014-017-9170-0 | 8: PMC3368926; doi:10.1371/journal.pone.0038290 | 9: PMC4964914; doi:10.1002/prca.201400079 | 10: PMC9808085; doi:10.3389/fmolb.2022.961448,Global Stability of Plasma Proteomes for Mass Spectrometry-Based Analyses,pmcid:PMC3433892,1,Global Stability of Plasma Proteomes for Mass Spectrometry-Based Analyses *,PMC3433892,pmcid,1,1,1.0,s_2868637f
Q039,Pre-centrifugation delay and transport,Which room-temperature delays before centrifugation were tested for blood and cerebrospinal fluid?,hyde,vector,"pmc,biorxiv,medrxiv,arxiv,abstracts_only","Room-temperature delays of up to 4 hours were evaluated for both blood and cerebrospinal fluid (CSF) specimens. Blood samples were collected in EDTA-containing tubes, while CSF was obtained using sterile tubes. The processing delay ranged from 0 to 4 hours at room temperature (21°C). No significant differences in analyte stability were observed between the 0-hour and 4-hour delays for both blood glucose (BG) and lactate dehydrogenase (LDH) levels in CSF, indicating that a 4-hour delay did not compromise the integrity of these biomarkers.",room-temperature | delays | centrifugation | tested | blood | cerebrospinal | fluid,,"1: Stability of pH, Blood Gas Partial Pressure, Hemoglobin Oxygen Saturation Fraction, and Lactate Concentration | 2: Effect of sample processing and time delay on cell count and chemistry tests in cerebrospinal fluid collected from drainage systems | 3: Assessment of the stability of 20 biochemical analytes in serum and whole blood samples after storage at nonstandard temperatures | 4: Long-term stability of clinically relevant chemistry analytes in pleural and peritoneal fluid | 5: Stability studies of common biochemical analytes in serum separator tubes with or without gel barrier subjected to various storage conditions | 6: Collection of cerebrospinal fluid into EDTA versus plain tubes does not affect the standard analysis in dogs | 7: Plasma lactate measurement as an example of encountered gaps between routine clinical laboratory processes and manufactures' sample-handling instructions | 8: Elecsys CSF AD immunoassays: Sample stability for a new pre‐analytical protocol for fresh CSF | 9: Time collection and storage conditions of lipid profile | 10: Stability of 35 biochemical and immunological routine tests after 10 hours storage and transport of human whole blood at 21°C",1: PMC7295962; doi:10.3343/alm.2020.40.6.448 | 2: PMC6214696; doi:10.11613/BM.2018.030705 | 3: PMC12769415; doi:10.1016/j.plabm.2025.e00514 | 4: PMC7138007; doi:10.11613/BM.2020.020701 | 5: PMC4062343 | 6: PMC6503347; doi:10.1186/s13028-019-0457-1 | 7: PMC6223191; doi:10.1016/j.plabm.2018.e00109 | 8: PMC12531901; doi:10.1002/alz.70797 | 9: PMC5769759; doi:10.1590/1414-431X20176955 | 10: PMC4219582; doi:10.3109/00365513.2014.928940,Assessing the Preanalytical Variability of Plasma and Cerebrospinal Fluid Processing and Its Effects on Inflammation-Related Protein Biomarkers,pmcid:PMC8554621,1,,,,,0,0.0,s_ea930a68
Q040,Pre-centrifugation delay and transport,Which plasma proteins increased twofold to tenfold after a 24-hour room-temperature processing delay?,hyde,vector,"pmc,biorxiv,medrxiv,arxiv,abstracts_only","To investigate the impact of a 24-hour room-temperature processing delay on plasma protein levels, we analyzed samples collected in PAXgene Blood RNA Tubes. Among the 150 identified proteins, 13 showed significant increases ranging from twofold to tenfold compared to those processed within two hours at the same temperature. Notably, albumin and fibrinogen exhibited a fivefold increase, while apolipoprotein A-I and C-reactive protein demonstrated a tenfold rise. These findings suggest that prolonged room-temperature storage can substantially alter plasma proteome stability, potentially affecting diagnostic accuracy in clinical settings.",plasma | proteins | increased | twofold | tenfold | 24-hour | room-temperature | processing | delay,,1: Global Stability of Plasma Proteomes for Mass Spectrometry-Based Analyses * | 2: Pre-analytical stability of the plasma proteomes based on the storage temperature | 3: Variable blood processing procedures contribute to plasma proteomic variability | 4: Multiple Reaction Monitoring-Mass Spectrometry Enables Robust Quantitation of Plasma Proteins Regardless of Whole Blood Processing Delays That May Occur in the Clinic | 5: Plasma degradome affected by variable storage of human blood | 6: The Effect of Pre-Analytical Variability on the Measurement of MRM-MS-Based Mid- to High-Abundance Plasma Protein Biomarkers and a Panel of Cytokines | 7: Impact of Freeze-thaw Cycles and Storage Time on Plasma Samples Used in Mass Spectrometry Based Biomarker Discovery Projects | 8: Impact of Single Freeze-Thaw Cycles on Serum Protein Stability: Implications for Clinical Biomarker Validation Using Mass Spectrometry | 9: Impact of single freeze-thaw cycles on human serum proteins: Implications for mass spectrometry biomarker validation | 10: Optimization and Standardization of Thermal Treatment as a Plasma Prefractionation Method for Proteomic Analysis,1: PMC3433892; doi:10.1074/mcp.M111.014340 | 2: PMC3658880; doi:10.1186/1477-5956-11-10 | 3: PMC7816468; doi:10.1186/s12014-021-09311-3 | 4: PMC9062485; doi:10.1016/j.mcpro.2022.100212 | 5: PMC5037888; doi:10.1186/s12014-016-9126-9 | 6: PMC3368926; doi:10.1371/journal.pone.0038290 | 7: PMC2657648 | 8: bio_6971918c74be; doi:10.1101/2025.04.09.647925 | 9: PMC13206734; doi:10.1016/j.isci.2026.115934 | 10: PMC6515177; doi:10.1155/2019/8646039,Assessing the Preanalytical Variability of Plasma and Cerebrospinal Fluid Processing and Its Effects on Inflammation-Related Protein Biomarkers,pmcid:PMC8554621,1,,,,,0,0.0,s_3c51e223
Q041,Freeze-thaw and frozen storage,Which circulating proteins remained stable in plasma and serum through five freeze-thaw cycles?,hyde,vector,"pmc,biorxiv,medrxiv,arxiv,abstracts_only","To assess protein stability, we performed five consecutive freeze-thaw cycles on both plasma and serum samples collected in EDTA and citrate tubes, respectively. Plasma samples were stored at −80°C, while serum was kept at 4°C. After each cycle, the levels of albumin, apolipoprotein A1 (apoA1), and C-reactive protein (CRP) were quantified using ELISA kits. Our results showed that albumin and apoA1 remained stable in both plasma and serum throughout all cycles, with minimal changes in their concentrations. CRP, however, exhibited a significant decrease after the third cycle in both matrices, indicating reduced stability. These findings suggest that albumin and apoA1 are suitable markers for repeated freeze-thaw conditions, whereas CRP requires more stable storage conditions to maintain its integrity.",circulating | proteins | remained | stable | plasma | serum | through | five | freeze-thaw | cycles,,1: Effect of Repeated Freezing and Thawing on Biomarker Stability in Plasma and Serum Samples | 2: The effect of storage time and freeze-thaw cycles on the stability of serum samples | 3: Impact of Single Freeze-Thaw Cycles on Serum Protein Stability: Implications for Clinical Biomarker Validation Using Mass Spectrometry | 4: Global Stability of Plasma Proteomes for Mass Spectrometry-Based Analyses * | 5: In vitro Stability of Heat Shock Protein 27 in Serum and Plasma Under Different Pre-analytical Conditions: Implications for Large-Scale Clinical Studies | 6: Pre-analytical stability of the plasma proteomes based on the storage temperature | 7: Impact of Freeze-thaw Cycles and Storage Time on Plasma Samples Used in Mass Spectrometry Based Biomarker Discovery Projects | 8: Impact of single freeze-thaw cycles on human serum proteins: Implications for mass spectrometry biomarker validation | 9: Clinical Study Support by Long-Term Stability Studies of Alpha 1 -Proteinase Inhibitor and Urea in Relevant Biological Matrices | 10: Multimeric Stability of Human C-reactive Protein in Archived Specimens,1: PMC4700770; doi:10.1016/j.phrp.2015.11.005 | 2: PMC3900085; doi:10.11613/BM.2013.009 | 3: bio_6971918c74be; doi:10.1101/2025.04.09.647925 | 4: PMC3433892; doi:10.1074/mcp.M111.014340 | 5: PMC4855055; doi:10.3343/alm.2016.36.4.353 | 6: PMC3658880; doi:10.1186/1477-5956-11-10 | 7: PMC2657648 | 8: PMC13206734; doi:10.1016/j.isci.2026.115934 | 9: PMC12030187; doi:10.3390/ph18040572 | 10: PMC3597618; doi:10.1371/journal.pone.0058094,Effect of Repeated Freezing and Thawing on Biomarker Stability in Plasma and Serum Samples,pmcid:PMC4700770; pmid:26835245; doi:10.1016/j.phrp.2015.11.005,1,Effect of Repeated Freezing and Thawing on Biomarker Stability in Plasma and Serum Samples,PMC4700770,pmcid,1,1,1.0,s_2e2ca93a
Q042,Freeze-thaw and frozen storage,Which circulating proteins changed significantly in both plasma and serum after repeated freeze-thaw cycles?,hyde,vector,"pmc,biorxiv,medrxiv,arxiv,abstracts_only","To investigate the impact of repeated freeze-thaw cycles on circulating protein stability, we analyzed plasma and serum samples from the same individuals. Plasma and serum were collected into EDTA tubes and stored at −80°C for 24 hours before undergoing three freeze-thaw cycles. Proteomic analysis revealed significant changes in several proteins after these cycles. Specifically, levels of apolipoprotein A-I (apoA-I) decreased by 35% in plasma, while serum concentrations of von Willebrand factor (vWF) increased by 20%. These findings suggest that repeated freeze-thaw cycles can alter the stability and concentration of circulating proteins, particularly apoA-I and vWF.",circulating | proteins | changed | significantly | both | plasma | serum | repeated | freeze-thaw | cycles,,1: Impact of single freeze-thaw cycles on human serum proteins: Implications for mass spectrometry biomarker validation | 2: Global Stability of Plasma Proteomes for Mass Spectrometry-Based Analyses * | 3: Impact of Single Freeze-Thaw Cycles on Serum Protein Stability: Implications for Clinical Biomarker Validation Using Mass Spectrometry | 4: Impact of Freeze-thaw Cycles and Storage Time on Plasma Samples Used in Mass Spectrometry Based Biomarker Discovery Projects | 5: Effect of Repeated Freezing and Thawing on Biomarker Stability in Plasma and Serum Samples | 6: Pre-analytical stability of the plasma proteomes based on the storage temperature | 7: Effects of in vitro hemolysis and repeated freeze-thaw cycles in protein abundance quantification using the SomaScan and Olink assays | 8: The Effect of Pre-Analytical Variability on the Measurement of MRM-MS-Based Mid- to High-Abundance Plasma Protein Biomarkers and a Panel of Cytokines | 9: Effects of In Vitro Hemolysis and Repeated Freeze–Thaw Cycles in Protein Abundance Quantification Using the SomaScan and Olink Assays,1: PMC13206734; doi:10.1016/j.isci.2026.115934 | 2: PMC3433892; doi:10.1074/mcp.M111.014340 | 3: bio_6971918c74be; doi:10.1101/2025.04.09.647925 | 4: PMC2657648 | 5: PMC4700770; doi:10.1016/j.phrp.2015.11.005 | 6: PMC3658880; doi:10.1186/1477-5956-11-10 | 7: bio_ce75f3227650; doi:10.1101/2024.09.21.613295 | 8: PMC3368926; doi:10.1371/journal.pone.0038290 | 9: PMC12053949; doi:10.1021/acs.jproteome.5c00069,Effect of Repeated Freezing and Thawing on Biomarker Stability in Plasma and Serum Samples,pmcid:PMC4700770; pmid:26835245; doi:10.1016/j.phrp.2015.11.005,1,Effect of Repeated Freezing and Thawing on Biomarker Stability in Plasma and Serum Samples,PMC4700770,pmcid,5,1,0.2,s_3e55cf36
Q043,Storage temperature and duration,Which serum and citrated-plasma storage conditions caused no substantial biomarker changes for up to 90 days?,hyde,vector,"pmc,biorxiv,medrxiv,arxiv,abstracts_only","Serum and citrated plasma samples were collected from healthy volunteers into tubes containing sodium citrate (3.2%) and left at room temperature (RT) for 1 hour before centrifugation at 1,500 g for 10 minutes. Serum was stored in aliquots at −80°C, while citrated plasma was kept at RT for up to 90 days. Analysis of biomarkers such as C-reactive protein (CRP), glucose, and lipids showed no significant changes compared to baseline values after 90 days of storage at RT. These results suggest that both serum and citrated plasma can be stored at room temperature without substantial biomarker alterations for up to 90 days.",serum | citrated-plasma | storage | conditions | caused | substantial | biomarker | changes | days,,"1: Effect of sample type, centrifugation and storage conditions on vitamin D concentration | 2: Time collection and storage conditions of lipid profile | 3: Assessment of the stability of 20 biochemical analytes in serum and whole blood samples after storage at nonstandard temperatures | 4: Sample Management: Stability of Plasma and Serum on Different Storage Conditions | 5: How Long can we Store Blood Samples: A Systematic Review and Meta-Analysis | 6: Effects of blood sample handling procedures on measurable interleukin 6 in plasma and serum | 7: Stability of 35 biochemical and immunological routine tests after 10 hours storage and transport of human whole blood at 21°C | 8: Stability studies of common biochemical analytes in serum separator tubes with or without gel barrier subjected to various storage conditions | 9: Study of the Stability of Various Biochemical Analytes in Samples Stored at Different Predefined Storage Conditions at an Accredited Laboratory of India | 10: Effects of storage time and temperature on coagulation tests and factors in fresh plasma",1: PMC3900071; doi:10.11613/BM.2013.039 | 2: PMC5769759; doi:10.1590/1414-431X20176955 | 3: PMC12769415; doi:10.1016/j.plabm.2025.e00514 | 4: PMC7109503 | 5: PMC5652294; doi:10.1016/j.ebiom.2017.09.024 | 6: PMC6757116; doi:10.1002/jcla.22924 | 7: PMC4219582; doi:10.3109/00365513.2014.928940 | 8: PMC4062343 | 9: PMC5015491; doi:10.4103/0974-2727.187928 | 10: PMC3902390; doi:10.1038/srep03868,Effect of biobanking conditions on short-term stability of biomarkers in human serum and plasma,pmid:24327528; doi:10.1515/cclm-2013-0705,1,,,,,0,0.0,s_7f8c56be
Q044,Storage temperature and duration,How did occasional short-term thermal exposure affect biomarker stability during frozen storage?,hyde,vector,"pmc,biorxiv,medrxiv,arxiv,abstracts_only","Occasional short-term thermal exposures of up to 30 minutes at temperatures ranging from 25°C to 37°C were applied to serum specimens collected in EDTA tubes. These samples were then stored at −80°C for a duration of 6 months. The stability of the C-reactive protein (CRP) biomarker was assessed using enzyme-linked immunosorbent assay (ELISA). Our results showed that CRP levels remained stable, with only minor fluctuations observed post-thermal exposure compared to samples kept under constant cold storage conditions. These findings suggest that brief thermal exposures do not significantly compromise the stability of CRP during frozen storage.",occasional | short-term | thermal | exposure | affect | biomarker | stability | frozen | storage,,"1: In vitro Stability of Heat Shock Protein 27 in Serum and Plasma Under Different Pre-analytical Conditions: Implications for Large-Scale Clinical Studies | 2: Assessment of the stability of 20 biochemical analytes in serum and whole blood samples after storage at nonstandard temperatures | 3: The effect of storage time and freeze-thaw cycles on the stability of serum samples | 4: Effect of Repeated Freezing and Thawing on Biomarker Stability in Plasma and Serum Samples | 5: Multimeric Stability of Human C-reactive Protein in Archived Specimens | 6: Comparison of C-reactive Protein Levels between Serum and Plasma Samples on Long-term Frozen Storage after a 13.8 Year Interval: The JMS Cohort Study | 7: Impact of Serum Sample Storage on the Stability of TRAIL, IP-10, and CRP: Implications for Biomarker Research Employing Biobanks | 8: The Effects of a Single Freeze-Thaw Cycle on Concentrations of Nutritional, Noncommunicable Disease, and Inflammatory Biomarkers in Serum Samples | 9: Sample Management: Stability of Plasma and Serum on Different Storage Conditions | 10: Oxidized LDL is stable in human serum under extended thawed-state conditions ranging from −20 °C to room temperature",1: PMC4855055; doi:10.3343/alm.2016.36.4.353 | 2: PMC12769415; doi:10.1016/j.plabm.2025.e00514 | 3: PMC3900085; doi:10.11613/BM.2013.009 | 4: PMC4700770; doi:10.1016/j.phrp.2015.11.005 | 5: PMC3597618; doi:10.1371/journal.pone.0058094 | 6: PMC7058471; doi:10.2188/jea.17.120 | 7: med_86811ddb753f; doi:10.1101/2025.01.22.25320787 | 8: PMC8154350; doi:10.1055/s-0041-1726575 | 9: PMC7109503 | 10: PMC9791165; doi:10.1016/j.jmsacl.2022.12.001,Effect of biobanking conditions on short-term stability of biomarkers in human serum and plasma,pmid:24327528; doi:10.1515/cclm-2013-0705,1,,,,,0,0.0,s_13c4e349
Q045,Freeze-thaw and frozen storage,Which serum endocrine analyte was considered unstable after four freeze-thaw cycles?,hyde,vector,"pmc,biorxiv,medrxiv,arxiv,abstracts_only","Serum levels of thyroid-stimulating hormone (TSH) were found to be unstable following four freeze-thaw cycles, with a significant reduction in measured concentrations observed. Specimens were collected in EDTA tubes and stored at −80°C. Processing delays did not significantly affect the stability outcome. The duration between sample collection and analysis was consistent across all samples. These results indicate that TSH should be assayed within one freeze-thaw cycle to ensure accurate measurement, highlighting its reduced stability over multiple cycles.",serum | endocrine | analyte | considered | unstable | four | freeze-thaw | cycles,,"1: The effect of storage time and freeze-thaw cycles on the stability of serum samples | 2: Stability and validity of intact parathyroid hormone levels in different sample types and storage conditions | 3: Inter-laboratory validation of the measurement of follicle stimulating hormone (FSH) after various lengths of frozen storage | 4: Effects of drying and storage conditions on the stability of TSH in blood spots | 5: Effect of sample type, centrifugation and storage conditions on vitamin D concentration | 6: Effects of EDTA and Sodium Citrate on hormone measurements by fluorometric (FIA) and immunofluorometric (IFMA) methods | 7: Stability of adrenocorticotropic hormone in whole blood samples: effects of storage conditions | 8: Instability of Plasma and Serum Progastrin-Releasing Peptide During Repeated Freezing and Thawing | 9: EDTA Improves Stability of Whole Blood C-Peptide and Insulin to Over 24 Hours at Room Temperature | 10: The pre‐analytical stability of 25‐hydroxyvitamin D: Storage and mixing effects",1: PMC3900085; doi:10.11613/BM.2013.009 | 2: PMC8183913; doi:10.1002/jcla.23771 | 3: PMC3009700; doi:10.1186/1477-7827-8-145 | 4: PMC10118981; doi:10.20945/2359-3997000000026 | 5: PMC3900071; doi:10.11613/BM.2013.039 | 6: PMC115861; doi:10.1186/1472-6890-2-2 | 7: PMC11334200; doi:10.11613/BM.2024.030702 | 8: PMC5194227; doi:10.1016/j.phrp.2016.11.004 | 9: PMC3408407; doi:10.1371/journal.pone.0042084 | 10: PMC7031638; doi:10.1002/jcla.23037,Stability of 17 endocrine analytes in serum or plasma after four cycles of repeated freezing and thawing,pmid:40243258; doi:10.1080/00365513.2025.2487989,1,,,,,0,0.0,s_d1ceaecc
Q046,Freeze-thaw and frozen storage,How many of the 17 endocrine analytes appeared stable through four freeze-thaw cycles?,hyde,vector,"pmc,biorxiv,medrxiv,arxiv,abstracts_only","In this study, we evaluated the stability of 17 endocrine analytes after four freeze-thaw cycles. Specimens were collected in EDTA tubes and stored at −80°C. After thawing, samples were analyzed within 24 hours. Of the 17 analytes tested, cortisol, estradiol, progesterone, testosterone, thyroxine (T4), triiodothyronine (T3), insulin, C-peptide, prolactin, growth hormone (GH), adrenocorticotropic hormone (ACTH), follicle-stimulating hormone (FSH), luteinizing hormone (LH), thyroid-stimulating hormone (TSH), parathyroid hormone (PTH), and glucagon showed no significant changes in their concentrations across the four cycles, indicating stability. However, thyrotropin-releasing hormone (TRH) exhibited a slight decrease in concentration after the fourth cycle, suggesting potential instability under these conditions.",many | endocrine | analytes | appeared | stable | through | four | freeze-thaw | cycles,,"1: The effect of storage time and freeze-thaw cycles on the stability of serum samples | 2: Stability and validity of intact parathyroid hormone levels in different sample types and storage conditions | 3: Inter-laboratory validation of the measurement of follicle stimulating hormone (FSH) after various lengths of frozen storage | 4: The Stability of the Anti-Müllerian Hormone in Serum and Plasma Samples under Various Preanalytical Conditions | 5: Stability of adrenocorticotropic hormone in whole blood samples: effects of storage conditions | 6: Stability of glucagon-like peptide 1 and glucagon in human plasma | 7: The effect of freeze‐thaw cycles on determination of immunoreactive plasma adrenocorticotrophic hormone concentrations in horses | 8: Effect of sample type, centrifugation and storage conditions on vitamin D concentration | 9: Effects of EDTA and Sodium Citrate on hormone measurements by fluorometric (FIA) and immunofluorometric (IFMA) methods | 10: EDTA Improves Stability of Whole Blood C-Peptide and Insulin to Over 24 Hours at Room Temperature",1: PMC3900085; doi:10.11613/BM.2013.009 | 2: PMC8183913; doi:10.1002/jcla.23771 | 3: PMC3009700; doi:10.1186/1477-7827-8-145 | 4: PMC10137981; doi:10.3390/diagnostics13081501 | 5: PMC11334200; doi:10.11613/BM.2024.030702 | 6: PMC4317691; doi:10.1530/EC-14-0126 | 7: PMC7255672; doi:10.1111/jvim.15771 | 8: PMC3900071; doi:10.11613/BM.2013.039 | 9: PMC115861; doi:10.1186/1472-6890-2-2 | 10: PMC3408407; doi:10.1371/journal.pone.0042084,Stability of 17 endocrine analytes in serum or plasma after four cycles of repeated freezing and thawing,pmid:40243258; doi:10.1080/00365513.2025.2487989,1,,,,,0,0.0,s_6e63c344
Q047,"Specimen, tube, and processing effects",What centrifugation durations and force were selected for validated serum and plasma preparation?,hyde,vector,"pmc,biorxiv,medrxiv,arxiv,abstracts_only","Centrifugation was performed using an Eppendorf 5424 R Centrifuge at a speed of 3,000 x g for 15 minutes. Serum samples were collected from whole blood drawn into EDTA tubes, while plasma samples were obtained from blood in heparin tubes. Specimens were processed within one hour of collection to minimize hemolysis and ensure accurate analyte stability. The centrifugation was conducted at room temperature (20-25°C) to maintain sample integrity. This duration and force were chosen based on preliminary studies indicating optimal separation without causing cellular damage or analyte degradation, ensuring the stability of key biomarkers for up to 7 days post-collection.",centrifugation | durations | force | selected | validated | serum | plasma | preparation,,1: Effects of different centrifugation conditions on clinical chemistry and Immunology test results | 2: Influence of centrifugation conditions on the results of 77 routine clinical chemistry analytes using standard vacuum blood collection tubes and the new BD-Barricor tubes | 3: Comparative Evaluation of Centrifugation Speed and Its Impact on Diagnostic Accuracy | 4: Impact of Centrifugation Time Reduction in GLP Systems | 5: Evaluation of an alternative centrifugation protocol for reducing total turnaround time | 6: Evaluación de un protocolo de centrifugación alternativo que permita reducir el tiempo de respuesta total | 7: Does centrifugation matter? Centrifugal force and spinning time alter the plasma metabolome | 8: Centrifugation: an important pre-analytic procedure that influences plasma microRNA quantification during blood processing | 9: Plasma centrifugation does not influence thrombin-antithrombin and plasmin-antiplasmin levels but determines platelet microparticles count | 10: Effect of Delayed Centrifugation on the Levels of NMR-Measured Lipoproteins and Metabolites in Plasma and Serum Samples,1: PMC3123263; doi:10.1186/1472-6890-11-6 | 2: PMC5701775; doi:10.11613/BM.2018.010704 | 3: PMC12699201; doi:10.1002/jcla.70120 | 4: PMC12519673 | 5: PMC11949531; doi:10.1515/almed-2024-0170 | 6: PMC11949564; doi:10.1515/almed-2024-0119 | 7: PMC5025507; doi:10.1007/s11306-016-1109-3 | 8: PMC3870851; doi:10.5732/cjc.012.10271 | 9: PMC4470109; doi:10.11613/BM.2015.022 | 10: PMC9753045; doi:10.1021/acs.analchem.2c02167,"Method validation for preparing serum and plasma samples from human blood for downstream proteomic, metabolomic, and circulating nucleic acid-based applications",pmid:25075813; doi:10.1089/bio.2014.0003,1,,,,,0,0.0,s_a3ed74b8
Q048,Pre-centrifugation delay and transport,"After a two-hour pre-centrifugation delay, which serum or plasma measurements remained stable and which did not?",hyde,vector,"pmc,biorxiv,medrxiv,arxiv,abstracts_only","Following a two-hour pre-centrifugation delay at room temperature (22°C), the stability of various biochemical analytes was assessed in both serum and plasma samples. Alanine transaminase (ALT) levels were found to remain stable in both specimen types, with no significant changes observed compared to immediately processed samples. In contrast, aspartate transaminase (AST) levels showed a slight but statistically significant increase in serum by 5% and in plasma by 3%, indicating reduced stability under these conditions. Creatinine levels also demonstrated variability, increasing by 10% in serum but remaining unchanged in plasma. These findings suggest that while some analytes maintain stability, others may degrade over extended pre-processing delays, emphasizing the importance of timely sample processing for accurate biochemical analysis.",two-hour | pre-centrifugation | delay | serum | plasma | measurements | remained | stable | not,,"1: Assessment of the stability of 20 biochemical analytes in serum and whole blood samples after storage at nonstandard temperatures | 2: The impact of pre‐analytical variations on biochemical analytes stability: A systematic review | 3: Stability studies of common biochemical analytes in serum separator tubes with or without gel barrier subjected to various storage conditions | 4: Stability of 35 biochemical and immunological routine tests after 10 hours storage and transport of human whole blood at 21°C | 5: Study of the Stability of Various Biochemical Analytes in Samples Stored at Different Predefined Storage Conditions at an Accredited Laboratory of India | 6: Influence of study model, baseline catalytic concentrations and analytical system on the stability of serum alanine aminotransferase | 7: The effect of storage time and freeze-thaw cycles on the stability of serum samples | 8: Quality assurance of add-on testing in plasma samples: stability limit for 29 biochemical analytes | 9: Sample Management: Stability of Plasma and Serum on Different Storage Conditions | 10: Inorganic Phosphorus and Potassium Are Putative Indicators of Delayed Separation of Whole Blood",1: PMC12769415; doi:10.1016/j.plabm.2025.e00514 | 2: PMC7755813; doi:10.1002/jcla.23551 | 3: PMC4062343 | 4: PMC4219582; doi:10.3109/00365513.2014.928940 | 5: PMC5015491; doi:10.4103/0974-2727.187928 | 6: PMC10158745; doi:10.1515/almed-2020-0021 | 7: PMC3900085; doi:10.11613/BM.2013.009 | 8: PMC11042558; doi:10.11613/BM.2024.020704 | 9: PMC7109503 | 10: PMC4850501; doi:10.1016/j.phrp.2015.11.003,"Method validation for preparing serum and plasma samples from human blood for downstream proteomic, metabolomic, and circulating nucleic acid-based applications",pmid:25075813; doi:10.1089/bio.2014.0003,1,,,,,0,0.0,s_eb8195af
Q049,Storage temperature and duration,"What temperature range was reviewed for long-term storage of human fluid, cell, and tissue biospecimens?",hyde,vector,"pmc,biorxiv,medrxiv,arxiv,abstracts_only","The optimal temperature range for long-term storage of human biospecimens, including fluids, cells, and tissues, was evaluated. Specimens were collected in standard EDTA anticoagulated tubes and cryovials. The study assessed stability at -80°C and -150°C over a period of 10 years. Results indicated that both temperatures maintained high integrity for nucleic acids and proteins, with minimal degradation observed. However, -150°C was found to provide slightly better preservation of cellular morphology and protein stability compared to -80°C, suggesting it as the preferred storage condition for long-term archival of diverse biospecimens.",temperature | range | reviewed | long-term | storage | human | fluid | cell | tissue | biospecimens,,"1: Biobanking of Biological Samples at Room Temperature | 2: High DNA stability in white blood cells and buffy coat lysates stored at ambient temperature under anoxic and anhydrous atmosphere | 3: Repository of Human Blood Derivative Biospecimens in Biobank: Technical Implications | 4: Compared DNA and RNA quality of breast cancer biobanking samples after long-term storage protocols in − 80 °C and liquid nitrogen | 5: Current standards for the storage of human samples in biobanks | 6: Effects of preservation duration at 4 °C on the quality of RNA in rabbit blood specimens | 7: Effects of storage temperature, storage time, and hemolysis on the RNA quality of blood specimens: A systematic quantitative assessment | 8: The effects of storage temperature and duration of blood samples on DNA and RNA qualities | 9: Impact of storage conditions on the quality of nucleic acids in paraffin embedded tissues | 10: Long-term Cryopreservation of Human and other Mammalian Cells at −80 °C for 8 Years",1: bio_30e13aa373de; doi:10.1101/2025.04.08.646969 | 2: PMC5708797; doi:10.1371/journal.pone.0188547 | 3: PMC4430793 | 4: PMC7462979; doi:10.1038/s41598-020-71441-9 | 5: PMC2988449; doi:10.1186/gm193 | 6: PMC7153556; doi:10.7717/peerj.8940 | 7: PMC10227325; doi:10.1016/j.heliyon.2023.e16234 | 8: PMC5604973; doi:10.1371/journal.pone.0184692 | 9: PMC6128582; doi:10.1371/journal.pone.0203608 | 10: PMC6172990; doi:10.1177/2155179017733148,Storage of human biospecimens: selection of the optimal storage temperature,pmid:24918763; doi:10.1089/bio.2013.0084,1,,,,,0,0.0,s_f802828d
Q050,Storage temperature and duration,Why can biospecimen quality after thawing differ even when specimen processing is controlled?,hyde,vector,"pmc,biorxiv,medrxiv,arxiv,abstracts_only","The quality of biospecimens post-thaw varied despite standardized processing protocols. Specimens were collected in EDTA tubes and stored at −80°C for up to 6 months before thawing. Processing delays ranged from 15 to 30 minutes, during which samples were kept on ice. Variability in thawing temperature (−20°C vs. −40°C) significantly impacted hemolysis rates, with higher rates observed at the lower temperature. Specimens thawed at −20°C showed increased cell lysis and reduced RNA integrity scores by 15-20 points compared to those thawed at −40°C. These findings suggest that even minor variations in processing conditions can influence biospecimen quality post-thaw, highlighting the need for stringent control measures during specimen handling.",biospecimen | quality | thawing | differ | even | specimen | processing | controlled,,"1: Effects of storage temperature, storage time, and hemolysis on the RNA quality of blood specimens: A systematic quantitative assessment | 2: Quality assessment from biobank plasma and serum specimens: a systematic review | 3: Preanalytical DNA assessment for downstream applications: How to optimize the management of human biospecimens to support molecular diagnosis—An experimental study | 4: Effects of preservation duration at 4 °C on the quality of RNA in rabbit blood specimens | 5: Applied Molecular-Based Quality Control of Biobanked Samples for Multi-Omics Approach | 6: Reporting of pre-analytical Processes in Biobanked Biomaterials: A Missed Opportunity to Address the Replicability Crisis in Clinical Biomarker Research | 7: Biomarkers for Monitoring Pre-Analytical Quality Variation of mRNA in Blood Samples | 8: Effects of ex vivo ischemia time and delayed processing on quality of specimens in tissue biobank | 9: SPIDIA-RNA: Second External Quality Assessment for the Pre-Analytical Phase of Blood Samples Used for RNA Based Analyses | 10: Effects of Blood Transportation on Human Peripheral Mononuclear Cell Yield, Phenotype and Function: Implications for Immune Cell Biobanking",1: PMC10227325; doi:10.1016/j.heliyon.2023.e16234 | 2: PMC12514999; doi:10.7717/peerj.20122 | 3: PMC9279999; doi:10.1002/jcla.24531 | 4: PMC7153556; doi:10.7717/peerj.8940 | 5: PMC10378006; doi:10.3390/cancers15143742 | 6: med_c914dad57d65; doi:10.1101/2025.02.18.25322469 | 7: PMC4219744; doi:10.1371/journal.pone.0111644 | 8: PMC7533433; doi:10.3892/mmr.2020.11503 | 9: PMC4226503; doi:10.1371/journal.pone.0112293 | 10: PMC4277394; doi:10.1371/journal.pone.0115920,Storage of human biospecimens: selection of the optimal storage temperature,pmid:24918763; doi:10.1089/bio.2013.0084,1,,,,,0,0.0,s_d27baf23
Q051,"Specimen, tube, and processing effects",In which matrix did polymeric gel collection tubes promote metabolite-level differences?,hyde,vector,"pmc,biorxiv,medrxiv,arxiv,abstracts_only","To investigate the impact of different matrices on metabolite levels, we utilized polymeric gel collection tubes in blood specimens collected from healthy volunteers. Specimens were immediately placed into the tubes and processed within 30 minutes after collection. The samples were stored at room temperature (21°C) for up to 72 hours before analysis by liquid chromatography-mass spectrometry (LC-MS). Our results revealed that polymeric gel tubes significantly enhanced the detection of certain metabolites, particularly those related to amino acids and organic acids, compared to serum collected in standard plasma separator tubes. These findings suggest that the matrix within polymeric gel collection tubes can influence metabolite levels, potentially affecting downstream analytical outcomes.",matrix | polymeric | gel | collection | tubes | promote | metabolite-level | differences,,"1: Impact of Blood Collection Tubes and Sample Handling Time on Serum and Plasma Metabolome and Lipidome | 2: Impact of Prolonged Blood Incubation and Extended Serum Storage at Room Temperature on the Human Serum Metabolome | 3: The Effect of Anticoagulants, Temperature, and Time on the Human Plasma Metabolome and Lipidome from Healthy Donors as Determined by Liquid Chromatography-Mass Spectrometry | 4: Global biochemical analysis of plasma, serum and whole blood collected using various anticoagulant additives | 5: An Overview of Pre-Analytical Factors Impacting Metabolomics Analyses of Blood Samples | 6: Comparative metabolomics studies of blood collected in streck and heparin tubes from lung cancer patients | 7: Pre-Analytical Sample Quality: Metabolite Ratios as an Intrinsic Marker for Prolonged Room Temperature Exposure of Serum Samples | 8: Targeted Metabolomics Identifies Reliable and Stable Metabolites in Human Serum and Plasma Samples | 9: Influence of Storage Conditions and Preservatives on Metabolite Fingerprints in Urine | 10: Effects of pre-analytical processes on blood samples used in metabolomics studies",1: PMC6316012; doi:10.3390/metabo8040088 | 2: PMC5875996; doi:10.3390/metabo8010006 | 3: PMC6571950; doi:10.3390/biom9050200 | 4: PMC8031419; doi:10.1371/journal.pone.0249797.r004 | 5: PMC11433674; doi:10.3390/metabo14090474 | 6: PMC8064553; doi:10.1371/journal.pone.0249648 | 7: PMC4379062; doi:10.1371/journal.pone.0121495 | 8: PMC3933650; doi:10.1371/journal.pone.0089728 | 9: PMC6836253; doi:10.3390/metabo9100203 | 10: PMC4471316; doi:10.1007/s00216-015-8565-x,Influence of the collection tube on metabolomic changes in serum and plasma,pmid:26838459; doi:10.1016/j.talanta.2015.12.079,1,,,,,0,0.0,s_2fcb358f
Q052,"Specimen, tube, and processing effects",Which amino-acid metabolic pathways were affected in serum collected with polymeric gel tubes?,hyde,vector,"pmc,biorxiv,medrxiv,arxiv,abstracts_only","Serum samples were collected using polymeric gel tubes and analyzed for changes in amino acid levels after varying processing delays at room temperature. The results indicated that the aspartate, glutamate, and alanine metabolic pathways showed significant alterations compared to control samples processed under identical conditions but without the polymeric gel tubes. Specifically, aspartate concentrations decreased by 25% after a 4-hour delay, while glutamate levels increased by 30%. Alanine levels remained relatively stable over the same period. These findings suggest that the use of polymeric gel tubes can influence amino acid metabolism in serum, potentially affecting analytical outcomes if not properly accounted for in experimental design and data interpretation.",amino-acid | metabolic | pathways | affected | serum | collected | polymeric | gel | tubes,,"1: Impact of Prolonged Blood Incubation and Extended Serum Storage at Room Temperature on the Human Serum Metabolome | 2: Impact of Blood Collection Tubes and Sample Handling Time on Serum and Plasma Metabolome and Lipidome | 3: Stability of amino acids and related amines in human serum under different preprocessing and pre-storage conditions based on iTRAQ ® -LC-MS/MS | 4: Ex-vivo changes in amino acid concentrations from blood stored at room temperature or on ice: implications for arginine and taurine measurements | 5: Pre-Analytical Sample Quality: Metabolite Ratios as an Intrinsic Marker for Prolonged Room Temperature Exposure of Serum Samples | 6: Pitfalls of onco-metabolomics: impact of sample integrity on metabolomic investigations in more than 4500 human serum samples from ten different cohorts | 7: Global biochemical analysis of plasma, serum and whole blood collected using various anticoagulant additives | 8: Stability of Metabolomic Content during Sample Preparation: Blood and Brain Tissues | 9: Targeted Metabolomics Identifies Reliable and Stable Metabolites in Human Serum and Plasma Samples",1: PMC5875996; doi:10.3390/metabo8010006 | 2: PMC6316012; doi:10.3390/metabo8040088 | 3: PMC7928226; doi:10.1242/bio.055020 | 4: PMC2785822; doi:10.1186/1472-6890-9-10 | 5: PMC4379062; doi:10.1371/journal.pone.0121495 | 6: PMC13076171; doi:10.3389/fmolb.2026.1765747 | 7: PMC8031419; doi:10.1371/journal.pone.0249797.r004 | 8: PMC9505456; doi:10.3390/metabo12090811 | 9: PMC3933650; doi:10.1371/journal.pone.0089728,Influence of the collection tube on metabolomic changes in serum and plasma,pmid:26838459; doi:10.1016/j.talanta.2015.12.079,1,,,,,0,0.0,s_e05cf665
Q053,Pre-centrifugation delay and transport,At which temperatures and for how long were centrifuged serum and EDTA-plasma aliquots held before first storage?,hyde,vector,"pmc,biorxiv,medrxiv,arxiv,abstracts_only","Centrifuged serum and EDTA-plasma samples were collected from patients and immediately placed into designated collection tubes. Serum was separated by centrifugation at 1,500 x g for 10 minutes at room temperature (RT), while plasma was obtained after centrifugation at 2,000 x g for 15 minutes at RT. Aliquots of both serum and plasma were held at 4°C for up to 6 hours before being transferred to −80°C for long-term storage. The stability of analytes in these samples was assessed over time, with no significant changes observed within the first 24 hours post-collection.",temperatures | long | centrifuged | serum | edta-plasma | aliquots | held | first | storage,,"1: Effect of sample type, centrifugation and storage conditions on vitamin D concentration | 2: Effects of blood sample handling procedures on measurable interleukin 6 in plasma and serum | 3: Effects of different centrifugation conditions on clinical chemistry and Immunology test results | 4: Time collection and storage conditions of lipid profile | 5: Effect of Delayed Centrifugation on the Levels of NMR-Measured Lipoproteins and Metabolites in Plasma and Serum Samples | 6: Influence of centrifugation conditions on the results of 77 routine clinical chemistry analytes using standard vacuum blood collection tubes and the new BD-Barricor tubes | 7: Sample Management: Stability of Plasma and Serum on Different Storage Conditions | 8: Evaluation of an alternative centrifugation protocol for reducing total turnaround time | 9: Comparison of pre-analytical conditions for quantification of serotonin in platelet-poor plasma | 10: Global Stability of Plasma Proteomes for Mass Spectrometry-Based Analyses *",1: PMC3900071; doi:10.11613/BM.2013.039 | 2: PMC6757116; doi:10.1002/jcla.22924 | 3: PMC3123263; doi:10.1186/1472-6890-11-6 | 4: PMC5769759; doi:10.1590/1414-431X20176955 | 5: PMC9753045; doi:10.1021/acs.analchem.2c02167 | 6: PMC5701775; doi:10.11613/BM.2018.010704 | 7: PMC7109503 | 8: PMC11949531; doi:10.1515/almed-2024-0170 | 9: PMC6804510; doi:10.1016/j.plabm.2019.e00136 | 10: PMC3433892; doi:10.1074/mcp.M111.014340,Profiling post-centrifugation delay of serum and plasma with antibody bead arrays,pmid:23631827; doi:10.1016/j.jprot.2013.04.020,1,,,,,0,0.0,s_1f43b138
Q054,Pre-centrifugation delay and transport,Which protein showed decreasing levels after prolonged post-centrifugation delay in EDTA standard tubes?,hyde,vector,"pmc,biorxiv,medrxiv,arxiv,abstracts_only","To assess the impact of processing delays on protein stability, whole blood samples were collected into EDTA standard tubes and centrifuged immediately. Samples were then stored at room temperature for varying durations (0, 2, 4, 6, and 8 hours). Western blot analysis was performed to quantify protein levels. Results indicated that the concentration of hemoglobin decreased significantly after a 6-hour delay compared to immediate processing (p < 0.05), suggesting reduced stability under these conditions.",protein | showed | decreasing | levels | prolonged | post-centrifugation | delay | edta | standard | tubes,,"1: Effect of delayed sample draw after blood collection for haemoglobin test in South Korea | 2: Stability of hematological analytes during 48 hours storage at three temperatures using Cell-Dyn hematology analyzer | 3: Plasma glutathione status as indicator of pre-analytical centrifugation delay | 4: The Role of Physical Stabilization in Whole Blood Preservation | 5: Storage stability of commonly used haematological parameters at 33 °C | 6: How Long can we Store Blood Samples: A Systematic Review and Meta-Analysis | 7: Stability of pH, Blood Gas Partial Pressure, Hemoglobin Oxygen Saturation Fraction, and Lactate Concentration | 8: Global Stability of Plasma Proteomes for Mass Spectrometry-Based Analyses * | 9: Time collection and storage conditions of lipid profile",1: PMC10091068; doi:10.4102/ajlm.v12i1.2008 | 2: PMC8199497; doi:10.5937/jomb0-27945 | 3: bio_da577f656cb6; doi:10.1101/2020.12.09.417386 | 4: PMC4753451; doi:10.1038/srep21023 | 5: PMC5898956; doi:10.11613/BM.2018.020901 | 6: PMC5652294; doi:10.1016/j.ebiom.2017.09.024 | 7: PMC7295962; doi:10.3343/alm.2020.40.6.448 | 8: PMC3433892; doi:10.1074/mcp.M111.014340 | 9: PMC5769759; doi:10.1590/1414-431X20176955,Profiling post-centrifugation delay of serum and plasma with antibody bead arrays,pmid:23631827; doi:10.1016/j.jprot.2013.04.020,1,,,,,0,0.0,s_3ddb8c93
Q055,Freeze-thaw and frozen storage,How much change was observed in pooled EDTA plasma during the first ten freeze-thaw cycles?,hyde,vector,"pmc,biorxiv,medrxiv,arxiv,abstracts_only","During the study, changes in analyte levels were monitored over ten freeze-thaw cycles of pooled EDTA plasma. Specimens were stored at −70°C and processed within 24 hours post-collection using standard protocols. Analytes of interest included glucose, lipids, and inflammatory markers. Initial results indicated a slight decrease in glucose concentration by 5% after the first cycle, with no significant changes observed for other analytes. After five cycles, a more pronounced reduction in lipid levels was noted, dropping by approximately 10%. By the tenth cycle, overall stability had declined, with an additional 5% loss in glucose and a 7% decrease in lipids. These findings suggest that while some analytes remain stable, others may experience measurable changes during multiple freeze-thaw cycles.",much | change | observed | pooled | edta | plasma | first | ten | freeze-thaw | cycles,,"1: The effect of storage time and freeze-thaw cycles on the stability of serum samples | 2: Effect of Repeated Freezing and Thawing on Biomarker Stability in Plasma and Serum Samples | 3: The Effects of a Single Freeze-Thaw Cycle on Concentrations of Nutritional, Noncommunicable Disease, and Inflammatory Biomarkers in Serum Samples | 4: Isolated Effects of Plasma Freezing versus Thawing on Metabolite Stability | 5: Impact of Freeze-thaw Cycles and Storage Time on Plasma Samples Used in Mass Spectrometry Based Biomarker Discovery Projects | 6: Global Stability of Plasma Proteomes for Mass Spectrometry-Based Analyses * | 7: Effects of sample handling and storage on quantitative lipid analysis in human serum | 8: Sample Management: Stability of Plasma and Serum on Different Storage Conditions | 9: Effects of Long-Term Storage at −80 °C on the Human Plasma Metabolome | 10: Time collection and storage conditions of lipid profile",1: PMC3900085; doi:10.11613/BM.2013.009 | 2: PMC4700770; doi:10.1016/j.phrp.2015.11.005 | 3: PMC8154350; doi:10.1055/s-0041-1726575 | 4: PMC9693613; doi:10.3390/metabo12111098 | 5: PMC2657648 | 6: PMC3433892; doi:10.1074/mcp.M111.014340 | 7: PMC2794342; doi:10.1007/s11306-009-0174-2 | 8: PMC7109503 | 9: PMC6572224; doi:10.3390/metabo9050099 | 10: PMC5769759; doi:10.1590/1414-431X20176955,Evaluation of Freeze Thaw Cycles on stored plasma in the Biobank of the Norwegian Mother and Child Cohort Study,pmcid:PMC2860294; pmid:20428472; doi:10.1089/cpt.2008.0012,1,,,,,0,0.0,s_eef8fcf8
Q056,Freeze-thaw and frozen storage,Which analytes showed the largest percentage changes after thirty freeze-thaw cycles?,hyde,vector,"pmc,biorxiv,medrxiv,arxiv,abstracts_only","Thirty freeze-thaw cycles were performed on serum specimens collected in EDTA tubes. The samples were stored at −70°C and processed within 24 hours of collection. Analyte levels were quantified using ELISA kits. Among the analytes tested, interleukin-6 (IL-6) showed a 35% decrease, while C-reactive protein (CRP) exhibited a 15% reduction in concentration post-cycling. In contrast, tumor necrosis factor-alpha (TNF-α) levels increased by 20%, and interferon-gamma (IFN-γ) demonstrated a 10% increase. These results suggest that certain cytokines may be more stable than others under these conditions.",analytes | showed | largest | percentage | changes | thirty | freeze-thaw | cycles,,"1: Effect of Repeated Freezing and Thawing on Biomarker Stability in Plasma and Serum Samples | 2: Effects of blood sample handling procedures on measurable interleukin 6 in plasma and serum | 3: The effect of storage time and freeze-thaw cycles on the stability of serum samples | 4: Impact of short-term storage of plasma samples on quantitation of ultra-low levels of interleukin-6 | 5: Multiplex Cytokine Concentration Measurement: How Much Do the Medium and Handling Matter? | 6: Evaluating the long-term biological stability of cytokine biomarkers in ocular fluid samples | 7: The Effects of a Single Freeze-Thaw Cycle on Concentrations of Nutritional, Noncommunicable Disease, and Inflammatory Biomarkers in Serum Samples | 8: Pre-analytical sample handling effects on blood cytokine levels: quality control of a COVID-19 biobank | 9: Prerequisites for cytokine measurements in clinical trials with multiplex immunoassays | 10: Impact of Serum Sample Storage on the Stability of TRAIL, IP-10, and CRP: Implications for Biomarker Research Employing Biobanks",1: PMC4700770; doi:10.1016/j.phrp.2015.11.005 | 2: PMC6757116; doi:10.1002/jcla.22924 | 3: PMC3900085; doi:10.11613/BM.2013.009 | 4: PMC8593303; doi:10.1177/03000605211056846 | 5: PMC3804442; doi:10.1155/2013/890706 | 6: PMC10729172; doi:10.1136/bmjophth-2023-001346 | 7: PMC8154350; doi:10.1055/s-0041-1726575 | 8: PMC8359910; doi:10.2217/bmm-2020-0770 | 9: PMC2761376; doi:10.1186/1471-2172-10-52 | 10: med_86811ddb753f; doi:10.1101/2025.01.22.25320787,Evaluation of Freeze Thaw Cycles on stored plasma in the Biobank of the Norwegian Mother and Child Cohort Study,pmcid:PMC2860294; pmid:20428472; doi:10.1089/cpt.2008.0012,1,,,,,0,0.0,s_6ab78447
Q057,Freeze-thaw and frozen storage,Which endocrine measurement increased significantly and relevantly after repeated freeze-thaw cycles?,hyde,vector,"pmc,biorxiv,medrxiv,arxiv,abstracts_only","To assess the stability of various hormones in serum specimens, we subjected samples collected in EDTA tubes to multiple freeze-thaw cycles. Insulin levels showed a significant increase (p < 0.05) following three cycles at −80°C, while other analytes such as cortisol and thyroid-stimulating hormone remained stable. This finding suggests that insulin may require special handling to prevent false positives in repeated freeze-thaw conditions.",endocrine | measurement | increased | significantly | relevantly | repeated | freeze-thaw | cycles,,1: EDTA Improves Stability of Whole Blood C-Peptide and Insulin to Over 24 Hours at Room Temperature | 2: A simple formula to correct for the effects of storage time and temperature on the insulin concentration | 3: Proinsulin is stable at room temperature for 24 hours in EDTA: A clinical laboratory analysis (adAPT 3) | 4: Stability and validity of intact parathyroid hormone levels in different sample types and storage conditions | 5: The effect of storage time and freeze-thaw cycles on the stability of serum samples | 6: Effects of EDTA and Sodium Citrate on hormone measurements by fluorometric (FIA) and immunofluorometric (IFMA) methods | 7: EDTA tubes are suitable for insulin and C-peptide measurement in resource-limited settings and can be stored at room temperature for up to 24 hours | 8: Stability of adrenocorticotropic hormone in whole blood samples: effects of storage conditions | 9: Inter-laboratory validation of the measurement of follicle stimulating hormone (FSH) after various lengths of frozen storage,1: PMC3408407; doi:10.1371/journal.pone.0042084 | 2: PMC7370719; doi:10.1002/jcla.23255 | 3: PMC5398505; doi:10.1371/journal.pone.0171716 | 4: PMC8183913; doi:10.1002/jcla.23771 | 5: PMC3900085; doi:10.11613/BM.2013.009 | 6: PMC115861; doi:10.1186/1472-6890-2-2 | 7: PMC12208407; doi:10.1371/journal.pone.0312065 | 8: PMC11334200; doi:10.11613/BM.2024.030702 | 9: PMC3009700; doi:10.1186/1477-7827-8-145,Effects of repeated freeze-thaw cycles on endocrine parameters in plasma and serum,pmid:27303059; doi:10.1177/0004563216657361,1,,,,,0,0.0,s_a76214e0
Q058,Freeze-thaw and frozen storage,Which endocrine measurement showed a small decrease after repeated freeze-thaw cycles?,hyde,vector,"pmc,biorxiv,medrxiv,arxiv,abstracts_only","To assess the stability of various hormones in serum specimens, we subjected samples collected in EDTA tubes to multiple freeze-thaw cycles. Insulin levels exhibited a slight reduction of 5% following three cycles at −80°C, while other analytes such as cortisol and thyroid-stimulating hormone remained stable. This suggests that insulin may be more susceptible to degradation under these conditions.",endocrine | measurement | showed | small | decrease | repeated | freeze-thaw | cycles,,1: EDTA Improves Stability of Whole Blood C-Peptide and Insulin to Over 24 Hours at Room Temperature | 2: A simple formula to correct for the effects of storage time and temperature on the insulin concentration | 3: Proinsulin is stable at room temperature for 24 hours in EDTA: A clinical laboratory analysis (adAPT 3) | 4: The effect of storage time and freeze-thaw cycles on the stability of serum samples | 5: Stability and validity of intact parathyroid hormone levels in different sample types and storage conditions | 6: EDTA tubes are suitable for insulin and C-peptide measurement in resource-limited settings and can be stored at room temperature for up to 24 hours | 7: Stability of adrenocorticotropic hormone in whole blood samples: effects of storage conditions | 8: Stability of glucagon-like peptide 1 and glucagon in human plasma | 9: Effects of EDTA and Sodium Citrate on hormone measurements by fluorometric (FIA) and immunofluorometric (IFMA) methods,1: PMC3408407; doi:10.1371/journal.pone.0042084 | 2: PMC7370719; doi:10.1002/jcla.23255 | 3: PMC5398505; doi:10.1371/journal.pone.0171716 | 4: PMC3900085; doi:10.11613/BM.2013.009 | 5: PMC8183913; doi:10.1002/jcla.23771 | 6: PMC12208407; doi:10.1371/journal.pone.0312065 | 7: PMC11334200; doi:10.11613/BM.2024.030702 | 8: PMC4317691; doi:10.1530/EC-14-0126 | 9: PMC115861; doi:10.1186/1472-6890-2-2,Effects of repeated freeze-thaw cycles on endocrine parameters in plasma and serum,pmid:27303059; doi:10.1177/0004563216657361,1,,,,,0,0.0,s_2a23719e
Q059,"Specimen, tube, and processing effects",How did the frozen sample aliquotter obtain aliquots while avoiding thawing the parent plasma specimen?,hyde,vector,"pmc,biorxiv,medrxiv,arxiv,abstracts_only","The frozen sample aliquotter utilized a cryogenic probe to rapidly access and dispense small volumes of the parent plasma specimen without exposing it to ambient temperatures. The device maintained an internal temperature of -80°C throughout the process, ensuring that only the required aliquots were thawed for analysis. Specimen collection was performed using EDTA tubes, which were stored in a −80°C freezer until use. Aliquoting was completed within 5 minutes after tube retrieval to minimize processing delay and maintain specimen integrity. The stability of the plasma components was assessed post-aliquotting by comparing enzyme activities before and after storage at -80°C for 6 months, with no significant changes observed.",frozen | sample | aliquotter | obtain | aliquots | while | avoiding | thawing | parent | plasma | specimen,,1: Automated processing of whole blood samples into microliter aliquots of plasma | 2: Effects of preanalytical frozen storage time and temperature on screening coagulation tests and factors VIII and IX activity | 3: Global Stability of Plasma Proteomes for Mass Spectrometry-Based Analyses * | 4: Impact of Freeze-thaw Cycles and Storage Time on Plasma Samples Used in Mass Spectrometry Based Biomarker Discovery Projects | 5: Sample Management: Stability of Plasma and Serum on Different Storage Conditions | 6: Isolated Effects of Plasma Freezing versus Thawing on Metabolite Stability | 7: Assessment of the stability of 20 biochemical analytes in serum and whole blood samples after storage at nonstandard temperatures | 8: Evaluation of Citrated Plasma After Thawing for Routine Coagulation Testing | 9: The effect of storage time and freeze-thaw cycles on the stability of serum samples | 10: Indicator Tubes: A Novel Solution for Monitoring Temperature Excursions in Biobank Storage,1: PMC2547732; doi:10.1155/S1463924688000045 | 2: PMC5610264; doi:10.1038/s41598-017-11777-x | 3: PMC3433892; doi:10.1074/mcp.M111.014340 | 4: PMC2657648 | 5: PMC7109503 | 6: PMC9693613; doi:10.3390/metabo12111098 | 7: PMC12769415; doi:10.1016/j.plabm.2025.e00514 | 8: PMC10326361; doi:10.7759/cureus.40023 | 9: PMC3900085; doi:10.11613/BM.2013.009 | 10: PMC12566185; doi:10.3390/mps8050120,Demonstration of a frozen sample aliquotter to prepare plasma and serum aliquots without thawing frozen parent samples,pmcid:PMC4077011; pmid:24850092; doi:10.1089/bio.2012.0049,1,,,,,0,0.0,s_3574c578
Q060,Biospecimen quality control and SOPs,What coefficient of variability was reported for plasma biochemical analytes in aliquots extracted without thawing the frozen parent specimen?,hyde,vector,"pmc,biorxiv,medrxiv,arxiv,abstracts_only","The coefficient of variability (CV) for glucose and cholesterol levels in plasma, derived from aliquots extracted directly from frozen specimens without prior thawing, ranged between 3.5% and 4.2%. Specimens were collected in EDTA tubes and stored at −80°C for up to one year before extraction. No significant differences in analyte stability were observed compared to those obtained from freshly drawn plasma within the same time frame. These findings suggest that direct extraction of aliquots from frozen specimens can maintain acceptable CV values, making this approach feasible for long-term storage and subsequent analysis.",coefficient | variability | reported | plasma | biochemical | analytes | aliquots | extracted | without | thawing | frozen | parent | specimen,,"1: Comparison of glucose concentrations in samples frozen for varying durations and subjected to freeze-thaw cycles using 2 assay systems | 2: Sample Management: Stability of Plasma and Serum on Different Storage Conditions | 3: The effect of storage time and freeze-thaw cycles on the stability of serum samples | 4: Time collection and storage conditions of lipid profile | 5: Effects of preanalytical frozen storage time and temperature on screening coagulation tests and factors VIII and IX activity | 6: It takes acid, rather than ice, to freeze glucose | 7: The influence of sample freezing at – 80 °C for 2–12 weeks on glycated haemoglobin (HbA 1c ) concentration assayed by HPLC method on Bio-Rad D-10 ® auto analyzer | 8: Reducing the effects of control materials based on interchangeability of estimates of day‐to‐day imprecision between commercial control materials and serum samples | 9: Evaluation of Citrated Plasma After Thawing for Routine Coagulation Testing | 10: Assessment of the stability of 20 biochemical analytes in serum and whole blood samples after storage at nonstandard temperatures",1: PMC12848267; doi:10.3168/jdsc.2024-0729 | 2: PMC7109503 | 3: PMC3900085; doi:10.11613/BM.2013.009 | 4: PMC5769759; doi:10.1590/1414-431X20176955 | 5: PMC5610264; doi:10.1038/s41598-017-11777-x | 6: PMC4352852; doi:10.1038/srep08875 | 7: PMC5082215; doi:10.11613/BM.2016.038 | 8: PMC8059733; doi:10.1002/jcla.23710 | 9: PMC10326361; doi:10.7759/cureus.40023 | 10: PMC12769415; doi:10.1016/j.plabm.2025.e00514,Demonstration of a frozen sample aliquotter to prepare plasma and serum aliquots without thawing frozen parent samples,pmcid:PMC4077011; pmid:24850092; doi:10.1089/bio.2012.0049,1,,,,,0,0.0,s_26d95bc3
Q061,Pre-centrifugation delay and transport,Which room-temperature centrifugation delays were tested for NMR-measured serum and plasma metabolites?,hyde,vector,"pmc,biorxiv,medrxiv,arxiv,abstracts_only","Room-temperature centrifugation delays of 30 minutes, 60 minutes, and 90 minutes were evaluated for their impact on the stability of NMR-measured serum and plasma metabolites. Centrifugation was performed using standard BD Vacutainer tubes containing K2EDTA anticoagulant. Specimens were collected in the morning and processed within two hours post-collection to minimize variability. Metabolite profiles were analyzed at 0, 30, 60, and 90 minutes after centrifugation. Results indicated that a delay of up to 60 minutes did not significantly alter metabolite concentrations as measured by NMR, suggesting this time frame is acceptable for processing under these conditions.",room-temperature | centrifugation | delays | tested | nmr-measured | serum | plasma | metabolites,,"1: Effect of Delayed Centrifugation on the Levels of NMR-Measured Lipoproteins and Metabolites in Plasma and Serum Samples | 2: Impact of Prolonged Blood Incubation and Extended Serum Storage at Room Temperature on the Human Serum Metabolome | 3: Does centrifugation matter? Centrifugal force and spinning time alter the plasma metabolome | 4: Validating Centralized Biobanking Workflows for NMR Metabolomics Using the PRIMA Panel | 5: Impact of Blood Collection Tubes and Sample Handling Time on Serum and Plasma Metabolome and Lipidome | 6: A Systematic Evaluation of Blood Serum and Plasma Pre-Analytics for Metabolomics Cohort Studies | 7: Evaluation of Saliva Stability for NMR Metabolomics: Collection and Handling Protocols | 8: Metabolic and lipidomic stability in EDTA plasma from hospitalized patients: impact of refrigerated storage time and additional freeze—thaw cycle | 9: Preanalytical (Mis)Handling of Plasma Investigated by 1 H NMR Metabolomics | 10: Pre-Analytical Factors that Affect Metabolite Stability in Human Urine, Plasma, and Serum: A Review",1: PMC9753045; doi:10.1021/acs.analchem.2c02167 | 2: PMC5875996; doi:10.3390/metabo8010006 | 3: PMC5025507; doi:10.1007/s11306-016-1109-3 | 4: PMC11822734; doi:10.1021/acs.analchem.4c04938 | 5: PMC6316012; doi:10.3390/metabo8040088 | 6: PMC5187835; doi:10.3390/ijms17122035 | 7: PMC7766053; doi:10.3390/metabo10120515 | 8: PMC13106266; doi:10.1007/s11306-026-02428-2 | 9: PMC11635485; doi:10.1021/acsomega.4c08215 | 10: PMC6724180; doi:10.3390/metabo9080156,Effect of Delayed Centrifugation on the Levels of NMR-Measured Lipoproteins and Metabolites in Plasma and Serum Samples,pmcid:PMC9753045; pmid:36454175; doi:10.1021/acs.analchem.2c02167,1,Effect of Delayed Centrifugation on the Levels of NMR-Measured Lipoproteins and Metabolites in Plasma and Serum Samples,PMC9753045,pmcid,1,1,1.0,s_8d84e578
Q062,Pre-centrifugation delay and transport,Which blood matrix was more stable for metabolites during delayed centrifugation?,hyde,vector,"pmc,biorxiv,medrxiv,arxiv,abstracts_only","To assess the stability of metabolites in different blood matrices during delayed centrifugation, whole blood samples were collected into EDTA and heparin tubes. Specimens were stored at room temperature (21°C) for 4 hours before centrifugation. Metabolite levels were quantified using liquid chromatography-mass spectrometry (LC-MS). The results showed that metabolites in EDTA-stabilized blood exhibited significantly higher retention rates compared to those in heparin-stabilized blood, with a mean decrease of 25% and 38%, respectively. These findings suggest that EDTA is more effective for preserving metabolite stability during delayed centrifugation.",blood | matrix | more | stable | metabolites | delayed | centrifugation,,"1: Impact of Blood Collection Tubes and Sample Handling Time on Serum and Plasma Metabolome and Lipidome | 2: Impact of Prolonged Blood Incubation and Extended Serum Storage at Room Temperature on the Human Serum Metabolome | 3: Metabolic and lipidomic stability in EDTA plasma from hospitalized patients: impact of refrigerated storage time and additional freeze—thaw cycle | 4: Pre-analytical sample handling standardization for reliable measurement of metabolites and lipids in LC-MS-based clinical research | 5: Metabolite Ratios as Quality Indicators for Pre-Analytical Variation in Serum and EDTA Plasma | 6: An Overview of Pre-Analytical Factors Impacting Metabolomics Analyses of Blood Samples | 7: Disease and Medication Context Shape Ex Vivo Metabolite Stability: A Pilot Study in Systemic Lupus Erythematosus | 8: Global biochemical analysis of plasma, serum and whole blood collected using various anticoagulant additives | 9: Effect of Delayed Centrifugation on the Levels of NMR-Measured Lipoproteins and Metabolites in Plasma and Serum Samples | 10: Effects of pre-analytical processes on blood samples used in metabolomics studies",1: PMC6316012; doi:10.3390/metabo8040088 | 2: PMC5875996; doi:10.3390/metabo8010006 | 3: PMC13106266; doi:10.1007/s11306-026-02428-2 | 4: PMC9975683; doi:10.1016/j.jmsacl.2023.02.002 | 5: PMC8465943; doi:10.3390/metabo11090638 | 6: PMC11433674; doi:10.3390/metabo14090474 | 7: PMC12654355; doi:10.3390/metabo15110738 | 8: PMC8031419; doi:10.1371/journal.pone.0249797.r004 | 9: PMC9753045; doi:10.1021/acs.analchem.2c02167 | 10: PMC4471316; doi:10.1007/s00216-015-8565-x,Effect of Delayed Centrifugation on the Levels of NMR-Measured Lipoproteins and Metabolites in Plasma and Serum Samples,pmcid:PMC9753045; pmid:36454175; doi:10.1021/acs.analchem.2c02167,1,Effect of Delayed Centrifugation on the Levels of NMR-Measured Lipoproteins and Metabolites in Plasma and Serum Samples,PMC9753045,pmcid,9,1,0.1111,s_6025d9c0
Q063,Pre-centrifugation delay and transport,For how long did 25 biochemical analytes remain acceptably stable in serum gel tubes before centrifugation?,hyde,vector,"pmc,biorxiv,medrxiv,arxiv,abstracts_only","To assess the stability of 25 biochemical analytes in serum gel tubes, samples were collected and placed into BD Vacutainer® SST II tubes. The specimens were allowed to sit at room temperature (approximately 20-25°C) for varying durations ranging from 30 minutes to 4 hours before centrifugation. Analyte stability was evaluated based on predefined reference ranges. Results indicated that all analytes remained within acceptable limits up to 2 hours post-collection, after which some analytes showed slight deviations outside the normal range. These findings suggest that serum gel tubes can maintain analyte integrity for at least 2 hours without centrifugation, though longer periods may compromise certain measurements.",long | biochemical | analytes | remain | acceptably | stable | serum | gel | tubes | centrifugation,,"1: Stability studies of common biochemical analytes in serum separator tubes with or without gel barrier subjected to various storage conditions | 2: Assessment of the stability of 20 biochemical analytes in serum and whole blood samples after storage at nonstandard temperatures | 3: Stability of 35 biochemical and immunological routine tests after 10 hours storage and transport of human whole blood at 21°C | 4: The impact of pre‐analytical variations on biochemical analytes stability: A systematic review | 5: Study of the Stability of Various Biochemical Analytes in Samples Stored at Different Predefined Storage Conditions at an Accredited Laboratory of India | 6: A comparison of stability of chemical analytes in plasma from the BD Vacutainer ® Barricor™ tube with mechanical separator versus tubes containing gel separator | 7: Thrombin-Accelerated Quick Clotting Serum Tubes: An Evaluation with 22 Common Biochemical Analytes | 8: The effect of storage time and freeze-thaw cycles on the stability of serum samples | 9: Stability of plasma electrolytes in Barricor and PST II tubes under different storage conditions | 10: Effect of sample type, centrifugation and storage conditions on vitamin D concentration",1: PMC4062343 | 2: PMC12769415; doi:10.1016/j.plabm.2025.e00514 | 3: PMC4219582; doi:10.3109/00365513.2014.928940 | 4: PMC7755813; doi:10.1002/jcla.23551 | 5: PMC5015491; doi:10.4103/0974-2727.187928 | 6: PMC7031586; doi:10.1002/jcla.23060 | 7: PMC3638693; doi:10.1155/2013/769479 | 8: PMC3900085; doi:10.11613/BM.2013.009 | 9: PMC5382866; doi:10.11613/BM.2017.024 | 10: PMC3900071; doi:10.11613/BM.2013.039,Impact of delayed centrifugation on the stability of 32 biochemical analytes in blood samples collected in serum gel tubes and stored at room temperature,pmid:40079584; doi:10.1515/cclm-2025-0109,1,,,,,0,0.0,s_951498a0
Q064,Pre-centrifugation delay and transport,Which serum analytes became unstable after four hours of delayed centrifugation at room temperature?,hyde,vector,"pmc,biorxiv,medrxiv,arxiv,abstracts_only","Serum samples were collected from patients and immediately placed into EDTA-containing tubes. Despite prompt processing, a subset of samples experienced a delay of four hours before centrifugation at room temperature (21°C). Analysis revealed that glucose levels significantly decreased by 8% over this period, while lactate dehydrogenase (LDH) showed a more pronounced decline, dropping by 15%. Other analytes such as creatinine and bilirubin remained stable within the expected range. These findings suggest that prolonged room temperature storage before centrifugation can lead to analyte instability, particularly for glucose and LDH.",serum | analytes | became | unstable | four | hours | delayed | centrifugation | room | temperature,,"1: Stability studies of common biochemical analytes in serum separator tubes with or without gel barrier subjected to various storage conditions | 2: Assessment of the stability of 20 biochemical analytes in serum and whole blood samples after storage at nonstandard temperatures | 3: Sample Management: Stability of Plasma and Serum on Different Storage Conditions | 4: Impact of serum-clot contact time on lactate dehydrogenase and inorganic phosphorus serum levels | 5: Alternative pre-analytic sample handling techniques for glucose measurement in the absence of fluoride tubes in low resource settings | 6: Impact of Blood Sample Collection and Processing Methods on Glucose Levels in Community Outreach Studies | 7: Stability of pH, Blood Gas Partial Pressure, Hemoglobin Oxygen Saturation Fraction, and Lactate Concentration | 8: Biochemical analytes in centrifuged blood samples could be affected by the age of subjects in different time periods and storage temperatures | 9: The effect of storage time and freeze-thaw cycles on the stability of serum samples | 10: Stability of 35 biochemical and immunological routine tests after 10 hours storage and transport of human whole blood at 21°C",1: PMC4062343 | 2: PMC12769415; doi:10.1016/j.plabm.2025.e00514 | 3: PMC7109503 | 4: PMC5575367; doi:10.1016/j.plabm.2017.01.002 | 5: PMC8884485; doi:10.1371/journal.pone.0264432 | 6: PMC3556871; doi:10.1155/2013/256151 | 7: PMC7295962; doi:10.3343/alm.2020.40.6.448 | 8: PMC12364043; doi:10.4103/ajts.ajts_178_21 | 9: PMC3900085; doi:10.11613/BM.2013.009 | 10: PMC4219582; doi:10.3109/00365513.2014.928940,Impact of delayed centrifugation on the stability of 32 biochemical analytes in blood samples collected in serum gel tubes and stored at room temperature,pmid:40079584; doi:10.1515/cclm-2025-0109,1,,,,,0,0.0,s_e08f8aa3
Q065,Freeze-thaw and frozen storage,How did progastrin-releasing peptide concentrations change as freeze-thaw cycles increased?,hyde,vector,"pmc,biorxiv,medrxiv,arxiv,abstracts_only","To investigate the stability of progastrin-releasing peptide (GRP) under freeze-thaw conditions, samples were collected from healthy volunteers and stored in EDTA-containing tubes. The specimens underwent a series of 0, 3, 6, 9, and 12 freeze-thaw cycles at −80°C followed by immediate analysis. GRP concentrations were measured using a validated ELISA assay. Results showed that after three freeze-thaw cycles, there was a significant decrease in GRP concentration (p < 0.05), with further reductions observed as the number of cycles increased. By the twelfth cycle, the mean GRP levels had dropped by approximately 40% compared to the initial values, indicating potential degradation and loss of stability over multiple freeze-thaw events. These findings suggest that careful handling is necessary when storing samples containing GRP for prolonged periods.",progastrin-releasing | peptide | concentrations | change | freeze-thaw | cycles | increased,,1: Instability of Plasma and Serum Progastrin-Releasing Peptide During Repeated Freezing and Thawing | 2: Effect of Repeated Freezing and Thawing on Biomarker Stability in Plasma and Serum Samples | 3: Stability and validity of intact parathyroid hormone levels in different sample types and storage conditions | 4: The effect of storage time and freeze-thaw cycles on the stability of serum samples | 5: Degradation and Stabilization of Peptide Hormones in Human Blood Specimens | 6: The influence of different blood samples treatment methods on pro-gastrin-releasing peptide | 7: Impact of Single Freeze-Thaw Cycles on Serum Protein Stability: Implications for Clinical Biomarker Validation Using Mass Spectrometry | 8: Stability of glucagon-like peptide 1 and glucagon in human plasma | 9: Impact of single freeze-thaw cycles on human serum proteins: Implications for mass spectrometry biomarker validation | 10: Stability of thromboxane in blood samples,1: PMC5194227; doi:10.1016/j.phrp.2016.11.004 | 2: PMC4700770; doi:10.1016/j.phrp.2015.11.005 | 3: PMC8183913; doi:10.1002/jcla.23771 | 4: PMC3900085; doi:10.11613/BM.2013.009 | 5: PMC4519045; doi:10.1371/journal.pone.0134427 | 6: PMC6617394; doi:10.1097/MD.0000000000016130 | 7: bio_6971918c74be; doi:10.1101/2025.04.09.647925 | 8: PMC4317691; doi:10.1530/EC-14-0126 | 9: PMC13206734; doi:10.1016/j.isci.2026.115934 | 10: PMC6556106; doi:10.2147/VHRM.S204925,Instability of Plasma and Serum Progastrin-Releasing Peptide During Repeated Freezing and Thawing,pmcid:PMC5194227; pmid:28053839; doi:10.1016/j.phrp.2016.11.004,1,Instability of Plasma and Serum Progastrin-Releasing Peptide During Repeated Freezing and Thawing,PMC5194227,pmcid,1,1,1.0,s_7a025322
Q066,Freeze-thaw and frozen storage,By how much did serum progastrin-releasing peptide decline after four freeze-thaw cycles?,hyde,vector,"pmc,biorxiv,medrxiv,arxiv,abstracts_only","Serum progastrin-releasing peptide (pGRP) levels were measured in specimens collected in EDTA tubes. The samples underwent four freeze-thaw cycles, with each cycle involving freezing at -80°C for 24 hours followed by thawing to room temperature over 30 minutes. Analysis revealed a significant decline of approximately 15% in pGRP concentrations after the fourth freeze-thaw cycle compared to the initial measurement. This reduction suggests that pGRP is moderately stable under these conditions, but repeated freeze-thaw cycles may lead to measurable decreases in its concentration.",much | serum | progastrin-releasing | peptide | decline | four | freeze-thaw | cycles,,"1: Instability of Plasma and Serum Progastrin-Releasing Peptide During Repeated Freezing and Thawing | 2: Effect of Repeated Freezing and Thawing on Biomarker Stability in Plasma and Serum Samples | 3: Impact of Single Freeze-Thaw Cycles on Serum Protein Stability: Implications for Clinical Biomarker Validation Using Mass Spectrometry | 4: Impact of single freeze-thaw cycles on human serum proteins: Implications for mass spectrometry biomarker validation | 5: The effect of storage time and freeze-thaw cycles on the stability of serum samples | 6: The influence of different blood samples treatment methods on pro-gastrin-releasing peptide | 7: Stability and validity of intact parathyroid hormone levels in different sample types and storage conditions | 8: Global Stability of Plasma Proteomes for Mass Spectrometry-Based Analyses * | 9: Impact of Freeze-thaw Cycles and Storage Time on Plasma Samples Used in Mass Spectrometry Based Biomarker Discovery Projects | 10: Stability of Plasma Amyloid-β 1–40, Amyloid-β 1–42, and Total Tau Protein over Repeated Freeze/Thaw Cycles",1: PMC5194227; doi:10.1016/j.phrp.2016.11.004 | 2: PMC4700770; doi:10.1016/j.phrp.2015.11.005 | 3: bio_6971918c74be; doi:10.1101/2025.04.09.647925 | 4: PMC13206734; doi:10.1016/j.isci.2026.115934 | 5: PMC3900085; doi:10.11613/BM.2013.009 | 6: PMC6617394; doi:10.1097/MD.0000000000016130 | 7: PMC8183913; doi:10.1002/jcla.23771 | 8: PMC3433892; doi:10.1074/mcp.M111.014340 | 9: PMC2657648 | 10: PMC7154287; doi:10.1159/000506278,Instability of Plasma and Serum Progastrin-Releasing Peptide During Repeated Freezing and Thawing,pmcid:PMC5194227; pmid:28053839; doi:10.1016/j.phrp.2016.11.004,1,Instability of Plasma and Serum Progastrin-Releasing Peptide During Repeated Freezing and Thawing,PMC5194227,pmcid,1,1,1.0,s_951dca9f
Q067,Pre-centrifugation delay and transport,For how long did most investigated analytes remain stable before centrifugation across the tested storage conditions?,hyde,vector,"pmc,biorxiv,medrxiv,arxiv,abstracts_only","Most analytes remained stable in whole blood specimens collected in EDTA tubes at room temperature (22°C) for up to 72 hours. However, a subset of analytes, including lactate dehydrogenase (LDH), showed reduced stability after 48 hours, with significant decreases observed beyond this period. Centrifugation within the first 72 hours was recommended to ensure accurate measurement of these analytes. Storage in refrigerated conditions (4°C) extended the stability window for all tested analytes, allowing up to 96 hours before centrifugation without compromising their integrity.",long | most | investigated | analytes | remain | stable | centrifugation | across | tested | storage | conditions,,"1: Assessment of the stability of 20 biochemical analytes in serum and whole blood samples after storage at nonstandard temperatures | 2: How Long can we Store Blood Samples: A Systematic Review and Meta-Analysis | 3: Stability of 35 biochemical and immunological routine tests after 10 hours storage and transport of human whole blood at 21°C | 4: Stability studies of common biochemical analytes in serum separator tubes with or without gel barrier subjected to various storage conditions | 5: Stability of hematological analytes during 48 hours storage at three temperatures using Cell-Dyn hematology analyzer | 6: The impact of pre‐analytical variations on biochemical analytes stability: A systematic review | 7: The stability of quantitative blood count parameters using the ADVIA 2120i hematology analyzer | 8: Stability of pH, Blood Gas Partial Pressure, Hemoglobin Oxygen Saturation Fraction, and Lactate Concentration | 9: Quality assurance of add-on testing in plasma samples: stability limit for 29 biochemical analytes | 10: Study of the Stability of Various Biochemical Analytes in Samples Stored at Different Predefined Storage Conditions at an Accredited Laboratory of India",1: PMC12769415; doi:10.1016/j.plabm.2025.e00514 | 2: PMC5652294; doi:10.1016/j.ebiom.2017.09.024 | 3: PMC4219582; doi:10.3109/00365513.2014.928940 | 4: PMC4062343 | 5: PMC8199497; doi:10.5937/jomb0-27945 | 6: PMC7755813; doi:10.1002/jcla.23551 | 7: PMC5574499; doi:10.1016/j.plabm.2015.12.001 | 8: PMC7295962; doi:10.3343/alm.2020.40.6.448 | 9: PMC11042558; doi:10.11613/BM.2024.020704 | 10: PMC5015491; doi:10.4103/0974-2727.187928,"Stability study of 81 analytes in human whole blood, in serum and in plasma",pmid:22285385; doi:10.1016/j.clinbiochem.2012.01.012,1,,,,,0,0.0,s_c674d8d3
Q068,"Specimen, tube, and processing effects","Which pre-analytical variables significantly affected some analytes in whole blood, serum, or plasma?",hyde,vector,"pmc,biorxiv,medrxiv,arxiv,abstracts_only","Whole blood, serum, and plasma samples were collected into EDTA, heparin, and sodium citrate tubes, respectively. Specimens were stored at room temperature (20-25°C) for up to 72 hours before analysis. Analytes such as glucose, lactate dehydrogenase (LDH), and creatine kinase (CK) showed significant variability depending on the pre-analytical conditions. For instance, glucose levels in whole blood decreased by approximately 1% per hour at room temperature, while LDH activity in serum increased by about 5 U/L over the same period. Plasma samples exhibited minimal changes in analyte concentrations under similar conditions. These findings suggest that processing delays and storage temperatures can significantly impact certain analytes, necessitating stringent handling protocols to ensure accurate results.",pre-analytical | variables | significantly | affected | some | analytes | whole | blood | serum | plasma,,"1: Stability studies of common biochemical analytes in serum separator tubes with or without gel barrier subjected to various storage conditions | 2: Assessment of the stability of 20 biochemical analytes in serum and whole blood samples after storage at nonstandard temperatures | 3: Stability of 35 biochemical and immunological routine tests after 10 hours storage and transport of human whole blood at 21°C | 4: The impact of pre‐analytical variations on biochemical analytes stability: A systematic review | 5: Sample Management: Stability of Plasma and Serum on Different Storage Conditions | 6: Stability of pH, Blood Gas Partial Pressure, Hemoglobin Oxygen Saturation Fraction, and Lactate Concentration | 7: How Long can we Store Blood Samples: A Systematic Review and Meta-Analysis | 8: Study of the Stability of Various Biochemical Analytes in Samples Stored at Different Predefined Storage Conditions at an Accredited Laboratory of India | 9: Time collection and storage conditions of lipid profile | 10: The effect of storage time and freeze-thaw cycles on the stability of serum samples",1: PMC4062343 | 2: PMC12769415; doi:10.1016/j.plabm.2025.e00514 | 3: PMC4219582; doi:10.3109/00365513.2014.928940 | 4: PMC7755813; doi:10.1002/jcla.23551 | 5: PMC7109503 | 6: PMC7295962; doi:10.3343/alm.2020.40.6.448 | 7: PMC5652294; doi:10.1016/j.ebiom.2017.09.024 | 8: PMC5015491; doi:10.4103/0974-2727.187928 | 9: PMC5769759; doi:10.1590/1414-431X20176955 | 10: PMC3900085; doi:10.11613/BM.2013.009,"Stability study of 81 analytes in human whole blood, in serum and in plasma",pmid:22285385; doi:10.1016/j.clinbiochem.2012.01.012,1,,,,,0,0.0,s_bf6b3499
Q069,Freeze-thaw and frozen storage,Which four biochemical serum components were among those robust to ten repeated thaws?,hyde,vector,"pmc,biorxiv,medrxiv,arxiv,abstracts_only","Four biochemical serum components demonstrated stability across multiple freeze-thaw cycles: albumin (mean recovery rate of 97.5% after 10 cycles), total protein (recovery rates ranging from 86.2% to 94.3%), immunoglobulin G (IgG) (consistent recovery at 91.7% across all cycles), and glucose (average recovery of 93.1%). These components were collected in serum separator tubes, processed within 2 hours post-collection, stored at −80°C, and showed no significant degradation after ten repeated freeze-thaw cycles over a period of one year.",four | biochemical | serum | components | among | robust | ten | repeated | thaws,,"1: The effect of storage time and freeze-thaw cycles on the stability of serum samples | 2: Study of the Stability of Various Biochemical Analytes in Samples Stored at Different Predefined Storage Conditions at an Accredited Laboratory of India | 3: Assessment of the stability of 20 biochemical analytes in serum and whole blood samples after storage at nonstandard temperatures | 4: Comparison of glucose concentrations in samples frozen for varying durations and subjected to freeze-thaw cycles using 2 assay systems | 5: Impact of Single Freeze-Thaw Cycles on Serum Protein Stability: Implications for Clinical Biomarker Validation Using Mass Spectrometry | 6: Stability studies of common biochemical analytes in serum separator tubes with or without gel barrier subjected to various storage conditions | 7: Pre‐analytical stability of selected biochemical analytes in serum of horses and oxen stored at −20°C | 8: The Effects of a Single Freeze-Thaw Cycle on Concentrations of Nutritional, Noncommunicable Disease, and Inflammatory Biomarkers in Serum Samples | 9: Stability of Some Biochemical Parameters in Sheep and Goat Serum Stored at −20℃ | 10: Effect of Repeated Freezing and Thawing on Biomarker Stability in Plasma and Serum Samples",1: PMC3900085; doi:10.11613/BM.2013.009 | 2: PMC5015491; doi:10.4103/0974-2727.187928 | 3: PMC12769415; doi:10.1016/j.plabm.2025.e00514 | 4: PMC12848267; doi:10.3168/jdsc.2024-0729 | 5: bio_6971918c74be; doi:10.1101/2025.04.09.647925 | 6: PMC4062343 | 7: PMC10867542; doi:10.1002/vms3.1368 | 8: PMC8154350; doi:10.1055/s-0041-1726575 | 9: PMC9695570; doi:10.2147/VMRR.S391254 | 10: PMC4700770; doi:10.1016/j.phrp.2015.11.005,Effect of multiple freeze-thaw cycles on selected biochemical serum components,pmid:27987362; doi:10.1515/cclm-2016-0892,1,,,,,0,0.0,s_64c9d539
Q070,Freeze-thaw and frozen storage,Which serum components showed statistically significant pairwise differences after repeated thaws?,hyde,vector,"pmc,biorxiv,medrxiv,arxiv,abstracts_only","Serum samples were collected in EDTA tubes from healthy volunteers and stored at −80°C. After thawing the serum once, aliquots were subjected to an additional three freeze-thaw cycles. Pairwise comparisons of the post-thaw sera revealed statistically significant differences (p < 0.05) in concentrations of albumin, globulin, and triglycerides compared to their initial frozen state. No significant changes were observed for glucose or cholesterol levels across the repeated thawing process. These findings suggest that certain serum components are more susceptible to degradation during multiple freeze-thaw cycles.",serum | components | showed | statistically | significant | pairwise | differences | repeated | thaws,,"1: The effect of storage time and freeze-thaw cycles on the stability of serum samples | 2: The Effects of a Single Freeze-Thaw Cycle on Concentrations of Nutritional, Noncommunicable Disease, and Inflammatory Biomarkers in Serum Samples | 3: Effect of Repeated Freezing and Thawing on Biomarker Stability in Plasma and Serum Samples | 4: Effect of Repeated Freeze-Thaw on Serum Biomarkers Associated with Eye Disease | 5: Study of the Stability of Various Biochemical Analytes in Samples Stored at Different Predefined Storage Conditions at an Accredited Laboratory of India | 6: Impact of single freeze-thaw cycles on human serum proteins: Implications for mass spectrometry biomarker validation | 7: The influence of various sample storage conditions and sample bacterial contamination on concentrations of routine biochemical parameters | 8: Comparison of glucose concentrations in samples frozen for varying durations and subjected to freeze-thaw cycles using 2 assay systems | 9: Impact of Single Freeze-Thaw Cycles on Serum Protein Stability: Implications for Clinical Biomarker Validation Using Mass Spectrometry | 10: Stability studies of common biochemical analytes in serum separator tubes with or without gel barrier subjected to various storage conditions",1: PMC3900085; doi:10.11613/BM.2013.009 | 2: PMC8154350; doi:10.1055/s-0041-1726575 | 3: PMC4700770; doi:10.1016/j.phrp.2015.11.005 | 4: PMC6054774; doi:10.12659/MSM.908567 | 5: PMC5015491; doi:10.4103/0974-2727.187928 | 6: PMC13206734; doi:10.1016/j.isci.2026.115934 | 7: PMC11318062; doi:10.5937/jomb0-40360 | 8: PMC12848267; doi:10.3168/jdsc.2024-0729 | 9: bio_6971918c74be; doi:10.1101/2025.04.09.647925 | 10: PMC4062343,Effect of multiple freeze-thaw cycles on selected biochemical serum components,pmid:27987362; doi:10.1515/cclm-2016-0892,1,,,,,0,0.0,s_f606ce88
Q071,Pre-centrifugation delay and transport,What elapsed time between blood collection and processing was evaluated for serum and plasma metabolomics?,hyde,vector,"pmc,biorxiv,medrxiv,arxiv,abstracts_only","The study assessed the impact of varying post-collection delays on serum and plasma samples for metabolomic analysis. Blood specimens were collected into tubes containing sodium citrate as an anticoagulant. Samples were processed either immediately or after 1, 2, 4, and 8 hours following collection. Metabolite profiling was performed using liquid chromatography-mass spectrometry (LC-MS). The results indicated that while some metabolites remained stable for up to 4 hours, significant changes in others were observed by the 8-hour mark, particularly in plasma samples. These findings suggest that processing delays should be minimized to ensure accurate metabolomic analysis.",elapsed | time | blood | collection | processing | evaluated | serum | plasma | metabolomics,,"1: Impact of Blood Collection Tubes and Sample Handling Time on Serum and Plasma Metabolome and Lipidome | 2: Impact of Prolonged Blood Incubation and Extended Serum Storage at Room Temperature on the Human Serum Metabolome | 3: An Overview of Pre-Analytical Factors Impacting Metabolomics Analyses of Blood Samples | 4: A Systematic Evaluation of Blood Serum and Plasma Pre-Analytics for Metabolomics Cohort Studies | 5: Effects of pre-analytical processes on blood samples used in metabolomics studies | 6: Pre-Analytical Factors that Affect Metabolite Stability in Human Urine, Plasma, and Serum: A Review | 7: Effect of Delayed Centrifugation on the Levels of NMR-Measured Lipoproteins and Metabolites in Plasma and Serum Samples | 8: Disease and Medication Context Shape Ex Vivo Metabolite Stability: A Pilot Study in Systemic Lupus Erythematosus | 9: Variability of human fasted venous plasma metabolomic profiles with tourniquet induced hemostasis | 10: Stability of amino acids and related amines in human serum under different preprocessing and pre-storage conditions based on iTRAQ ® -LC-MS/MS",1: PMC6316012; doi:10.3390/metabo8040088 | 2: PMC5875996; doi:10.3390/metabo8010006 | 3: PMC11433674; doi:10.3390/metabo14090474 | 4: PMC5187835; doi:10.3390/ijms17122035 | 5: PMC4471316; doi:10.1007/s00216-015-8565-x | 6: PMC6724180; doi:10.3390/metabo9080156 | 7: PMC9753045; doi:10.1021/acs.analchem.2c02167 | 8: PMC12654355; doi:10.3390/metabo15110738 | 9: PMC8712516; doi:10.1038/s41598-021-03665-2 | 10: bio_46810b3b6c28; doi:10.1101/2020.07.14.202473,Standard operating procedures for pre-analytical handling of blood and urine for metabolomic studies and biobanks,pmid:21380509; doi:10.1007/s10858-011-9489-1,1,,,,,0,0.0,s_c75b484c
Q072,"Specimen, tube, and processing effects",Which urine pretreatments were evaluated before storage for metabolomics biobanking?,hyde,vector,"pmc,biorxiv,medrxiv,arxiv,abstracts_only","Urine samples were collected in PAXgene Urine tubes (PreAnalytiX) and immediately processed according to the manufacturer's protocol. Samples were either stored at room temperature (RT, 20°C) or refrigerated at 4°C. Pretreatments evaluated included centrifugation at 1500 g for 10 minutes followed by storage in the respective conditions. Metabolomic analysis was performed using ultra-performance liquid chromatography coupled with quadrupole time-of-flight mass spectrometry (UPLC-QTOF-MS). The results showed that refrigerated samples exhibited higher metabolite stability compared to those stored at RT, with minimal degradation observed within 72 hours of collection.",urine | pretreatments | evaluated | storage | metabolomics | biobanking,,"1: Influence of Storage Conditions and Preservatives on Metabolite Fingerprints in Urine | 2: Impact of collection conditions on the metabolite content of human urine samples as analyzed by liquid chromatography coupled to mass spectrometry and nuclear magnetic resonance spectroscopy | 3: Influence of Freezing and Storage Procedure on Human Urine Samples in NMR-Based Metabolomics | 4: Stability of targeted metabolite profiles of urine samples under different storage conditions | 5: Pre-Analytical Factors that Affect Metabolite Stability in Human Urine, Plasma, and Serum: A Review | 6: Urinary Metabolomic Profile is Minimally Impacted by Common Storage Conditions and Additives | 7: Effects of Preanalytical Sample Collection and Handling on Comprehensive Metabolite Measurements in Human Urine Biospecimens | 8: Recommendations and Best Practices for Standardizing the Pre-Analytical Processing of Blood and Urine Samples in Metabolomics",1: PMC6836253; doi:10.3390/metabo9100203 | 2: PMC4559108; doi:10.1007/s11306-014-0764-5 | 3: PMC3901271; doi:10.3390/metabo3020243 | 4: PMC5126183; doi:10.1007/s11306-016-1137-z | 5: PMC6724180; doi:10.3390/metabo9080156 | 6: PMC12064589; doi:10.1007/s00192-025-06069-2 | 7: PMC10896411; doi:10.1101/2024.01.24.24301735 | 8: PMC7344701; doi:10.3390/metabo10060229,Standard operating procedures for pre-analytical handling of blood and urine for metabolomic studies and biobanks,pmid:21380509; doi:10.1007/s10858-011-9489-1,1,,,,,0,0.0,s_461e0481
Q073,"Specimen, tube, and processing effects","Which urine preservative caused the largest metabolomic impact, and how many metabolites were altered?",hyde,vector,"pmc,biorxiv,medrxiv,arxiv,abstracts_only","To investigate the effect of different preservatives on urinary metabolomics, three commonly used preservatives—sodium metabisulfite (SMS), sodium fluoride (NaF), and oxalate—were tested. Urine samples were collected in tubes containing each preservative and stored at 4°C for up to 72 hours. Metabolomic analysis revealed that SMS significantly altered the levels of 156 metabolites, compared to only 89 and 73 metabolites affected by NaF and oxalate, respectively. These findings suggest that SMS is the most potent preservative in terms of metabolite alteration among the tested compounds.",urine | preservative | caused | largest | metabolomic | impact | many | metabolites | altered,,"1: Influence of Storage Conditions and Preservatives on Metabolite Fingerprints in Urine | 2: Influence of Freezing and Storage Procedure on Human Urine Samples in NMR-Based Metabolomics | 3: Urinary Metabolomic Profile is Minimally Impacted by Common Storage Conditions and Additives | 4: Impact of collection conditions on the metabolite content of human urine samples as analyzed by liquid chromatography coupled to mass spectrometry and nuclear magnetic resonance spectroscopy | 5: Effects of Preanalytical Sample Collection and Handling on Comprehensive Metabolite Measurements in Human Urine Biospecimens | 6: Impact of Blood Collection Tubes and Sample Handling Time on Serum and Plasma Metabolome and Lipidome | 7: Pre-Analytical Factors that Affect Metabolite Stability in Human Urine, Plasma, and Serum: A Review | 8: Impact of Prolonged Blood Incubation and Extended Serum Storage at Room Temperature on the Human Serum Metabolome",1: PMC6836253; doi:10.3390/metabo9100203 | 2: PMC3901271; doi:10.3390/metabo3020243 | 3: PMC12064589; doi:10.1007/s00192-025-06069-2 | 4: PMC4559108; doi:10.1007/s11306-014-0764-5 | 5: PMC10896411; doi:10.1101/2024.01.24.24301735 | 6: PMC6316012; doi:10.3390/metabo8040088 | 7: PMC6724180; doi:10.3390/metabo9080156 | 8: PMC5875996; doi:10.3390/metabo8010006,Effects of preanalytical sample collection and handling on comprehensive metabolite measurements in human urine biospecimens,pmid:39284767; doi:10.1093/aje/kwae347,1,Effects of Preanalytical Sample Collection and Handling on Comprehensive Metabolite Measurements in Human Urine Biospecimens,Effects of Preanalytical Sample Collection and Handling on Comprehensive Metabolite Measurements in Human Urine Biospecimens,title,5,1,0.2,s_360c9705
Q074,"Specimen, tube, and processing effects",How did pre-analytical handling effects on the urinary metabolome compare with those in serum?,hyde,vector,"pmc,biorxiv,medrxiv,arxiv,abstracts_only","Urinary and serum samples were collected from 50 healthy volunteers at different times of day, with each specimen type placed into appropriate collection tubes (urine: PAXgene Urine Tube; serum: PAXgene Blood RNA Tube). Specimens were processed within 2 hours post-collection. Urine was stored at -80°C, while serum samples were kept at 4°C for up to 7 days. Metabolomic analysis revealed that urinary metabolites showed greater stability over time compared to serum metabolites, with a higher retention of analytes after 7 days (urine: 92% vs. serum: 68%). This suggests that pre-analytical handling and storage conditions significantly impact the urinary metabolome more favorably than the serum metabolome.",pre-analytical | handling | effects | urinary | metabolome | compare | serum,,"1: Influence of Storage Conditions and Preservatives on Metabolite Fingerprints in Urine | 2: Impact of Blood Collection Tubes and Sample Handling Time on Serum and Plasma Metabolome and Lipidome | 3: Impact of Prolonged Blood Incubation and Extended Serum Storage at Room Temperature on the Human Serum Metabolome | 4: Pre-Analytical Factors that Affect Metabolite Stability in Human Urine, Plasma, and Serum: A Review | 5: Stability of targeted metabolite profiles of urine samples under different storage conditions | 6: Urinary Metabolomic Profile is Minimally Impacted by Common Storage Conditions and Additives | 7: Influence of Freezing and Storage Procedure on Human Urine Samples in NMR-Based Metabolomics | 8: Impact of collection conditions on the metabolite content of human urine samples as analyzed by liquid chromatography coupled to mass spectrometry and nuclear magnetic resonance spectroscopy | 9: Effects of Preanalytical Sample Collection and Handling on Comprehensive Metabolite Measurements in Human Urine Biospecimens",1: PMC6836253; doi:10.3390/metabo9100203 | 2: PMC6316012; doi:10.3390/metabo8040088 | 3: PMC5875996; doi:10.3390/metabo8010006 | 4: PMC6724180; doi:10.3390/metabo9080156 | 5: PMC5126183; doi:10.1007/s11306-016-1137-z | 6: PMC12064589; doi:10.1007/s00192-025-06069-2 | 7: PMC3901271; doi:10.3390/metabo3020243 | 8: PMC4559108; doi:10.1007/s11306-014-0764-5 | 9: PMC10896411; doi:10.1101/2024.01.24.24301735,Effects of preanalytical sample collection and handling on comprehensive metabolite measurements in human urine biospecimens,pmid:39284767; doi:10.1093/aje/kwae347,1,Effects of Preanalytical Sample Collection and Handling on Comprehensive Metabolite Measurements in Human Urine Biospecimens,Effects of Preanalytical Sample Collection and Handling on Comprehensive Metabolite Measurements in Human Urine Biospecimens,title,9,1,0.1111,s_645bd340
Q075,Pre-centrifugation delay and transport,For how long did RNA remain stable in fresh colon cancer tissue kept at room temperature or on ice before snap freezing?,hyde,vector,"pmc,biorxiv,medrxiv,arxiv,abstracts_only","Fresh colon cancer tissue samples were collected and placed either at room temperature (22°C) or on ice. Specimens left at room temperature showed a significant decrease in RNA stability, with only 50% of the initial RNA content remaining after 30 minutes. In contrast, tissues kept on ice maintained 85% of their initial RNA levels over the same period. Snap freezing was performed immediately upon collection for samples stored on ice and within 60 minutes for those at room temperature to ensure optimal RNA preservation. These results indicate that RNA stability in colon cancer tissue is significantly compromised at room temperature, necessitating rapid cooling for reliable RNA recovery.",long | rna | remain | stable | fresh | colon | cancer | tissue | kept | room | temperature | ice | snap | freezing,,"1: Effects of Delay in the Snap Freezing of Colorectal Cancer Tissues on the Quality of DNA and RNA | 2: Impact of Cold Ischemic Time and Freeze-Thaw Cycles on RNA, DNA and Protein Quality in Colorectal Cancer Tissues Biobanking | 3: Pre-Analytical Determination of the Effect of Extended Warm or Cold Ischaemia on RNA Stability in the Human Ileum Mucosa | 4: Assessing the quality of RNA isolated from human breast tissue after ambient room temperature exposure | 5: Biobanking of Fresh-Frozen Human Adenocarcinomatous and Normal Colon Tissues: Which Parameters Influence RNA Quality? | 6: Multicenter fresh frozen tissue sampling in colorectal cancer: does the quality meet the standards for state of the art biomarker research? | 7: Effects of ex vivo ischemia time and delayed processing on quality of specimens in tissue biobank | 8: Method Optimization for Extracting High-Quality RNA From the Human Pancreas Tissue 1 2 | 9: Impact of Delay to Cryopreservation on RNA Integrity and Genome-Wide Expression Profiles in Resected Tumor Samples | 10: The focus on sample quality: Influence of colon tissue collection on reliability of qPCR data",1: PMC2998017; doi:10.3393/jksc.2010.26.5.316 | 2: PMC6775519; doi:10.7150/jca.29372 | 3: PMC4570714; doi:10.1371/journal.pone.0138214 | 4: PMC8765617; doi:10.1371/journal.pone.0262654 | 5: PMC4849710; doi:10.1371/journal.pone.0154326 | 6: PMC5587614; doi:10.1007/s10561-017-9613-x | 7: PMC7533433; doi:10.3892/mmr.2020.11503 | 8: PMC6060079; doi:10.1016/j.tranon.2018.04.004 | 9: PMC3835918; doi:10.1371/journal.pone.0079826 | 10: PMC4935944; doi:10.1038/srep29023,Biobanking of fresh-frozen human colon tissues: impact of tissue ex-vivo ischemia times and storage periods on RNA quality,pmid:22711177; doi:10.1245/s10434-012-2440-1,1,,,,,0,0.0,s_bd63957e
Q076,Storage temperature and duration,Did long-term storage of banked colon specimens reduce RNA quality?,hyde,vector,"pmc,biorxiv,medrxiv,arxiv,abstracts_only","Long-term storage of banked colon specimens in RNAlater® solution (Qiagen) at −80°C was assessed for its impact on RNA quality. Specimens were collected into RNAlater® tubes and stored for up to 5 years. RNA extraction was performed using the RNeasy Mini Kit (Qiagen). Analysis of RNA integrity numbers (RINs) revealed a significant decrease in RNA quality over time, with specimens stored for 36 months or longer showing an average RIN of 4.2 compared to 7.1 for those stored for less than 12 months. These results suggest that prolonged storage may compromise RNA stability.",long-term | storage | banked | colon | specimens | reduce | rna | quality,,"1: Effects of Delay in the Snap Freezing of Colorectal Cancer Tissues on the Quality of DNA and RNA | 2: The Interference of RNA Preservative and Post-Collection Interval on RNA Integrity from Different Mice Tissues | 3: Biobanking of Fresh-Frozen Human Adenocarcinomatous and Normal Colon Tissues: Which Parameters Influence RNA Quality? | 4: Method Optimization for Extracting High-Quality RNA From the Human Pancreas Tissue 1 2 | 5: Impact of Cold Ischemic Time and Freeze-Thaw Cycles on RNA, DNA and Protein Quality in Colorectal Cancer Tissues Biobanking | 6: Assessing the quality of RNA isolated from human breast tissue after ambient room temperature exposure | 7: Determinants of RNA Quality from FFPE Samples | 8: Effects of ex vivo ischemia time and delayed processing on quality of specimens in tissue biobank | 9: Effect of preservation time of formalin-fixed paraffin-embedded tissues on extractable DNA and RNA quantity | 10: Long Term Storage of Dry versus Frozen RNA for Next Generation Molecular Studies",1: PMC2998017; doi:10.3393/jksc.2010.26.5.316 | 2: PMC12732537; doi:10.3390/genes16121421 | 3: PMC4849710; doi:10.1371/journal.pone.0154326 | 4: PMC6060079; doi:10.1016/j.tranon.2018.04.004 | 5: PMC6775519; doi:10.7150/jca.29372 | 6: PMC8765617; doi:10.1371/journal.pone.0262654 | 7: PMC2092395; doi:10.1371/journal.pone.0001261 | 8: PMC7533433; doi:10.3892/mmr.2020.11503 | 9: PMC7309401; doi:10.1177/0300060520931259 | 10: PMC4224406; doi:10.1371/journal.pone.0111827,Biobanking of fresh-frozen human colon tissues: impact of tissue ex-vivo ischemia times and storage periods on RNA quality,pmid:22711177; doi:10.1245/s10434-012-2440-1,1,,,,,0,0.0,s_af313199
Q077,Pre-centrifugation delay and transport,For how long did RNA remain intact when fresh kidney cancer tissue was kept on ice before freezing?,hyde,vector,"pmc,biorxiv,medrxiv,arxiv,abstracts_only","Fresh kidney cancer tissue samples were collected and placed in RNAlater® stabilization solution within 30 minutes of excision. The specimens were then stored at 4°C for up to 72 hours prior to being frozen at −80°C. RNA integrity numbers (RINs) were assessed using an Agilent 2100 Bioanalyzer, and results showed that samples collected and processed within the first 24 hours post-excision had RIN values ranging from 6.5 to 9.0, indicating good quality RNA. Samples stored for 72 hours still maintained a RIN of 5.8 on average, suggesting that RNA integrity was preserved even after three days at 4°C.",long | rna | remain | intact | fresh | kidney | cancer | tissue | kept | ice | freezing,,"1: Effects of Delay in the Snap Freezing of Colorectal Cancer Tissues on the Quality of DNA and RNA | 2: Assessing the quality of RNA isolated from human breast tissue after ambient room temperature exposure | 3: Effects of ex vivo ischemia time and delayed processing on quality of specimens in tissue biobank | 4: The Interference of RNA Preservative and Post-Collection Interval on RNA Integrity from Different Mice Tissues | 5: Method Optimization for Extracting High-Quality RNA From the Human Pancreas Tissue 1 2 | 6: RNA-Integrity and 8-Isoprostane Levels Are Stable in Prostate Tissue Samples Upon Long-Term Storage at −80°C | 7: Optimizing RNA quality in cryopreserved tissues without preservatives: impact of preservatives, thawing methods and tissue aliquot sizes | 8: Impact of Cold Ischemic Time and Freeze-Thaw Cycles on RNA, DNA and Protein Quality in Colorectal Cancer Tissues Biobanking | 9: Comparison of frozen and RNALater solid tissue storage methods for use in RNA expression microarrays | 10: Biobanking after robotic-assisted radical prostatectomy: a quality assessment of providing prostate tissue for RNA studies",1: PMC2998017; doi:10.3393/jksc.2010.26.5.316 | 2: PMC8765617; doi:10.1371/journal.pone.0262654 | 3: PMC7533433; doi:10.3892/mmr.2020.11503 | 4: PMC12732537; doi:10.3390/genes16121421 | 5: PMC6060079; doi:10.1016/j.tranon.2018.04.004 | 6: PMC7892308; doi:10.1089/bio.2019.0136 | 7: PMC12584263; doi:10.1186/s12896-025-01059-0 | 8: PMC6775519; doi:10.7150/jca.29372 | 9: PMC534099; doi:10.1186/1471-2164-5-88 | 10: PMC3161873; doi:10.1186/1479-5876-9-121,Effect of Duration of Ex Vivo Ischemia Time and Storage Period on RNA Quality in Biobanked Human Renal Cell Carcinoma Tissue,pmid:25567356; doi:10.1245/s10434-014-4327-9,1,,,,,0,0.0,s_6c4fa248
Q078,Biospecimen quality control and SOPs,How should fresh human cancer tissue be transported before biobanking to protect RNA quality?,hyde,vector,"pmc,biorxiv,medrxiv,arxiv,abstracts_only","Fresh human cancer tissue samples were collected and placed in RNAlater® Solution (Thermo Fisher Scientific) within 30 minutes of surgical resection. Specimens were stored in 5 mL collection tubes at 4°C for up to 72 hours before processing. RNA extraction was performed using the RNeasy Mini Kit (Qiagen) according to the manufacturer's protocol, and quality assessment was conducted via Agilent Bioanalyzer 2100 (Agilent Technologies). The results showed that samples stored under these conditions maintained RNA integrity with an average RIN score of 7.5, indicating good quality for downstream applications such as gene expression analysis.",fresh | human | cancer | tissue | transported | biobanking | protect | rna | quality,,"1: Method Optimization for Extracting High-Quality RNA From the Human Pancreas Tissue 1 2 | 2: The Interference of RNA Preservative and Post-Collection Interval on RNA Integrity from Different Mice Tissues | 3: Assessing the quality of RNA isolated from human breast tissue after ambient room temperature exposure | 4: Effects of Delay in the Snap Freezing of Colorectal Cancer Tissues on the Quality of DNA and RNA | 5: Impact of Cold Ischemic Time and Freeze-Thaw Cycles on RNA, DNA and Protein Quality in Colorectal Cancer Tissues Biobanking | 6: Effects of ex vivo ischemia time and delayed processing on quality of specimens in tissue biobank | 7: Comparison of frozen and RNALater solid tissue storage methods for use in RNA expression microarrays | 8: RNA-Integrity and 8-Isoprostane Levels Are Stable in Prostate Tissue Samples Upon Long-Term Storage at −80°C | 9: Pre-Analytical Determination of the Effect of Extended Warm or Cold Ischaemia on RNA Stability in the Human Ileum Mucosa | 10: Multicenter fresh frozen tissue sampling in colorectal cancer: does the quality meet the standards for state of the art biomarker research?",1: PMC6060079; doi:10.1016/j.tranon.2018.04.004 | 2: PMC12732537; doi:10.3390/genes16121421 | 3: PMC8765617; doi:10.1371/journal.pone.0262654 | 4: PMC2998017; doi:10.3393/jksc.2010.26.5.316 | 5: PMC6775519; doi:10.7150/jca.29372 | 6: PMC7533433; doi:10.3892/mmr.2020.11503 | 7: PMC534099; doi:10.1186/1471-2164-5-88 | 8: PMC7892308; doi:10.1089/bio.2019.0136 | 9: PMC4570714; doi:10.1371/journal.pone.0138214 | 10: PMC5587614; doi:10.1007/s10561-017-9613-x,Effect of Duration of Ex Vivo Ischemia Time and Storage Period on RNA Quality in Biobanked Human Renal Cell Carcinoma Tissue,pmid:25567356; doi:10.1245/s10434-014-4327-9,1,,,,,0,0.0,s_ea7d1b24
Q079,Storage temperature and duration,How did more than half of the urine analytes compare with baseline after more than ten years at −22°C?,hyde,vector,"pmc,biorxiv,medrxiv,arxiv,abstracts_only","In this study, we evaluated the stability of various urine analytes stored at −22°C for over a decade. Of the 18 analytes tested, 10 (56%) retained their baseline values within acceptable limits throughout the entire duration of storage. Analytes such as creatinine and glucose showed minimal degradation, maintaining their integrity after 10 years of frozen storage. However, some analytes like uric acid and bilirubin exhibited significant changes, deviating from baseline levels. These findings suggest that while certain urine analytes can be reliably stored at −22°C for extended periods, others may require more stringent handling or alternative storage conditions to ensure accurate long-term analysis.",more | half | urine | analytes | compare | baseline | ten | years,,"1: The effect of storage time and freeze-thaw cycles on the stability of serum samples | 2: Study of the Stability of Various Biochemical Analytes in Samples Stored at Different Predefined Storage Conditions at an Accredited Laboratory of India | 3: Sample Management: Stability of Plasma and Serum on Different Storage Conditions | 4: Stability of urinary albumin and creatinine after 12 months storage at −20 °C and −80 °C | 5: Assessment of the stability of 20 biochemical analytes in serum and whole blood samples after storage at nonstandard temperatures | 6: Effects of Different Voided Urine Sample Storage Time, Temperature, and Preservatives on Analysis with Multiplex Bead-Based Oncuria Bladder Cancer Immunoassay | 7: Long-term stability of clinically relevant chemistry analytes in pleural and peritoneal fluid | 8: The impact of pre‐analytical variations on biochemical analytes stability: A systematic review | 9: Effect of very long-term storage and multiple freeze and thaw cycles on 11-dehydro-thromboxane-B 2 and 8-iso-prostaglandin F 2α, levels in human urine samples by validated enzyme immunoassays | 10: Clinical Study Support by Long-Term Stability Studies of Alpha 1 -Proteinase Inhibitor and Urea in Relevant Biological Matrices",1: PMC3900085; doi:10.11613/BM.2013.009 | 2: PMC5015491; doi:10.4103/0974-2727.187928 | 3: PMC7109503 | 4: PMC6451166; doi:10.1016/j.plabm.2019.e00120 | 5: PMC12769415; doi:10.1016/j.plabm.2025.e00514 | 6: PMC11763964; doi:10.3390/diagnostics15020138 | 7: PMC7138007; doi:10.11613/BM.2020.020701 | 8: PMC7755813; doi:10.1002/jcla.23551 | 9: PMC10917770; doi:10.1038/s41598-024-55720-3 | 10: PMC12030187; doi:10.3390/ph18040572,Long-term urine biobanking: storage stability of clinical chemical parameters under moderate freezing conditions without use of preservatives,pmid:25239781; doi:10.1016/j.clinbiochem.2014.09.009,1,,,,,0,0.0,s_5d2ed507
Q080,Storage temperature and duration,What storage duration at −22°C was considered acceptable for later measurement of several urine analytes?,hyde,vector,"pmc,biorxiv,medrxiv,arxiv,abstracts_only","The acceptability of storage duration at −22°C for various urine analytes was evaluated over a period ranging from 3 to 6 months. Specimens were collected in BD Vacutainer® Z-Top tubes and immediately frozen without any additives. The processing delay between collection and freezing did not exceed 4 hours. Analytes including glucose, protein, creatinine, and leukocyte esterase were measured using standard enzymatic assays. Results showed that all analytes maintained acceptable stability for up to 6 months at −22°C, with minimal deviations from baseline values observed beyond this period. These findings suggest that urine specimens stored under these conditions can be reliably analyzed within the specified duration without compromising analytical accuracy.",storage | duration | considered | acceptable | later | measurement | several | urine | analytes,,"1: The effectiveness of BD Vacutainer® Plus Urinalysis Preservative Tubes in preservation of urine for chemical strip analysis and particle counting | 2: The effect of storage time and freeze-thaw cycles on the stability of serum samples | 3: Effects of Different Voided Urine Sample Storage Time, Temperature, and Preservatives on Analysis with Multiplex Bead-Based Oncuria Bladder Cancer Immunoassay | 4: Study of the Stability of Various Biochemical Analytes in Samples Stored at Different Predefined Storage Conditions at an Accredited Laboratory of India | 5: Stability of urinary albumin and creatinine after 12 months storage at −20 °C and −80 °C | 6: Influence of different urine preservation methods and addition of preservatives on quantitative detection of 24-h urinary protein | 7: Assessment of the stability of 20 biochemical analytes in serum and whole blood samples after storage at nonstandard temperatures | 8: Sample Management: Stability of Plasma and Serum on Different Storage Conditions | 9: Long-term stability of clinically relevant chemistry analytes in pleural and peritoneal fluid | 10: Impact of chemical preservative in urine samples",1: PMC4910281; doi:10.11613/BM.2016.024 | 2: PMC3900085; doi:10.11613/BM.2013.009 | 3: PMC11763964; doi:10.3390/diagnostics15020138 | 4: PMC5015491; doi:10.4103/0974-2727.187928 | 5: PMC6451166; doi:10.1016/j.plabm.2019.e00120 | 6: PMC12634583; doi:10.3389/fmed.2025.1661339 | 7: PMC12769415; doi:10.1016/j.plabm.2025.e00514 | 8: PMC7109503 | 9: PMC7138007; doi:10.11613/BM.2020.020701 | 10: PMC7109501,Long-term urine biobanking: storage stability of clinical chemical parameters under moderate freezing conditions without use of preservatives,pmid:25239781; doi:10.1016/j.clinbiochem.2014.09.009,1,,,,,0,0.0,s_b105a698
Q081,"Specimen, tube, and processing effects",Which pre-analytical variations most affected RNA integrity in Tempus blood collection tubes?,hyde,vector,"pmc,biorxiv,medrxiv,arxiv,abstracts_only","To assess the impact of pre-analytical factors on RNA integrity, Tempus blood collection tubes were used to collect whole blood specimens. Specimens were allowed to sit at room temperature (21°C) for varying durations: 30 minutes, 60 minutes, and 90 minutes before processing. Total RNA was extracted from each sample using the QIAamp RNA Blood Mini Kit. RNA integrity numbers (RINs) were determined using an Agilent Bioanalyzer. The results showed that a 60-minute delay in processing led to a significant decrease in RIN values, with a median RIN of 7.5 compared to 8.2 for the immediate processing group. No further decline was observed beyond 90 minutes, suggesting that 60 minutes is the critical threshold for RNA integrity maintenance in Tempus tubes under these conditions.",pre-analytical | variations | most | affected | rna | integrity | tempus | blood | collection | tubes,,"1: Effects of storage temperature, storage time, and hemolysis on the RNA quality of blood specimens: A systematic quantitative assessment | 2: Stabilization of Cellular RNA in Blood During Storage at Room Temperature: A Comparison of Cell-Free RNA BCT ® with K3EDTA Tubes | 3: Impact of RNA integrity and blood sample storage conditions on the gene expression analysis | 4: The effects of storage temperature and duration of blood samples on DNA and RNA qualities | 5: Assessing the quality of RNA isolated from human breast tissue after ambient room temperature exposure | 6: Improper preanalytical processes on peripheral blood compromise RNA quality and skew the transcriptional readouts of mRNA and LncRNA | 7: Impact of blood storage conditions on the transcript profile of plasma cell-free RNA | 8: The impact of pre-freezing storage time and temperature on gene expression of blood collected in EDTA tubes | 9: Effects of preservation duration at 4 °C on the quality of RNA in rabbit blood specimens | 10: The Effect of Tropical Temperatures on the Quality of RNA Extracted from Stabilized Whole-Blood Samples",1: PMC10227325; doi:10.1016/j.heliyon.2023.e16234 | 2: PMC4245490; doi:10.1007/s40291-014-0118-z | 3: PMC6016255; doi:10.2147/OTT.S158868 | 4: PMC5604973; doi:10.1371/journal.pone.0184692 | 5: PMC8765617; doi:10.1371/journal.pone.0262654 | 6: PMC9845260; doi:10.3389/fgene.2022.1091685 | 7: bio_ee5a2da86da4; doi:10.1101/2021.03.30.437637 | 8: PMC9262796; doi:10.1007/s11033-022-07320-5 | 9: PMC7153556; doi:10.7717/peerj.8940 | 10: PMC9503649; doi:10.3390/ijms231810609,Preanalytical robustness of blood collection tubes with RNA stabilizers,pmid:31112504; doi:10.1515/cclm-2019-0170,1,,,,,0,0.0,s_3efef6eb
Q082,"Specimen, tube, and processing effects",Which pre-analytical variations most affected RNA integrity in PAXgene blood collection tubes?,hyde,vector,"pmc,biorxiv,medrxiv,arxiv,abstracts_only","To assess the impact of pre-analytical factors on RNA integrity, whole blood samples were collected into PAXgene Blood RNA Tubes (PreAnalytiX) and stored at room temperature for varying durations. Specimens were processed within 4 hours or left unprocessed up to 24 hours post-collection. RNA was extracted using the PAXGene Blood RNA Kit according to the manufacturer's protocol, and integrity was evaluated via agarose gel electrophoresis and the RIN (RNA Integrity Number) score from the Agilent Bioanalyzer. Results indicated that samples processed within 4 hours showed significantly higher RIN values compared to those left unprocessed for 24 hours, suggesting a critical window of stability at room temperature.",pre-analytical | variations | most | affected | rna | integrity | paxgene | blood | collection | tubes,,,,Preanalytical robustness of blood collection tubes with RNA stabilizers,pmid:31112504; doi:10.1515/cclm-2019-0170,1,,,,,0,0.0,s_a9cee7d7
Q083,Biospecimen quality control and SOPs,Which less obvious container and centrifugation factors can affect metabolomics study validity?,hyde,vector,"pmc,biorxiv,medrxiv,arxiv,abstracts_only","To minimize potential biases in metabolomics studies, careful selection of containers and processing conditions is essential. Specimens were collected in polypropylene tubes with a serum separator gel to prevent hemolysis. Centrifugation was performed at 1500 x g for 10 minutes at room temperature (22°C) within one hour post-collection. Delayed centrifugation up to 4 hours resulted in significant changes in metabolite profiles, particularly for lipids and amino acids. Storage of the supernatant at -80°C was necessary to maintain stability over extended periods. These findings highlight the importance of rapid processing and appropriate storage conditions to ensure accurate metabolomics data.",less | obvious | container | centrifugation | factors | affect | metabolomics | study | validity,,"1: Impact of Blood Collection Tubes and Sample Handling Time on Serum and Plasma Metabolome and Lipidome | 2: An Overview of Pre-Analytical Factors Impacting Metabolomics Analyses of Blood Samples | 3: Impact of Prolonged Blood Incubation and Extended Serum Storage at Room Temperature on the Human Serum Metabolome | 4: A Systematic Evaluation of Blood Serum and Plasma Pre-Analytics for Metabolomics Cohort Studies | 5: Recommendations and Best Practices for Standardizing the Pre-Analytical Processing of Blood and Urine Samples in Metabolomics | 6: Effects of pre-analytical processes on blood samples used in metabolomics studies | 7: Pre-Analytical Factors that Affect Metabolite Stability in Human Urine, Plasma, and Serum: A Review | 8: Pre-Analytical Sample Quality: Metabolite Ratios as an Intrinsic Marker for Prolonged Room Temperature Exposure of Serum Samples | 9: Effect of Delayed Centrifugation on the Levels of NMR-Measured Lipoproteins and Metabolites in Plasma and Serum Samples | 10: Does centrifugation matter? Centrifugal force and spinning time alter the plasma metabolome",1: PMC6316012; doi:10.3390/metabo8040088 | 2: PMC11433674; doi:10.3390/metabo14090474 | 3: PMC5875996; doi:10.3390/metabo8010006 | 4: PMC5187835; doi:10.3390/ijms17122035 | 5: PMC7344701; doi:10.3390/metabo10060229 | 6: PMC4471316; doi:10.1007/s00216-015-8565-x | 7: PMC6724180; doi:10.3390/metabo9080156 | 8: PMC4379062; doi:10.1371/journal.pone.0121495 | 9: PMC9753045; doi:10.1021/acs.analchem.2c02167 | 10: PMC5025507; doi:10.1007/s11306-016-1109-3,"Preanalytical Processing and Biobanking Procedures of Biological Samples for Metabolomics Research: A White Paper, Community Perspective (for ""Precision Medicine and Pharmacometabolomics Task Group""-The Metabolomics Society Initiative)",pmid:29921725; doi:10.1373/clinchem.2018.287045,1,,,,,0,0.0,s_edc0159e
Q084,Biospecimen quality control and SOPs,What should every biobank establish for metabolomics sample collection?,hyde,vector,"pmc,biorxiv,medrxiv,arxiv,abstracts_only","To ensure optimal metabolomics sample integrity, biobanks must implement standardized protocols for specimen collection and processing. Specimens should be collected in chilled EDTA tubes (2 mL) to maintain the stability of nucleic acids and proteins. Samples are to be processed within 4 hours post-collection to minimize degradation; however, a delay of up to 8 hours can still yield reliable results under controlled conditions. Storage at −80°C is recommended for long-term preservation, with minimal loss of metabolites observed over 5 years. These measures ensure the quality and consistency of samples across different batches and studies, facilitating accurate metabolomics analysis.",every | biobank | establish | metabolomics | sample | collection,,1: Validating Centralized Biobanking Workflows for NMR Metabolomics Using the PRIMA Panel | 2: Recommendations and Best Practices for Standardizing the Pre-Analytical Processing of Blood and Urine Samples in Metabolomics | 3: A Systematic Evaluation of Blood Serum and Plasma Pre-Analytics for Metabolomics Cohort Studies | 4: Effects of Long-Term Storage at −80 °C on the Human Plasma Metabolome | 5: An Overview of Pre-Analytical Factors Impacting Metabolomics Analyses of Blood Samples | 6: Influence of Freezing and Storage Procedure on Human Urine Samples in NMR-Based Metabolomics | 7: Effects of pre-analytical processes on blood samples used in metabolomics studies | 8: Pre-Analytical Sample Quality: Metabolite Ratios as an Intrinsic Marker for Prolonged Room Temperature Exposure of Serum Samples | 9: Current standards for the storage of human samples in biobanks | 10: Impact of Prolonged Blood Incubation and Extended Serum Storage at Room Temperature on the Human Serum Metabolome,1: PMC11822734; doi:10.1021/acs.analchem.4c04938 | 2: PMC7344701; doi:10.3390/metabo10060229 | 3: PMC5187835; doi:10.3390/ijms17122035 | 4: PMC6572224; doi:10.3390/metabo9050099 | 5: PMC11433674; doi:10.3390/metabo14090474 | 6: PMC3901271; doi:10.3390/metabo3020243 | 7: PMC4471316; doi:10.1007/s00216-015-8565-x | 8: PMC4379062; doi:10.1371/journal.pone.0121495 | 9: PMC2988449; doi:10.1186/gm193 | 10: PMC5875996; doi:10.3390/metabo8010006,"Preanalytical Processing and Biobanking Procedures of Biological Samples for Metabolomics Research: A White Paper, Community Perspective (for ""Precision Medicine and Pharmacometabolomics Task Group""-The Metabolomics Society Initiative)",pmid:29921725; doi:10.1373/clinchem.2018.287045,1,,,,,0,0.0,s_c07e2ef5
Q085,Storage temperature and duration,What systematic metabolic changes were detected after urine and serum were held for 24 hours at 4°C before freezing?,hyde,vector,"pmc,biorxiv,medrxiv,arxiv,abstracts_only","Urine and serum samples were collected in EDTA and heparin tubes, respectively. Specimens were allowed to sit at 4°C for 24 hours prior to freezing at −80°C. Metabolomic analysis revealed significant alterations in glucose, lactate, and urea levels in both urine and serum. Urine showed a 15% increase in lactate concentration, while serum exhibited a 10% decrease in glucose and a 5% increase in urea. These changes suggest potential metabolic shifts due to prolonged storage at 4°C, which may impact the accuracy of certain biomarker assessments.",systematic | metabolic | changes | detected | urine | serum | held | hours | freezing,,"1: Impact of Prolonged Blood Incubation and Extended Serum Storage at Room Temperature on the Human Serum Metabolome | 2: Influence of Storage Conditions and Preservatives on Metabolite Fingerprints in Urine | 3: Impact of Blood Collection Tubes and Sample Handling Time on Serum and Plasma Metabolome and Lipidome | 4: Effects of Long-Term Storage at −80 °C on the Human Plasma Metabolome | 5: Urinary Metabolomic Profile is Minimally Impacted by Common Storage Conditions and Additives | 6: Influence of Freezing and Storage Procedure on Human Urine Samples in NMR-Based Metabolomics | 7: Stability of targeted metabolite profiles of urine samples under different storage conditions | 8: Pre-Analytical Sample Quality: Metabolite Ratios as an Intrinsic Marker for Prolonged Room Temperature Exposure of Serum Samples | 9: Pre-Analytical Factors that Affect Metabolite Stability in Human Urine, Plasma, and Serum: A Review | 10: Impact of collection conditions on the metabolite content of human urine samples as analyzed by liquid chromatography coupled to mass spectrometry and nuclear magnetic resonance spectroscopy",1: PMC5875996; doi:10.3390/metabo8010006 | 2: PMC6836253; doi:10.3390/metabo9100203 | 3: PMC6316012; doi:10.3390/metabo8040088 | 4: PMC6572224; doi:10.3390/metabo9050099 | 5: bio_7ffb23207385; doi:10.1101/2024.02.12.579937 | 6: PMC3901271; doi:10.3390/metabo3020243 | 7: PMC5126183; doi:10.1007/s11306-016-1137-z | 8: PMC4379062; doi:10.1371/journal.pone.0121495 | 9: PMC6724180; doi:10.3390/metabo9080156 | 10: PMC4559108; doi:10.1007/s11306-014-0764-5,High-throughput 1H NMR-based metabolic analysis of human serum and urine for large-scale epidemiological studies: validation study,pmid:18381391; doi:10.1093/ije/dym284,1,,,,,0,0.0,s_c7fd34fd
Q086,Storage temperature and duration,How were the small differences in serum stored for 36 hours at 4°C detected?,hyde,vector,"pmc,biorxiv,medrxiv,arxiv,abstracts_only","Serum samples (n = 50) were collected and immediately placed into EDTA-containing tubes. Samples were then stored at 4°C for 36 hours before analysis. Using high-resolution mass spectrometry, we detected small differences in analyte concentrations between the initial and post-storage samples. Principal component analysis revealed a significant shift in metabolite profiles, indicating potential changes due to storage duration. These findings suggest that even short-term storage can affect serum composition, highlighting the need for consistent handling protocols.",small | differences | serum | stored | hours | detected,,1: Impact of Blood Collection Tubes and Sample Handling Time on Serum and Plasma Metabolome and Lipidome | 2: Impact of Prolonged Blood Incubation and Extended Serum Storage at Room Temperature on the Human Serum Metabolome | 3: Effects of Long-Term Storage at −80 °C on the Human Plasma Metabolome | 4: Pre-Analytical Sample Quality: Metabolite Ratios as an Intrinsic Marker for Prolonged Room Temperature Exposure of Serum Samples | 5: Preanalytical (Mis)Handling of Plasma Investigated by 1 H NMR Metabolomics | 6: Assessment by Matrix‐Assisted Laser Desorption/Ionization Time‐of‐Flight Mass Spectrometry of the Effects of Preanalytical Variables on Serum Peptidome Profiles Following Long‐Term Sample Storage | 7: Effects of sample handling and storage on quantitative lipid analysis in human serum | 8: A Systematic Evaluation of Blood Serum and Plasma Pre-Analytics for Metabolomics Cohort Studies | 9: Effect of Delayed Centrifugation on the Levels of NMR-Measured Lipoproteins and Metabolites in Plasma and Serum Samples | 10: Stability of amino acids and related amines in human serum under different preprocessing and pre-storage conditions based on iTRAQ ® -LC-MS/MS,1: PMC6316012; doi:10.3390/metabo8040088 | 2: PMC5875996; doi:10.3390/metabo8010006 | 3: PMC6572224; doi:10.3390/metabo9050099 | 4: PMC4379062; doi:10.1371/journal.pone.0121495 | 5: PMC11635485; doi:10.1021/acsomega.4c08215 | 6: PMC5947747; doi:10.1002/prca.201700047 | 7: PMC2794342; doi:10.1007/s11306-009-0174-2 | 8: PMC5187835; doi:10.3390/ijms17122035 | 9: PMC9753045; doi:10.1021/acs.analchem.2c02167 | 10: bio_46810b3b6c28; doi:10.1101/2020.07.14.202473,High-throughput 1H NMR-based metabolic analysis of human serum and urine for large-scale epidemiological studies: validation study,pmid:18381391; doi:10.1093/ije/dym284,1,,,,,0,0.0,s_8fbd4f98
Q087,"Specimen, tube, and processing effects",Which plasma Alzheimer’s disease biomarkers were more stable in P100 protease-inhibitor tubes?,hyde,vector,"pmc,biorxiv,medrxiv,arxiv,abstracts_only","Plasma samples collected in P100 protease-inhibitor tubes from 50 cognitively normal individuals and 50 mild cognitive impairment patients were analyzed for Alzheimer's disease (AD) biomarkers. Samples were stored at −80°C for up to 6 months with a processing delay of ≤24 hours post-collection. The levels of Aβ42, tau, and p-tau181p were measured using multiplexed immunoassays. Our results showed that Aβ42 exhibited the highest stability over time (r = 0.95), followed by p-tau181p (r = 0.87) and tau (r = 0.83). These findings suggest that Aβ42 may be a more reliable biomarker for long-term storage in P100 tubes compared to tau and p-tau181p.",plasma | alzheimer | disease | biomarkers | more | stable | p100 | protease-inhibitor | tubes,,"1: Effect of blood collection tube containing protease inhibitors on the pre-analytical stability of Alzheimer’s disease plasma biomarkers | 2: Differences in Alzheimer's disease blood biomarker stability: Implications for the use of tau/amyloid ratios | 3: Improving the preanalytical stability of Alzheimer’s disease plasma biomarkers: the impact of blood collection tubes supplemented with protease inhibitors | 4: Preanalytical sample handling recommendations for Alzheimer's disease plasma biomarkers | 5: Long-Term Storage Effects on Stability of Aβ 1–40, Aβ 1–42, and Total Tau Proteins in Human Plasma Samples Measured with Immunomagnetic Reduction Assays | 6: Impact of Protease Inhibitor‐Containing Blood Collection Tubes on Targeted Proteomic Profiles of Alzheimer's Disease Plasma Biomarkers | 7: Storage time affects the level and diagnostic efficacy of plasma biomarkers for neurodegenerative diseases | 8: Effect of long-term storage in biobanks on cerebrospinal fluid biomarker Aβ 1-42, T-tau, and P-tau values | 9: Preanalytical stability of plasma biomarkers for Alzheimer's disease pathology | 10: The appropriate sample-handling procedure for measuring the plasma β-amyloid level using a fully automated immunoassay",1: med_0757037878c7; doi:10.1101/2024.03.05.24303504 | 2: PMC12044288; doi:10.1002/alz.70173 | 3: PMC11716593; doi:10.1002/alz.088796 | 4: PMC6446057; doi:10.1016/j.dadm.2019.02.002 | 5: PMC6477481; doi:10.1159/000496099 | 6: PMC12782920; doi:10.1002/alz70856_107138 | 7: PMC11759026; doi:10.4103/NRR.NRR-D-23-01983 | 8: PMC5403783; doi:10.1016/j.dadm.2017.03.005 | 9: PMC10182363; doi:10.1002/dad2.12439 | 10: PMC11190145; doi:10.1038/s41598-024-65264-1,Effect of blood collection tube containing protease inhibitors on the pre-analytical stability of Alzheimer's disease plasma biomarkers,pmcid:PMC11449657; pmid:38814273; doi:10.1111/jnc.16130,1,Effect of blood collection tube containing protease inhibitors on the pre-analytical stability of Alzheimer’s disease plasma biomarkers,Effect of blood collection tube containing protease inhibitors on the pre-analytical stability of Alzheimer’s disease plasma biomarkers,title,1,1,1.0,s_5ad9a48c
Q088,"Specimen, tube, and processing effects",Which plasma Alzheimer’s biomarkers showed no significant tube-related differences?,hyde,vector,"pmc,biorxiv,medrxiv,arxiv,abstracts_only","Plasma levels of Aβ42 and tau protein were measured in specimens collected into lithium-heparin tubes. Specimens were immediately processed within 30 minutes post-collection, or stored at room temperature for up to 6 hours before processing. No significant differences in Aβ42 (p = 0.18) or tau protein (p = 0.25) levels were observed between the two time points of specimen processing. These results suggest that both biomarkers maintain stability under these conditions, with no tube-related impact on their plasma concentrations over the specified duration.",plasma | alzheimer | biomarkers | showed | significant | tube-related | differences,,"1: Head-to-Head Comparison of Different Blood Collecting Tubes for Quantification of Alzheimer’s Disease Biomarkers in Plasma | 2: Preanalytical sample handling recommendations for Alzheimer's disease plasma biomarkers | 3: Stability of Plasma Amyloid-β 1–40, Amyloid-β 1–42, and Total Tau Protein over Repeated Freeze/Thaw Cycles | 4: Effect of blood collection tube containing protease inhibitors on the pre-analytical stability of Alzheimer’s disease plasma biomarkers | 5: Long-Term Storage Effects on Stability of Aβ 1–40, Aβ 1–42, and Total Tau Proteins in Human Plasma Samples Measured with Immunomagnetic Reduction Assays | 6: Improving the preanalytical stability of Alzheimer’s disease plasma biomarkers: the impact of blood collection tubes supplemented with protease inhibitors | 7: Differences in Alzheimer's disease blood biomarker stability: Implications for the use of tau/amyloid ratios | 8: Impact of Protease Inhibitor‐Containing Blood Collection Tubes on Targeted Proteomic Profiles of Alzheimer's Disease Plasma Biomarkers | 9: Preanalytical stability of plasma biomarkers for Alzheimer's disease pathology | 10: Effects of pre‐analytical procedures on blood biomarkers for Alzheimer's pathophysiology, glial activation, and neurodegeneration",1: PMC9496121; doi:10.3390/biom12091194 | 2: PMC6446057; doi:10.1016/j.dadm.2019.02.002 | 3: PMC7154287; doi:10.1159/000506278 | 4: med_0757037878c7; doi:10.1101/2024.03.05.24303504 | 5: PMC6477481; doi:10.1159/000496099 | 6: PMC11716593; doi:10.1002/alz.088796 | 7: PMC12044288; doi:10.1002/alz.70173 | 8: PMC12782920; doi:10.1002/alz70856_107138 | 9: PMC10182363; doi:10.1002/dad2.12439 | 10: PMC8171159; doi:10.1002/dad2.12168,Effect of blood collection tube containing protease inhibitors on the pre-analytical stability of Alzheimer's disease plasma biomarkers,pmcid:PMC11449657; pmid:38814273; doi:10.1111/jnc.16130,1,Effect of blood collection tube containing protease inhibitors on the pre-analytical stability of Alzheimer’s disease plasma biomarkers,Effect of blood collection tube containing protease inhibitors on the pre-analytical stability of Alzheimer’s disease plasma biomarkers,title,4,1,0.25,s_d0edca67
Q089,Storage temperature and duration,Which cold-ischemia and storage durations did not adversely influence RNA integrity in fresh-frozen tumor tissue?,hyde,vector,"pmc,biorxiv,medrxiv,arxiv,abstracts_only","To assess the impact of cold ischemia and storage duration on RNA integrity, fresh-frozen tumor tissues were collected into RNAlater®-treated tubes within 30 minutes post-resection. Specimens were stored at −80°C for up to one year. RNA quality was evaluated using the RIN (RNA Integrity Number) score from Bioanalyzer analysis. Results showed that tissues stored for up to six months exhibited RIN values ≥7, indicating no significant degradation in RNA integrity. Tissues stored for nine months and one year also maintained acceptable RIN scores of 6-7, suggesting that these storage durations did not adversely influence RNA quality. These findings indicate that fresh-frozen tumor tissue can be safely stored for up to one year without compromising RNA integrity.",cold-ischemia | storage | durations | not | adversely | influence | rna | integrity | fresh-frozen | tumor | tissue,,"1: Effects of Delay in the Snap Freezing of Colorectal Cancer Tissues on the Quality of DNA and RNA | 2: Impact of Cold Ischemic Time and Freeze-Thaw Cycles on RNA, DNA and Protein Quality in Colorectal Cancer Tissues Biobanking | 3: Effects of ex vivo ischemia time and delayed processing on quality of specimens in tissue biobank | 4: Assessing the quality of RNA isolated from human breast tissue after ambient room temperature exposure | 5: The Interference of RNA Preservative and Post-Collection Interval on RNA Integrity from Different Mice Tissues | 6: Method Optimization for Extracting High-Quality RNA From the Human Pancreas Tissue 1 2 | 7: Frozen section histopathology and preanalytical factors affecting nucleic acid integrity in biobanked fresh-frozen human cancer tissues | 8: RNA-Integrity and 8-Isoprostane Levels Are Stable in Prostate Tissue Samples Upon Long-Term Storage at −80°C | 9: Impact of Delay to Cryopreservation on RNA Integrity and Genome-Wide Expression Profiles in Resected Tumor Samples | 10: Biobanking of Fresh-Frozen Human Adenocarcinomatous and Normal Colon Tissues: Which Parameters Influence RNA Quality?",1: PMC2998017; doi:10.3393/jksc.2010.26.5.316 | 2: PMC6775519; doi:10.7150/jca.29372 | 3: PMC7533433; doi:10.3892/mmr.2020.11503 | 4: PMC8765617; doi:10.1371/journal.pone.0262654 | 5: PMC12732537; doi:10.3390/genes16121421 | 6: PMC6060079; doi:10.1016/j.tranon.2018.04.004 | 7: PMC12634257; doi:10.4132/jptm.2025.07.22 | 8: PMC7892308; doi:10.1089/bio.2019.0136 | 9: PMC3835918; doi:10.1371/journal.pone.0079826 | 10: PMC4849710; doi:10.1371/journal.pone.0154326,Biobanking of Fresh-Frozen Cancer Tissue: RNA Is Stable Independent of Tissue Type with Less Than 1 Hour of Cold Ischemia,pmid:29148824; doi:10.1089/bio.2017.0062,1,,,,,0,0.0,s_4141eb84
Q090,Biospecimen quality control and SOPs,How many of 396 analyzed tumor tissues had an RNA integrity number below seven?,hyde,vector,"pmc,biorxiv,medrxiv,arxiv,abstracts_only","In this study, out of 396 analyzed tumor tissues, 245 (61.9%) samples exhibited an RNA Integrity Number (RIN) below seven. Specimens were collected in QIAamp RNA MicroSpin columns and stored at −80°C for up to 6 months before RNA extraction. The observed RIN values ranged from 3.2 to 7.4, with a mean of 5.1 ± 1.2. These results indicate significant degradation of RNA in a substantial portion of the samples, potentially affecting downstream molecular analyses.",many | 396 | analyzed | tumor | tissues | had | rna | integrity | number | below | seven,,1: Effects of Delay in the Snap Freezing of Colorectal Cancer Tissues on the Quality of DNA and RNA | 2: RNA quality in frozen breast cancer samples and the influence on gene expression analysis – a comparison of three evaluation methods using microcapillary electrophoresis traces | 3: Method Optimization for Extracting High-Quality RNA From the Human Pancreas Tissue 1 2 | 4: Determinants of RNA Quality from FFPE Samples | 5: Impact of RNA degradation on gene expression profiling | 6: Assessing the quality of RNA isolated from human breast tissue after ambient room temperature exposure | 7: The Interference of RNA Preservative and Post-Collection Interval on RNA Integrity from Different Mice Tissues | 8: Effects of ex vivo ischemia time and delayed processing on quality of specimens in tissue biobank | 9: RNA degradation compromises the reliability of microRNA expression profiling | 10: Measurable impact of RNA quality on gene expression results from quantitative PCR,1: PMC2998017; doi:10.3393/jksc.2010.26.5.316 | 2: PMC1891312; doi:10.1186/1471-2199-8-38 | 3: PMC6060079; doi:10.1016/j.tranon.2018.04.004 | 4: PMC2092395; doi:10.1371/journal.pone.0001261 | 5: PMC2927474; doi:10.1186/1755-8794-3-36 | 6: PMC8765617; doi:10.1371/journal.pone.0262654 | 7: PMC12732537; doi:10.3390/genes16121421 | 8: PMC7533433; doi:10.3892/mmr.2020.11503 | 9: PMC2805631; doi:10.1186/1472-6750-9-102 | 10: PMC3089491; doi:10.1093/nar/gkr065,Biobanking of Fresh-Frozen Cancer Tissue: RNA Is Stable Independent of Tissue Type with Less Than 1 Hour of Cold Ischemia,pmid:29148824; doi:10.1089/bio.2017.0062,1,,,,,0,0.0,s_68d7dcb9
