question_id,question,gold_answer,gold_nuggets_json,notes,run_name,ranker,search_query,keywords_json,retrieved_papers_count,extracted_snippets_count,returned_records_count,top_k,context_text,records_json,status,error_type,error_message
BQ001,Is potassium stable in serum gel tubes if centrifugation is delayed for up to 24 hours at 15 to 35 degrees Celsius?,"Potassium should be treated as potentially unstable under delayed pre-centrifugation storage in serum gel tubes. Tanner et al. reported that potassium was not stable in at least one tested storage condition when serum gel tubes were kept at 15, 25, or 35 °C for 4, 8, or 24 hours before centrifugation.","[""potassium was not stable in at least one pre-centrifugation storage condition"", ""serum gel tubes were stored at 15, 25, or 35 degrees Celsius"", ""storage durations included 4, 8, and 24 hours before centrifugation"", ""delayed centrifugation can affect potassium validity""]",Evidence-based draft benchmark row. Use for development/testing; later verify with supervisor/domain expert.,ranker_lexical,lexical,"(TITLE_ABS:""Is potassium stable in serum gel tubes if centrifugation is delayed for up to 24 hours at 15 to 35 degrees Celsius?"") OR (TITLE_ABS:(potassium AND serum AND stable)) OR (TITLE_ABS:(potassium AND serum AND stable AND gel)) OR (TITLE_ABS:(""serum gel"" OR ""serum gel tube"" OR ""serum gel tubes"" OR potassium OR ""K+"" OR stability OR stable OR unstable OR serum OR ""blood serum"" OR gel OR ""serum separator"" OR SST OR tube OR tubes OR ""collection tube"" OR ""blood collection tube"" OR centrifugation OR centrifuge OR ""pre-centrifugation"" OR precentrifugation OR delayed OR delay OR ""processing delay"")) OR (TITLE_ABS:(potassium OR stable OR serum OR gel OR tubes OR centrifugation OR delayed))","[""potassium"", ""stable"", ""serum"", ""gel"", ""tubes"", ""centrifugation"", ""delayed""]",8,83,5,5,"[1] Samples that were frozen at -20 °C were stable up to 672 h (PD -1.5 %).Conclusions. IGF-1 is stable up to 72 h after sampling regardless of delay in centrifugation or storage temperature. Stability may be lengthened to 7 days by refrigerating at 4 °C.
Source: Short- and medium-term pre-analytical stability of human serum insulin-like growth factor-1.. 2026. PMID: 41167200. DOI: 10.1515/cclm-2025-0868

[2] CK18-M30 is relatively stable at -20°C. Between 2 and 8°C, the separation gel tubes were more stable than the aliquot tubes for up to three days. Aliquot tubes stored at 2-8oC were suboptimal, as the CK18-M30 became unstable after 3 days.
Source: Stability of serum cytokeratin 18-M30 under different storage conditions for drug-induced liver injury assessment.. 2026. PMID: 42262209. DOI: 10.36721/pjps.2026.39.8.235.1

[3] Acceptable stability over the maximum storage time of 8 h was observed for 25 of the analytes tested in this study. However, direct bilirubin became unstable at 6 h and triglycerides at 8 h of storage prior to centrifugation. Calcium, gamma-glutamyl transferase, glucose, inorganic phosphate and potassium were found to be unstable in serum after 4 h of delayed centrifugation.Conclusions.
Source: Impact of delayed centrifugation on the stability of 32 biochemical analytes in blood samples collected in serum gel tubes and stored at room temperature.. 2025. PMID: 40079584. DOI: 10.1515/cclm-2025-0109

[4] The use of serum tubes without a separator gel is currently recommended for the quantification of PFAS due to the concern that the compounds may adsorb to the gel. The impact of gel adsorption on the accuracy of the results, however, has not been evaluated.Methods. Aliquots from a pool of blood spiked with PFAS were stored in gel-free clot activator tubes (CATs) and gel-containing BD SST II Advance tubes (serum separator tubes) for 2, 8, and 24 hours.
Source: Influence of separator gel in blood sampling tubes for perfluoroalkyl and polyfluoroalkyl substances analysis.. 2025. PMID: 40493758. DOI: 10.1093/labmed/lmaf023

[5] Impact of delayed centrifugation on the stability of 32 biochemical analytes in blood samples collected in serum gel tubes and stored at room temperature.
Source: Impact of delayed centrifugation on the stability of 32 biochemical analytes in blood samples collected in serum gel tubes and stored at room temperature.. 2026. PMID: 42118557. DOI: 10.1515/cclm-2026-0081","[{""citation_id"": 1, ""title"": ""Short- and medium-term pre-analytical stability of human serum insulin-like growth factor-1."", ""evidence_text"": ""Samples that were frozen at -20 °C were stable up to 672 h (PD -1.5 %).Conclusions. IGF-1 is stable up to 72 h after sampling regardless of delay in centrifugation or storage temperature. Stability may be lengthened to 7 days by refrigerating at 4 °C."", ""score"": 14.386880979708183, ""year"": ""2026"", ""source"": {""title"": ""Short- and medium-term pre-analytical stability of human serum insulin-like growth factor-1."", ""pmid"": ""41167200"", ""doi"": ""10.1515/cclm-2025-0868"", ""url"": ""https://pubmed.ncbi.nlm.nih.gov/41167200/"", ""journal"": """", ""year"": ""2026"", ""authors"": ""Louw JC, George JA, Khoza SP, Currin S.""}, ""ext_id"": ""41167200"", ""doi"": ""10.1515/cclm-2025-0868"", ""authors"": ""Louw JC, George JA, Khoza SP, Currin S."", ""journal"": """", ""url"": ""https://pubmed.ncbi.nlm.nih.gov/41167200/"", ""score_components"": {}}, {""citation_id"": 2, ""title"": ""Stability of serum cytokeratin 18-M30 under different storage conditions for drug-induced liver injury assessment."", ""evidence_text"": ""CK18-M30 is relatively stable at -20°C. Between 2 and 8°C, the separation gel tubes were more stable than the aliquot tubes for up to three days. Aliquot tubes stored at 2-8oC were suboptimal, as the CK18-M30 became unstable after 3 days."", ""score"": 14.088635431390898, ""year"": ""2026"", ""source"": {""title"": ""Stability of serum cytokeratin 18-M30 under different storage conditions for drug-induced liver injury assessment."", ""pmid"": ""42262209"", ""doi"": ""10.36721/pjps.2026.39.8.235.1"", ""url"": ""https://pubmed.ncbi.nlm.nih.gov/42262209/"", ""journal"": """", ""year"": ""2026"", ""authors"": ""Zheng G, Xia X, Jia F, Li W, Wang J, Li J.""}, ""ext_id"": ""42262209"", ""doi"": ""10.36721/pjps.2026.39.8.235.1"", ""authors"": ""Zheng G, Xia X, Jia F, Li W, Wang J, Li J."", ""journal"": """", ""url"": ""https://pubmed.ncbi.nlm.nih.gov/42262209/"", ""score_components"": {}}, {""citation_id"": 3, ""title"": ""Impact of delayed centrifugation on the stability of 32 biochemical analytes in blood samples collected in serum gel tubes and stored at room temperature."", ""evidence_text"": ""Acceptable stability over the maximum storage time of 8 h was observed for 25 of the analytes tested in this study. However, direct bilirubin became unstable at 6 h and triglycerides at 8 h of storage prior to centrifugation. Calcium, gamma-glutamyl transferase, glucose, inorganic phosphate and potassium were found to be unstable in serum after 4 h of delayed centrifugation.Conclusions."", ""score"": 11.63534645207707, ""year"": ""2025"", ""source"": {""title"": ""Impact of delayed centrifugation on the stability of 32 biochemical analytes in blood samples collected in serum gel tubes and stored at room temperature."", ""pmid"": ""40079584"", ""doi"": ""10.1515/cclm-2025-0109"", ""url"": ""https://pubmed.ncbi.nlm.nih.gov/40079584/"", ""journal"": """", ""year"": ""2025"", ""authors"": ""Sanz-Felisi M, Tauler-Quetglas P, Escartín-Díez T, Arbiol-Roca A, Dot-Bach D.""}, ""ext_id"": ""40079584"", ""doi"": ""10.1515/cclm-2025-0109"", ""authors"": ""Sanz-Felisi M, Tauler-Quetglas P, Escartín-Díez T, Arbiol-Roca A, Dot-Bach D."", ""journal"": """", ""url"": ""https://pubmed.ncbi.nlm.nih.gov/40079584/"", ""score_components"": {}}, {""citation_id"": 4, ""title"": ""Influence of separator gel in blood sampling tubes for perfluoroalkyl and polyfluoroalkyl substances analysis."", ""evidence_text"": ""The use of serum tubes without a separator gel is currently recommended for the quantification of PFAS due to the concern that the compounds may adsorb to the gel. The impact of gel adsorption on the accuracy of the results, however, has not been evaluated.Methods. Aliquots from a pool of blood spiked with PFAS were stored in gel-free clot activator tubes (CATs) and gel-containing BD SST II Advance tubes (serum separator tubes) for 2, 8, and 24 hours."", ""score"": 11.232023164676827, ""year"": ""2025"", ""source"": {""title"": ""Influence of separator gel in blood sampling tubes for perfluoroalkyl and polyfluoroalkyl substances analysis."", ""pmid"": ""40493758"", ""doi"": ""10.1093/labmed/lmaf023"", ""url"": ""https://pubmed.ncbi.nlm.nih.gov/40493758/"", ""journal"": """", ""year"": ""2025"", ""authors"": ""Dufour P, Pirard C, Charlier C.""}, ""ext_id"": ""40493758"", ""doi"": ""10.1093/labmed/lmaf023"", ""authors"": ""Dufour P, Pirard C, Charlier C."", ""journal"": """", ""url"": ""https://pubmed.ncbi.nlm.nih.gov/40493758/"", ""score_components"": {}}, {""citation_id"": 5, ""title"": ""Impact of delayed centrifugation on the stability of 32 biochemical analytes in blood samples collected in serum gel tubes and stored at room temperature."", ""evidence_text"": ""Impact of delayed centrifugation on the stability of 32 biochemical analytes in blood samples collected in serum gel tubes and stored at room temperature."", ""score"": 8.353344225795226, ""year"": ""2026"", ""source"": {""title"": ""Impact of delayed centrifugation on the stability of 32 biochemical analytes in blood samples collected in serum gel tubes and stored at room temperature."", ""pmid"": ""42118557"", ""doi"": ""10.1515/cclm-2026-0081"", ""url"": ""https://pubmed.ncbi.nlm.nih.gov/42118557/"", ""journal"": """", ""year"": ""2026"", ""authors"": ""Sanz-Felisi M, Tauler-Quetglas P, Escartín-Díez T, Arbiol-Roca A, Dot-Bach D.""}, ""ext_id"": ""42118557"", ""doi"": ""10.1515/cclm-2026-0081"", ""authors"": ""Sanz-Felisi M, Tauler-Quetglas P, Escartín-Díez T, Arbiol-Roca A, Dot-Bach D."", ""journal"": """", ""url"": ""https://pubmed.ncbi.nlm.nih.gov/42118557/"", ""score_components"": {}}]",ok,,
BQ002,Is glucose stable in serum gel tubes when centrifugation is delayed under variable storage temperatures?,"Glucose should be treated as potentially unstable when serum gel tubes experience delayed centrifugation at variable temperatures. Tanner et al. found glucose was not stable in at least one tested condition after pre-centrifugation storage at 15, 25, or 35 °C for 4, 8, or 24 hours.","[""glucose was not stable in at least one delayed centrifugation condition"", ""serum gel tubes were exposed to 15, 25, or 35 degrees Celsius"", ""delays before centrifugation included up to 24 hours"", ""glucose validity may be affected by pre-centrifugation delay""]",Evidence-based draft benchmark row. Use for development/testing; later verify with supervisor/domain expert.,ranker_lexical,lexical,"(TITLE_ABS:""Is glucose stable in serum gel tubes when centrifugation is delayed under variable storage temperatures?"") OR (TITLE_ABS:(glucose AND serum AND stable)) OR (TITLE_ABS:(glucose AND serum AND stable AND gel)) OR (TITLE_ABS:(""serum gel"" OR ""serum gel tube"" OR ""serum gel tubes"" OR ""storage temperature"" OR glucose OR stability OR stable OR unstable OR serum OR ""blood serum"" OR gel OR ""serum separator"" OR SST OR tube OR tubes OR ""collection tube"" OR ""blood collection tube"" OR centrifugation OR centrifuge OR ""pre-centrifugation"" OR precentrifugation OR delayed OR delay OR ""processing delay"")) OR (TITLE_ABS:(glucose OR stable OR serum OR gel OR tubes OR centrifugation OR delayed OR storage OR temperatures))","[""glucose"", ""stable"", ""serum"", ""gel"", ""tubes"", ""centrifugation"", ""delayed"", ""storage"", ""temperatures""]",8,84,5,5,"[1] CK18-M30 is relatively stable at -20°C. Between 2 and 8°C, the separation gel tubes were more stable than the aliquot tubes for up to three days. Aliquot tubes stored at 2-8oC were suboptimal, as the CK18-M30 became unstable after 3 days.
Source: Stability of serum cytokeratin 18-M30 under different storage conditions for drug-induced liver injury assessment.. 2026. PMID: 42262209. DOI: 10.36721/pjps.2026.39.8.235.1

[2] Acceptable stability over the maximum storage time of 8 h was observed for 25 of the analytes tested in this study. However, direct bilirubin became unstable at 6 h and triglycerides at 8 h of storage prior to centrifugation. Calcium, gamma-glutamyl transferase, glucose, inorganic phosphate and potassium were found to be unstable in serum after 4 h of delayed centrifugation.Conclusions.
Source: Impact of delayed centrifugation on the stability of 32 biochemical analytes in blood samples collected in serum gel tubes and stored at room temperature.. 2025. PMID: 40079584. DOI: 10.1515/cclm-2025-0109

[3] Objectives. Insulin-like growth factor-1 (IGF-1) is a peptide hormone currently lacking data surrounding its pre-analytical stability. This study aimed to investigate the impact of delaying centrifugation and analysis at different storage temperatures on the in vitro stability of IGF-1.Methods.
Source: Short- and medium-term pre-analytical stability of human serum insulin-like growth factor-1.. 2026. PMID: 41167200. DOI: 10.1515/cclm-2025-0868

[4] Impact of delayed centrifugation on the stability of 32 biochemical analytes in blood samples collected in serum gel tubes and stored at room temperature.
Source: Impact of delayed centrifugation on the stability of 32 biochemical analytes in blood samples collected in serum gel tubes and stored at room temperature.. 2026. PMID: 42118557. DOI: 10.1515/cclm-2026-0081

[5] Stable isotopes can be useful for tracking diet composition and other physiological processes in ruminants. These techniques rely on the fact that tissues directly reflect the animal's diet. Blood is a dynamic tissue that can be separated into serum, plasma, and red blood cell (RBC) components.
Source: Blood Collection Tube has Minimal Interference on the Carbon and Nitrogen Isotope Composition of Plasma, Red Blood Cells, and Serum in Cow Blood.. 2025. PMID: 40701766. DOI: 10.1002/rcm.10109","[{""citation_id"": 1, ""title"": ""Stability of serum cytokeratin 18-M30 under different storage conditions for drug-induced liver injury assessment."", ""evidence_text"": ""CK18-M30 is relatively stable at -20°C. Between 2 and 8°C, the separation gel tubes were more stable than the aliquot tubes for up to three days. Aliquot tubes stored at 2-8oC were suboptimal, as the CK18-M30 became unstable after 3 days."", ""score"": 11.42629532945699, ""year"": ""2026"", ""source"": {""title"": ""Stability of serum cytokeratin 18-M30 under different storage conditions for drug-induced liver injury assessment."", ""pmid"": ""42262209"", ""doi"": ""10.36721/pjps.2026.39.8.235.1"", ""url"": ""https://pubmed.ncbi.nlm.nih.gov/42262209/"", ""journal"": """", ""year"": ""2026"", ""authors"": ""Zheng G, Xia X, Jia F, Li W, Wang J, Li J.""}, ""ext_id"": ""42262209"", ""doi"": ""10.36721/pjps.2026.39.8.235.1"", ""authors"": ""Zheng G, Xia X, Jia F, Li W, Wang J, Li J."", ""journal"": """", ""url"": ""https://pubmed.ncbi.nlm.nih.gov/42262209/"", ""score_components"": {}}, {""citation_id"": 2, ""title"": ""Impact of delayed centrifugation on the stability of 32 biochemical analytes in blood samples collected in serum gel tubes and stored at room temperature."", ""evidence_text"": ""Acceptable stability over the maximum storage time of 8 h was observed for 25 of the analytes tested in this study. However, direct bilirubin became unstable at 6 h and triglycerides at 8 h of storage prior to centrifugation. Calcium, gamma-glutamyl transferase, glucose, inorganic phosphate and potassium were found to be unstable in serum after 4 h of delayed centrifugation.Conclusions."", ""score"": 9.686065819800024, ""year"": ""2025"", ""source"": {""title"": ""Impact of delayed centrifugation on the stability of 32 biochemical analytes in blood samples collected in serum gel tubes and stored at room temperature."", ""pmid"": ""40079584"", ""doi"": ""10.1515/cclm-2025-0109"", ""url"": ""https://pubmed.ncbi.nlm.nih.gov/40079584/"", ""journal"": """", ""year"": ""2025"", ""authors"": ""Sanz-Felisi M, Tauler-Quetglas P, Escartín-Díez T, Arbiol-Roca A, Dot-Bach D.""}, ""ext_id"": ""40079584"", ""doi"": ""10.1515/cclm-2025-0109"", ""authors"": ""Sanz-Felisi M, Tauler-Quetglas P, Escartín-Díez T, Arbiol-Roca A, Dot-Bach D."", ""journal"": """", ""url"": ""https://pubmed.ncbi.nlm.nih.gov/40079584/"", ""score_components"": {}}, {""citation_id"": 3, ""title"": ""Short- and medium-term pre-analytical stability of human serum insulin-like growth factor-1."", ""evidence_text"": ""Objectives. Insulin-like growth factor-1 (IGF-1) is a peptide hormone currently lacking data surrounding its pre-analytical stability. This study aimed to investigate the impact of delaying centrifugation and analysis at different storage temperatures on the in vitro stability of IGF-1.Methods."", ""score"": 8.87281493076771, ""year"": ""2026"", ""source"": {""title"": ""Short- and medium-term pre-analytical stability of human serum insulin-like growth factor-1."", ""pmid"": ""41167200"", ""doi"": ""10.1515/cclm-2025-0868"", ""url"": ""https://pubmed.ncbi.nlm.nih.gov/41167200/"", ""journal"": """", ""year"": ""2026"", ""authors"": ""Louw JC, George JA, Khoza SP, Currin S.""}, ""ext_id"": ""41167200"", ""doi"": ""10.1515/cclm-2025-0868"", ""authors"": ""Louw JC, George JA, Khoza SP, Currin S."", ""journal"": """", ""url"": ""https://pubmed.ncbi.nlm.nih.gov/41167200/"", ""score_components"": {}}, {""citation_id"": 4, ""title"": ""Impact of delayed centrifugation on the stability of 32 biochemical analytes in blood samples collected in serum gel tubes and stored at room temperature."", ""evidence_text"": ""Impact of delayed centrifugation on the stability of 32 biochemical analytes in blood samples collected in serum gel tubes and stored at room temperature."", ""score"": 7.727517878195819, ""year"": ""2026"", ""source"": {""title"": ""Impact of delayed centrifugation on the stability of 32 biochemical analytes in blood samples collected in serum gel tubes and stored at room temperature."", ""pmid"": ""42118557"", ""doi"": ""10.1515/cclm-2026-0081"", ""url"": ""https://pubmed.ncbi.nlm.nih.gov/42118557/"", ""journal"": """", ""year"": ""2026"", ""authors"": ""Sanz-Felisi M, Tauler-Quetglas P, Escartín-Díez T, Arbiol-Roca A, Dot-Bach D.""}, ""ext_id"": ""42118557"", ""doi"": ""10.1515/cclm-2026-0081"", ""authors"": ""Sanz-Felisi M, Tauler-Quetglas P, Escartín-Díez T, Arbiol-Roca A, Dot-Bach D."", ""journal"": """", ""url"": ""https://pubmed.ncbi.nlm.nih.gov/42118557/"", ""score_components"": {}}, {""citation_id"": 5, ""title"": ""Blood Collection Tube has Minimal Interference on the Carbon and Nitrogen Isotope Composition of Plasma, Red Blood Cells, and Serum in Cow Blood."", ""evidence_text"": ""Stable isotopes can be useful for tracking diet composition and other physiological processes in ruminants. These techniques rely on the fact that tissues directly reflect the animal's diet. Blood is a dynamic tissue that can be separated into serum, plasma, and red blood cell (RBC) components."", ""score"": 4.823801589453369, ""year"": ""2025"", ""source"": {""title"": ""Blood Collection Tube has Minimal Interference on the Carbon and Nitrogen Isotope Composition of Plasma, Red Blood Cells, and Serum in Cow Blood."", ""pmid"": ""40701766"", ""doi"": ""10.1002/rcm.10109"", ""url"": ""https://pubmed.ncbi.nlm.nih.gov/40701766/"", ""journal"": """", ""year"": ""2025"", ""authors"": ""Jaramillo DM, Bauman LM, Nova CHPC, Lima L, van Santen E.""}, ""ext_id"": ""40701766"", ""doi"": ""10.1002/rcm.10109"", ""authors"": ""Jaramillo DM, Bauman LM, Nova CHPC, Lima L, van Santen E."", ""journal"": """", ""url"": ""https://pubmed.ncbi.nlm.nih.gov/40701766/"", ""score_components"": {}}]",ok,,
BQ003,Is phosphate stable in serum gel tubes during delayed centrifugation at 15 to 35 degrees Celsius?,"Phosphate should be considered potentially unstable during delayed centrifugation in serum gel tubes. Tanner et al. reported phosphate was not stable in at least one condition among samples stored before centrifugation at 15, 25, or 35 °C for 4, 8, or 24 hours.","[""phosphate was not stable in at least one pre-centrifugation condition"", ""the sample type was serum gel tube blood"", ""storage temperatures included 15, 25, and 35 degrees Celsius"", ""storage times included 4, 8, and 24 hours""]",Evidence-based draft benchmark row. Use for development/testing; later verify with supervisor/domain expert.,ranker_lexical,lexical,"(TITLE_ABS:""Is phosphate stable in serum gel tubes during delayed centrifugation at 15 to 35 degrees Celsius?"") OR (TITLE_ABS:(phosphate AND serum AND stable)) OR (TITLE_ABS:(phosphate AND serum AND stable AND gel)) OR (TITLE_ABS:(""serum gel"" OR ""serum gel tube"" OR ""serum gel tubes"" OR ""delayed centrifugation"" OR phosphate OR phosphorus OR stability OR stable OR unstable OR serum OR ""blood serum"" OR gel OR ""serum separator"" OR SST OR tube OR tubes OR ""collection tube"" OR ""blood collection tube"" OR delayed OR delay OR ""processing delay"" OR ""delayed processing"" OR centrifugation OR centrifuge)) OR (TITLE_ABS:(phosphate OR stable OR serum OR gel OR tubes OR delayed OR centrifugation))","[""phosphate"", ""stable"", ""serum"", ""gel"", ""tubes"", ""delayed"", ""centrifugation""]",8,90,5,5,"[1] CK18-M30 is relatively stable at -20°C. Between 2 and 8°C, the separation gel tubes were more stable than the aliquot tubes for up to three days. Aliquot tubes stored at 2-8oC were suboptimal, as the CK18-M30 became unstable after 3 days.
Source: Stability of serum cytokeratin 18-M30 under different storage conditions for drug-induced liver injury assessment.. 2026. PMID: 42262209. DOI: 10.36721/pjps.2026.39.8.235.1

[2] However, direct bilirubin became unstable at 6 h and triglycerides at 8 h of storage prior to centrifugation. Calcium, gamma-glutamyl transferase, glucose, inorganic phosphate and potassium were found to be unstable in serum after 4 h of delayed centrifugation.Conclusions. A delay in centrifugation of samples affected the stability of several analytes evaluated in the study, resulting in changes in their concentration or integrity.
Source: Impact of delayed centrifugation on the stability of 32 biochemical analytes in blood samples collected in serum gel tubes and stored at room temperature.. 2025. PMID: 40079584. DOI: 10.1515/cclm-2025-0109

[3] Blood should ideally be centrifuged within 7 h for phosphate, LDH and folate, and 12 h for iron. However, for phosphate, folate and iron, there is likely to be little clinical impact if serum separation is delayed up to 24 h. Further research is needed to assess LDH stability in WB at 0-12 h, but changes are minimal at 12 h.
Source: Pre-analytical stability of haematinics, lactate dehydrogenase and phosphate in whole blood at room temperature up to 24 h, and refrigerated serum stability of lactate dehydrogenase, folate and vitamin B12 up to 72 h using the CRESS checklist.. 2025. PMID: 39609111. DOI: 10.1515/cclm-2024-1098

[4] Impact of delayed centrifugation on the stability of 32 biochemical analytes in blood samples collected in serum gel tubes and stored at room temperature.
Source: Impact of delayed centrifugation on the stability of 32 biochemical analytes in blood samples collected in serum gel tubes and stored at room temperature.. 2026. PMID: 42118557. DOI: 10.1515/cclm-2026-0081

[5] Samples that were refrigerated were stable until 168 h (PD≤5.5 %) regardless of a delay in centrifugation. Samples that were frozen at -20 °C were stable up to 672 h (PD -1.5 %).Conclusions. IGF-1 is stable up to 72 h after sampling regardless of delay in centrifugation or storage temperature.
Source: Short- and medium-term pre-analytical stability of human serum insulin-like growth factor-1.. 2026. PMID: 41167200. DOI: 10.1515/cclm-2025-0868","[{""citation_id"": 1, ""title"": ""Stability of serum cytokeratin 18-M30 under different storage conditions for drug-induced liver injury assessment."", ""evidence_text"": ""CK18-M30 is relatively stable at -20°C. Between 2 and 8°C, the separation gel tubes were more stable than the aliquot tubes for up to three days. Aliquot tubes stored at 2-8oC were suboptimal, as the CK18-M30 became unstable after 3 days."", ""score"": 8.165137253137065, ""year"": ""2026"", ""source"": {""title"": ""Stability of serum cytokeratin 18-M30 under different storage conditions for drug-induced liver injury assessment."", ""pmid"": ""42262209"", ""doi"": ""10.36721/pjps.2026.39.8.235.1"", ""url"": ""https://pubmed.ncbi.nlm.nih.gov/42262209/"", ""journal"": """", ""year"": ""2026"", ""authors"": ""Zheng G, Xia X, Jia F, Li W, Wang J, Li J.""}, ""ext_id"": ""42262209"", ""doi"": ""10.36721/pjps.2026.39.8.235.1"", ""authors"": ""Zheng G, Xia X, Jia F, Li W, Wang J, Li J."", ""journal"": """", ""url"": ""https://pubmed.ncbi.nlm.nih.gov/42262209/"", ""score_components"": {}}, {""citation_id"": 2, ""title"": ""Impact of delayed centrifugation on the stability of 32 biochemical analytes in blood samples collected in serum gel tubes and stored at room temperature."", ""evidence_text"": ""However, direct bilirubin became unstable at 6 h and triglycerides at 8 h of storage prior to centrifugation. Calcium, gamma-glutamyl transferase, glucose, inorganic phosphate and potassium were found to be unstable in serum after 4 h of delayed centrifugation.Conclusions. A delay in centrifugation of samples affected the stability of several analytes evaluated in the study, resulting in changes in their concentration or integrity."", ""score"": 7.079994773663026, ""year"": ""2025"", ""source"": {""title"": ""Impact of delayed centrifugation on the stability of 32 biochemical analytes in blood samples collected in serum gel tubes and stored at room temperature."", ""pmid"": ""40079584"", ""doi"": ""10.1515/cclm-2025-0109"", ""url"": ""https://pubmed.ncbi.nlm.nih.gov/40079584/"", ""journal"": """", ""year"": ""2025"", ""authors"": ""Sanz-Felisi M, Tauler-Quetglas P, Escartín-Díez T, Arbiol-Roca A, Dot-Bach D.""}, ""ext_id"": ""40079584"", ""doi"": ""10.1515/cclm-2025-0109"", ""authors"": ""Sanz-Felisi M, Tauler-Quetglas P, Escartín-Díez T, Arbiol-Roca A, Dot-Bach D."", ""journal"": """", ""url"": ""https://pubmed.ncbi.nlm.nih.gov/40079584/"", ""score_components"": {}}, {""citation_id"": 3, ""title"": ""Pre-analytical stability of haematinics, lactate dehydrogenase and phosphate in whole blood at room temperature up to 24 h, and refrigerated serum stability of lactate dehydrogenase, folate and vitamin B12 up to 72 h using the CRESS checklist."", ""evidence_text"": ""Blood should ideally be centrifuged within 7 h for phosphate, LDH and folate, and 12 h for iron. However, for phosphate, folate and iron, there is likely to be little clinical impact if serum separation is delayed up to 24 h. Further research is needed to assess LDH stability in WB at 0-12 h, but changes are minimal at 12 h."", ""score"": 6.707390388391183, ""year"": ""2025"", ""source"": {""title"": ""Pre-analytical stability of haematinics, lactate dehydrogenase and phosphate in whole blood at room temperature up to 24 h, and refrigerated serum stability of lactate dehydrogenase, folate and vitamin B12 up to 72 h using the CRESS checklist."", ""pmid"": ""39609111"", ""doi"": ""10.1515/cclm-2024-1098"", ""url"": ""https://pubmed.ncbi.nlm.nih.gov/39609111/"", ""journal"": """", ""year"": ""2025"", ""authors"": ""Williams R, Jankute M, Ifrahim R, Cordle J, Hepburn S.""}, ""ext_id"": ""39609111"", ""doi"": ""10.1515/cclm-2024-1098"", ""authors"": ""Williams R, Jankute M, Ifrahim R, Cordle J, Hepburn S."", ""journal"": """", ""url"": ""https://pubmed.ncbi.nlm.nih.gov/39609111/"", ""score_components"": {}}, {""citation_id"": 4, ""title"": ""Impact of delayed centrifugation on the stability of 32 biochemical analytes in blood samples collected in serum gel tubes and stored at room temperature."", ""evidence_text"": ""Impact of delayed centrifugation on the stability of 32 biochemical analytes in blood samples collected in serum gel tubes and stored at room temperature."", ""score"": 6.681996968090048, ""year"": ""2026"", ""source"": {""title"": ""Impact of delayed centrifugation on the stability of 32 biochemical analytes in blood samples collected in serum gel tubes and stored at room temperature."", ""pmid"": ""42118557"", ""doi"": ""10.1515/cclm-2026-0081"", ""url"": ""https://pubmed.ncbi.nlm.nih.gov/42118557/"", ""journal"": """", ""year"": ""2026"", ""authors"": ""Sanz-Felisi M, Tauler-Quetglas P, Escartín-Díez T, Arbiol-Roca A, Dot-Bach D.""}, ""ext_id"": ""42118557"", ""doi"": ""10.1515/cclm-2026-0081"", ""authors"": ""Sanz-Felisi M, Tauler-Quetglas P, Escartín-Díez T, Arbiol-Roca A, Dot-Bach D."", ""journal"": """", ""url"": ""https://pubmed.ncbi.nlm.nih.gov/42118557/"", ""score_components"": {}}, {""citation_id"": 5, ""title"": ""Short- and medium-term pre-analytical stability of human serum insulin-like growth factor-1."", ""evidence_text"": ""Samples that were refrigerated were stable until 168 h (PD≤5.5 %) regardless of a delay in centrifugation. Samples that were frozen at -20 °C were stable up to 672 h (PD -1.5 %).Conclusions. IGF-1 is stable up to 72 h after sampling regardless of delay in centrifugation or storage temperature."", ""score"": 6.298376769320308, ""year"": ""2026"", ""source"": {""title"": ""Short- and medium-term pre-analytical stability of human serum insulin-like growth factor-1."", ""pmid"": ""41167200"", ""doi"": ""10.1515/cclm-2025-0868"", ""url"": ""https://pubmed.ncbi.nlm.nih.gov/41167200/"", ""journal"": """", ""year"": ""2026"", ""authors"": ""Louw JC, George JA, Khoza SP, Currin S.""}, ""ext_id"": ""41167200"", ""doi"": ""10.1515/cclm-2025-0868"", ""authors"": ""Louw JC, George JA, Khoza SP, Currin S."", ""journal"": """", ""url"": ""https://pubmed.ncbi.nlm.nih.gov/41167200/"", ""score_components"": {}}]",ok,,
BQ004,Is albumin stable in serum gel tubes stored before centrifugation for up to 24 hours?,"Albumin appears stable under the tested delayed pre-centrifugation storage conditions in serum gel tubes. Tanner et al. reported albumin among the analytes that remained stable across storage at 15, 25, or 35 °C for 4, 8, or 24 hours before centrifugation.","[""albumin remained stable in the tested storage conditions"", ""serum gel tubes were stored before centrifugation"", ""temperatures included 15, 25, and 35 degrees Celsius"", ""time delays included up to 24 hours""]",Evidence-based draft benchmark row. Use for development/testing; later verify with supervisor/domain expert.,ranker_lexical,lexical,"(TITLE_ABS:""Is albumin stable in serum gel tubes stored before centrifugation for up to 24 hours?"") OR (TITLE_ABS:(albumin AND serum AND stable)) OR (TITLE_ABS:(albumin AND serum AND stable AND gel)) OR (TITLE_ABS:(""serum gel"" OR ""serum gel tube"" OR ""serum gel tubes"" OR albumin OR stability OR stable OR unstable OR serum OR ""blood serum"" OR gel OR ""serum separator"" OR SST OR tube OR tubes OR ""collection tube"" OR ""blood collection tube"" OR stored OR centrifugation OR centrifuge OR ""pre-centrifugation"" OR precentrifugation)) OR (TITLE_ABS:(albumin OR stable OR serum OR gel OR tubes OR stored OR centrifugation))","[""albumin"", ""stable"", ""serum"", ""gel"", ""tubes"", ""stored"", ""centrifugation""]",8,77,5,5,"[1] CK18-M30 is relatively stable at -20°C. Between 2 and 8°C, the separation gel tubes were more stable than the aliquot tubes for up to three days. Aliquot tubes stored at 2-8oC were suboptimal, as the CK18-M30 became unstable after 3 days.
Source: Stability of serum cytokeratin 18-M30 under different storage conditions for drug-induced liver injury assessment.. 2026. PMID: 42262209. DOI: 10.36721/pjps.2026.39.8.235.1

[2] Numerous analytes were unstable at 30 °C in uncentrifuged whole blood, with only Albumin, ALP, Total Bilirubin, Cholesterol, HDL, Total Protein, Triglycerides, Uric Acid, and hsCRP remaining stable up to 72 h. For serum samples stored at 0 °C, all 24- hour and 72-h analytes showed biases within limits.Conclusion. Storage of serum samples at 0 °C for up to 72 h yielded valid results for all analytes studied.
Source: Assessment of the stability of 20 biochemical analytes in serum and whole blood samples after storage at nonstandard temperatures.. 2026. PMID: 41503054. DOI: 10.1016/j.plabm.2025.e00514

[3] The use of serum tubes without a separator gel is currently recommended for the quantification of PFAS due to the concern that the compounds may adsorb to the gel. The impact of gel adsorption on the accuracy of the results, however, has not been evaluated.Methods. Aliquots from a pool of blood spiked with PFAS were stored in gel-free clot activator tubes (CATs) and gel-containing BD SST II Advance tubes (serum separator tubes) for 2, 8, and 24 hours.
Source: Influence of separator gel in blood sampling tubes for perfluoroalkyl and polyfluoroalkyl substances analysis.. 2025. PMID: 40493758. DOI: 10.1093/labmed/lmaf023

[4] Four venous blood samples were collected from each participant. One sample was designated as baseline and processed immediately according to the tube manufacturer's guidelines for centrifugation and analysis. The remaining three samples were stored under predefined conditions and centrifuged at different time intervals before undergoing analysis.Results.
Source: Impact of delayed centrifugation on the stability of 32 biochemical analytes in blood samples collected in serum gel tubes and stored at room temperature.. 2025. PMID: 40079584. DOI: 10.1515/cclm-2025-0109

[5] Impact of delayed centrifugation on the stability of 32 biochemical analytes in blood samples collected in serum gel tubes and stored at room temperature.
Source: Impact of delayed centrifugation on the stability of 32 biochemical analytes in blood samples collected in serum gel tubes and stored at room temperature.. 2026. PMID: 42118557. DOI: 10.1515/cclm-2026-0081","[{""citation_id"": 1, ""title"": ""Stability of serum cytokeratin 18-M30 under different storage conditions for drug-induced liver injury assessment."", ""evidence_text"": ""CK18-M30 is relatively stable at -20°C. Between 2 and 8°C, the separation gel tubes were more stable than the aliquot tubes for up to three days. Aliquot tubes stored at 2-8oC were suboptimal, as the CK18-M30 became unstable after 3 days."", ""score"": 10.864026786648704, ""year"": ""2026"", ""source"": {""title"": ""Stability of serum cytokeratin 18-M30 under different storage conditions for drug-induced liver injury assessment."", ""pmid"": ""42262209"", ""doi"": ""10.36721/pjps.2026.39.8.235.1"", ""url"": ""https://pubmed.ncbi.nlm.nih.gov/42262209/"", ""journal"": """", ""year"": ""2026"", ""authors"": ""Zheng G, Xia X, Jia F, Li W, Wang J, Li J.""}, ""ext_id"": ""42262209"", ""doi"": ""10.36721/pjps.2026.39.8.235.1"", ""authors"": ""Zheng G, Xia X, Jia F, Li W, Wang J, Li J."", ""journal"": """", ""url"": ""https://pubmed.ncbi.nlm.nih.gov/42262209/"", ""score_components"": {}}, {""citation_id"": 2, ""title"": ""Assessment of the stability of 20 biochemical analytes in serum and whole blood samples after storage at nonstandard temperatures."", ""evidence_text"": ""Numerous analytes were unstable at 30 °C in uncentrifuged whole blood, with only Albumin, ALP, Total Bilirubin, Cholesterol, HDL, Total Protein, Triglycerides, Uric Acid, and hsCRP remaining stable up to 72 h. For serum samples stored at 0 °C, all 24- hour and 72-h analytes showed biases within limits.Conclusion. Storage of serum samples at 0 °C for up to 72 h yielded valid results for all analytes studied."", ""score"": 10.192453180110096, ""year"": ""2026"", ""source"": {""title"": ""Assessment of the stability of 20 biochemical analytes in serum and whole blood samples after storage at nonstandard temperatures."", ""pmid"": ""41503054"", ""doi"": ""10.1016/j.plabm.2025.e00514"", ""url"": ""https://pmc.ncbi.nlm.nih.gov/articles/PMC12769415/"", ""journal"": """", ""year"": ""2026"", ""authors"": ""Iacovetti G, Collier BB, Rafalko JM, Peevler M, Tokunaga N, Ragar J, Brandon WC, Chappell MR, Grant RP, Sommer GJ, Schaff UY.""}, ""ext_id"": ""41503054"", ""doi"": ""10.1016/j.plabm.2025.e00514"", ""authors"": ""Iacovetti G, Collier BB, Rafalko JM, Peevler M, Tokunaga N, Ragar J, Brandon WC, Chappell MR, Grant RP, Sommer GJ, Schaff UY."", ""journal"": """", ""url"": ""https://pmc.ncbi.nlm.nih.gov/articles/PMC12769415/"", ""score_components"": {}}, {""citation_id"": 3, ""title"": ""Influence of separator gel in blood sampling tubes for perfluoroalkyl and polyfluoroalkyl substances analysis."", ""evidence_text"": ""The use of serum tubes without a separator gel is currently recommended for the quantification of PFAS due to the concern that the compounds may adsorb to the gel. The impact of gel adsorption on the accuracy of the results, however, has not been evaluated.Methods. Aliquots from a pool of blood spiked with PFAS were stored in gel-free clot activator tubes (CATs) and gel-containing BD SST II Advance tubes (serum separator tubes) for 2, 8, and 24 hours."", ""score"": 9.77456553862243, ""year"": ""2025"", ""source"": {""title"": ""Influence of separator gel in blood sampling tubes for perfluoroalkyl and polyfluoroalkyl substances analysis."", ""pmid"": ""40493758"", ""doi"": ""10.1093/labmed/lmaf023"", ""url"": ""https://pubmed.ncbi.nlm.nih.gov/40493758/"", ""journal"": """", ""year"": ""2025"", ""authors"": ""Dufour P, Pirard C, Charlier C.""}, ""ext_id"": ""40493758"", ""doi"": ""10.1093/labmed/lmaf023"", ""authors"": ""Dufour P, Pirard C, Charlier C."", ""journal"": """", ""url"": ""https://pubmed.ncbi.nlm.nih.gov/40493758/"", ""score_components"": {}}, {""citation_id"": 4, ""title"": ""Impact of delayed centrifugation on the stability of 32 biochemical analytes in blood samples collected in serum gel tubes and stored at room temperature."", ""evidence_text"": ""Four venous blood samples were collected from each participant. One sample was designated as baseline and processed immediately according to the tube manufacturer's guidelines for centrifugation and analysis. The remaining three samples were stored under predefined conditions and centrifuged at different time intervals before undergoing analysis.Results."", ""score"": 8.5470444616636, ""year"": ""2025"", ""source"": {""title"": ""Impact of delayed centrifugation on the stability of 32 biochemical analytes in blood samples collected in serum gel tubes and stored at room temperature."", ""pmid"": ""40079584"", ""doi"": ""10.1515/cclm-2025-0109"", ""url"": ""https://pubmed.ncbi.nlm.nih.gov/40079584/"", ""journal"": """", ""year"": ""2025"", ""authors"": ""Sanz-Felisi M, Tauler-Quetglas P, Escartín-Díez T, Arbiol-Roca A, Dot-Bach D.""}, ""ext_id"": ""40079584"", ""doi"": ""10.1515/cclm-2025-0109"", ""authors"": ""Sanz-Felisi M, Tauler-Quetglas P, Escartín-Díez T, Arbiol-Roca A, Dot-Bach D."", ""journal"": """", ""url"": ""https://pubmed.ncbi.nlm.nih.gov/40079584/"", ""score_components"": {}}, {""citation_id"": 5, ""title"": ""Impact of delayed centrifugation on the stability of 32 biochemical analytes in blood samples collected in serum gel tubes and stored at room temperature."", ""evidence_text"": ""Impact of delayed centrifugation on the stability of 32 biochemical analytes in blood samples collected in serum gel tubes and stored at room temperature."", ""score"": 6.00866099948273, ""year"": ""2026"", ""source"": {""title"": ""Impact of delayed centrifugation on the stability of 32 biochemical analytes in blood samples collected in serum gel tubes and stored at room temperature."", ""pmid"": ""42118557"", ""doi"": ""10.1515/cclm-2026-0081"", ""url"": ""https://pubmed.ncbi.nlm.nih.gov/42118557/"", ""journal"": """", ""year"": ""2026"", ""authors"": ""Sanz-Felisi M, Tauler-Quetglas P, Escartín-Díez T, Arbiol-Roca A, Dot-Bach D.""}, ""ext_id"": ""42118557"", ""doi"": ""10.1515/cclm-2026-0081"", ""authors"": ""Sanz-Felisi M, Tauler-Quetglas P, Escartín-Díez T, Arbiol-Roca A, Dot-Bach D."", ""journal"": """", ""url"": ""https://pubmed.ncbi.nlm.nih.gov/42118557/"", ""score_components"": {}}]",ok,,
BQ005,Is C-reactive protein stable in serum gel tubes exposed to delayed centrifugation and variable temperatures?,"C-reactive protein appears stable under the serum gel tube conditions tested by Tanner et al. The study listed CRP among analytes remaining stable when samples were stored at 15, 25, or 35 °C for 4, 8, or 24 hours before centrifugation.","[""C-reactive protein remained stable in all tested serum gel tube storage conditions"", ""samples were stored before centrifugation"", ""storage temperatures included 15, 25, and 35 degrees Celsius"", ""storage time reached 24 hours""]",Evidence-based draft benchmark row. Use for development/testing; later verify with supervisor/domain expert.,ranker_lexical,lexical,"(TITLE_ABS:""Is C-reactive protein stable in serum gel tubes exposed to delayed centrifugation and variable temperatures?"") OR (TITLE_ABS:(""c-reactive"" AND serum AND stable)) OR (TITLE_ABS:(""c-reactive"" AND serum AND stable AND protein)) OR (TITLE_ABS:(""serum gel"" OR ""serum gel tube"" OR ""serum gel tubes"" OR ""delayed centrifugation"" OR ""c-reactive protein"" OR CRP OR protein OR stability OR stable OR unstable OR serum OR ""blood serum"" OR gel OR ""serum separator"" OR SST OR tube OR tubes OR ""collection tube"" OR ""blood collection tube"" OR exposed OR delayed OR delay OR ""processing delay"" OR ""delayed processing"")) OR (TITLE_ABS:(""c-reactive"" OR protein OR stable OR serum OR gel OR tubes OR exposed OR delayed OR centrifugation OR temperatures))","[""c-reactive"", ""protein"", ""stable"", ""serum"", ""gel"", ""tubes"", ""exposed"", ""delayed"", ""centrifugation"", ""temperatures""]",8,90,5,5,"[1] Impact of delayed centrifugation on the stability of 32 biochemical analytes in blood samples collected in serum gel tubes and stored at room temperature.
Source: Impact of delayed centrifugation on the stability of 32 biochemical analytes in blood samples collected in serum gel tubes and stored at room temperature.. 2026. PMID: 42118557. DOI: 10.1515/cclm-2026-0081

[2] However, direct bilirubin became unstable at 6 h and triglycerides at 8 h of storage prior to centrifugation. Calcium, gamma-glutamyl transferase, glucose, inorganic phosphate and potassium were found to be unstable in serum after 4 h of delayed centrifugation.Conclusions. A delay in centrifugation of samples affected the stability of several analytes evaluated in the study, resulting in changes in their concentration or integrity.
Source: Impact of delayed centrifugation on the stability of 32 biochemical analytes in blood samples collected in serum gel tubes and stored at room temperature.. 2025. PMID: 40079584. DOI: 10.1515/cclm-2025-0109

[3] CK18-M30 is relatively stable at -20°C. Between 2 and 8°C, the separation gel tubes were more stable than the aliquot tubes for up to three days. Aliquot tubes stored at 2-8oC were suboptimal, as the CK18-M30 became unstable after 3 days.
Source: Stability of serum cytokeratin 18-M30 under different storage conditions for drug-induced liver injury assessment.. 2026. PMID: 42262209. DOI: 10.36721/pjps.2026.39.8.235.1

[4] and Objectives: Systemic inflammation is a key driver in the progression and complexity of coronary artery disease (CAD). Serum calprotectin and the C-reactive protein–triglyceride–glucose index (CTI) have emerged as potential inflammatory and metabolic biomarkers; however, their association with angiographic disease severity has not been clearly defined. This study aimed to evaluate the relationship between serum calprotectin, CTI, and the SYNTAX score (SS) in patients with stable CAD.
Source: Association of Serum Calprotectin and the C-Reactive Protein–Triglyceride–Glucose Index with SYNTAX Score in Patients with Stable Coronary Artery Disease. 2026. PMID: PPR1168010. DOI: 10.20944/preprints202603.1437.v1

[5] IntroductionWhile conclusions regarding the effects of serum separator tubes on some laboratory tests have been reached in previous studies, the effects of these tubes on the B12 test have not been adequately investigated. This study aimed to determine the effects of the serum separator tube position after centrifugation on serum B12 test results.Materials and MethodsTwo blood samples were collected by venipuncture into 5-mL Pirmax serum separator tubes from each of the 30 volunteers. The effects of the tube position after centrifugation, gentle mixing 5-10 times, recentrifugation, and short-term (15 min) standing of the tubes in an upright position on serum B12 test results were examined in a step-by-step manner.
Source: Effects of preanalytical factors on serum vitamin B12 test results.. 2026. PMID: 42103445. DOI: 10.1177/00045632261453317","[{""citation_id"": 1, ""title"": ""Impact of delayed centrifugation on the stability of 32 biochemical analytes in blood samples collected in serum gel tubes and stored at room temperature."", ""evidence_text"": ""Impact of delayed centrifugation on the stability of 32 biochemical analytes in blood samples collected in serum gel tubes and stored at room temperature."", ""score"": 10.393357364012141, ""year"": ""2026"", ""source"": {""title"": ""Impact of delayed centrifugation on the stability of 32 biochemical analytes in blood samples collected in serum gel tubes and stored at room temperature."", ""pmid"": ""42118557"", ""doi"": ""10.1515/cclm-2026-0081"", ""url"": ""https://pubmed.ncbi.nlm.nih.gov/42118557/"", ""journal"": """", ""year"": ""2026"", ""authors"": ""Sanz-Felisi M, Tauler-Quetglas P, Escartín-Díez T, Arbiol-Roca A, Dot-Bach D.""}, ""ext_id"": ""42118557"", ""doi"": ""10.1515/cclm-2026-0081"", ""authors"": ""Sanz-Felisi M, Tauler-Quetglas P, Escartín-Díez T, Arbiol-Roca A, Dot-Bach D."", ""journal"": """", ""url"": ""https://pubmed.ncbi.nlm.nih.gov/42118557/"", ""score_components"": {}}, {""citation_id"": 2, ""title"": ""Impact of delayed centrifugation on the stability of 32 biochemical analytes in blood samples collected in serum gel tubes and stored at room temperature."", ""evidence_text"": ""However, direct bilirubin became unstable at 6 h and triglycerides at 8 h of storage prior to centrifugation. Calcium, gamma-glutamyl transferase, glucose, inorganic phosphate and potassium were found to be unstable in serum after 4 h of delayed centrifugation.Conclusions. A delay in centrifugation of samples affected the stability of several analytes evaluated in the study, resulting in changes in their concentration or integrity."", ""score"": 8.925706045799584, ""year"": ""2025"", ""source"": {""title"": ""Impact of delayed centrifugation on the stability of 32 biochemical analytes in blood samples collected in serum gel tubes and stored at room temperature."", ""pmid"": ""40079584"", ""doi"": ""10.1515/cclm-2025-0109"", ""url"": ""https://pubmed.ncbi.nlm.nih.gov/40079584/"", ""journal"": """", ""year"": ""2025"", ""authors"": ""Sanz-Felisi M, Tauler-Quetglas P, Escartín-Díez T, Arbiol-Roca A, Dot-Bach D.""}, ""ext_id"": ""40079584"", ""doi"": ""10.1515/cclm-2025-0109"", ""authors"": ""Sanz-Felisi M, Tauler-Quetglas P, Escartín-Díez T, Arbiol-Roca A, Dot-Bach D."", ""journal"": """", ""url"": ""https://pubmed.ncbi.nlm.nih.gov/40079584/"", ""score_components"": {}}, {""citation_id"": 3, ""title"": ""Stability of serum cytokeratin 18-M30 under different storage conditions for drug-induced liver injury assessment."", ""evidence_text"": ""CK18-M30 is relatively stable at -20°C. Between 2 and 8°C, the separation gel tubes were more stable than the aliquot tubes for up to three days. Aliquot tubes stored at 2-8oC were suboptimal, as the CK18-M30 became unstable after 3 days."", ""score"": 7.779611466965029, ""year"": ""2026"", ""source"": {""title"": ""Stability of serum cytokeratin 18-M30 under different storage conditions for drug-induced liver injury assessment."", ""pmid"": ""42262209"", ""doi"": ""10.36721/pjps.2026.39.8.235.1"", ""url"": ""https://pubmed.ncbi.nlm.nih.gov/42262209/"", ""journal"": """", ""year"": ""2026"", ""authors"": ""Zheng G, Xia X, Jia F, Li W, Wang J, Li J.""}, ""ext_id"": ""42262209"", ""doi"": ""10.36721/pjps.2026.39.8.235.1"", ""authors"": ""Zheng G, Xia X, Jia F, Li W, Wang J, Li J."", ""journal"": """", ""url"": ""https://pubmed.ncbi.nlm.nih.gov/42262209/"", ""score_components"": {}}, {""citation_id"": 4, ""title"": ""Association of Serum Calprotectin and the C-Reactive Protein–Triglyceride–Glucose Index with SYNTAX Score in Patients with Stable Coronary Artery Disease"", ""evidence_text"": ""and Objectives: Systemic inflammation is a key driver in the progression and complexity of coronary artery disease (CAD). Serum calprotectin and the C-reactive protein–triglyceride–glucose index (CTI) have emerged as potential inflammatory and metabolic biomarkers; however, their association with angiographic disease severity has not been clearly defined. This study aimed to evaluate the relationship between serum calprotectin, CTI, and the SYNTAX score (SS) in patients with stable CAD."", ""score"": 4.90273514113668, ""year"": ""2026"", ""source"": {""title"": ""Association of Serum Calprotectin and the C-Reactive Protein–Triglyceride–Glucose Index with SYNTAX Score in Patients with Stable Coronary Artery Disease"", ""pmid"": ""PPR1168010"", ""doi"": ""10.20944/preprints202603.1437.v1"", ""url"": ""https://doi.org/10.20944/preprints202603.1437.v1"", ""journal"": """", ""year"": ""2026"", ""authors"": ""Demir V, Ede H, Turan Y, Bakir MR, Alp C, Gül M, Aktaş H, Demir MI, Yıldırım O, Inci S.""}, ""ext_id"": ""PPR1168010"", ""doi"": ""10.20944/preprints202603.1437.v1"", ""authors"": ""Demir V, Ede H, Turan Y, Bakir MR, Alp C, Gül M, Aktaş H, Demir MI, Yıldırım O, Inci S."", ""journal"": """", ""url"": ""https://doi.org/10.20944/preprints202603.1437.v1"", ""score_components"": {}}, {""citation_id"": 5, ""title"": ""Effects of preanalytical factors on serum vitamin B12 test results."", ""evidence_text"": ""IntroductionWhile conclusions regarding the effects of serum separator tubes on some laboratory tests have been reached in previous studies, the effects of these tubes on the B12 test have not been adequately investigated. This study aimed to determine the effects of the serum separator tube position after centrifugation on serum B12 test results.Materials and MethodsTwo blood samples were collected by venipuncture into 5-mL Pirmax serum separator tubes from each of the 30 volunteers. The effects of the tube position after centrifugation, gentle mixing 5-10 times, recentrifugation, and short-term (15 min) standing of the tubes in an upright position on serum B12 test results were examined in a step-by-step manner."", ""score"": 4.5546020840954204, ""year"": ""2026"", ""source"": {""title"": ""Effects of preanalytical factors on serum vitamin B12 test results."", ""pmid"": ""42103445"", ""doi"": ""10.1177/00045632261453317"", ""url"": ""https://pubmed.ncbi.nlm.nih.gov/42103445/"", ""journal"": """", ""year"": ""2026"", ""authors"": ""Batur T, Balahoroğlu R, Karaoglan H, Sezer S.""}, ""ext_id"": ""42103445"", ""doi"": ""10.1177/00045632261453317"", ""authors"": ""Batur T, Balahoroğlu R, Karaoglan H, Sezer S."", ""journal"": """", ""url"": ""https://pubmed.ncbi.nlm.nih.gov/42103445/"", ""score_components"": {}}]",ok,,
BQ006,Is vitamin D stable in serum gel tubes before centrifugation under field-like temperature delays?,"Vitamin D appears stable under the delayed pre-centrifugation serum gel tube conditions tested by Tanner et al. Vitamin D was included among analytes reported stable at 15, 25, or 35 °C for 4, 8, or 24 hours before centrifugation.","[""vitamin D remained stable in the tested serum gel tube conditions"", ""samples were exposed to variable pre-centrifugation temperatures"", ""storage times included 4, 8, and 24 hours"", ""the study was designed to mimic field or remote collection conditions""]",Evidence-based draft benchmark row. Use for development/testing; later verify with supervisor/domain expert.,ranker_lexical,lexical,"(TITLE_ABS:""Is vitamin D stable in serum gel tubes before centrifugation under field-like temperature delays?"") OR (TITLE_ABS:(serum AND stable AND vitamin)) OR (TITLE_ABS:(serum AND stable AND vitamin AND gel)) OR (TITLE_ABS:(""serum gel"" OR ""serum gel tube"" OR ""serum gel tubes"" OR vitamin OR stability OR stable OR unstable OR serum OR ""blood serum"" OR gel OR ""serum separator"" OR SST OR tube OR tubes OR ""collection tube"" OR ""blood collection tube"" OR centrifugation OR centrifuge OR ""pre-centrifugation"" OR precentrifugation OR ""field-like"" OR temperature OR temperatures OR ""room temperature"")) OR (TITLE_ABS:(vitamin OR stable OR serum OR gel OR tubes OR centrifugation OR ""field-like"" OR temperature OR delays))","[""vitamin"", ""stable"", ""serum"", ""gel"", ""tubes"", ""centrifugation"", ""field-like"", ""temperature"", ""delays""]",8,90,5,5,"[1] Inter-pool variability was assessed by linear regression of standard deviations of PD%-values over storage time.Results. Under refrigerated conditions, six analytes exceeded stability limits, with only alanine aminotransferase (ALAT), lactate dehydrogenase (LDH), and 1,25(OH) 2 vitamin D showing instability within seven days and the others not before day 14. At RT, 38/48 parameters remained stable for at least 4 days.
Source: Stability of different biochemical parameters in pooled left-over sera stored for 14 days after pooling either at room temperature or at 2-10 °C.. 2026. PMID: 41704179. DOI: 10.1515/cclm-2025-1693

[2] In metabolomics, delays in centrifugation can lead to artificial changes in metabolite concentrations due to prolonged interaction between blood cells and serum. Therefore, standardizing the time to centrifugation is essential for ensuring reliable and comparable data. This study investigated the stability of serum metabolites under different centrifugation delays.
Source: Stability of serum metabolites following delayed centrifugation.. 2026. PMID: 41905484. DOI: 10.1016/j.cca.2026.120983

[3] Objectives. Evaluate the stability of 32 biochemical analytes in venous blood samples stored at 18-25 °C under different time delays prior to centrifugation.Methods. A prospective study was conducted involving 33 healthy volunteers.
Source: Impact of delayed centrifugation on the stability of 32 biochemical analytes in blood samples collected in serum gel tubes and stored at room temperature.. 2025. PMID: 40079584. DOI: 10.1515/cclm-2025-0109

[4] CK18-M30 is relatively stable at -20°C. Between 2 and 8°C, the separation gel tubes were more stable than the aliquot tubes for up to three days. Aliquot tubes stored at 2-8oC were suboptimal, as the CK18-M30 became unstable after 3 days.
Source: Stability of serum cytokeratin 18-M30 under different storage conditions for drug-induced liver injury assessment.. 2026. PMID: 42262209. DOI: 10.36721/pjps.2026.39.8.235.1

[5] Samples that were refrigerated were stable until 168 h (PD≤5.5 %) regardless of a delay in centrifugation. Samples that were frozen at -20 °C were stable up to 672 h (PD -1.5 %).Conclusions. IGF-1 is stable up to 72 h after sampling regardless of delay in centrifugation or storage temperature.
Source: Short- and medium-term pre-analytical stability of human serum insulin-like growth factor-1.. 2026. PMID: 41167200. DOI: 10.1515/cclm-2025-0868","[{""citation_id"": 1, ""title"": ""Stability of different biochemical parameters in pooled left-over sera stored for 14 days after pooling either at room temperature or at 2-10 °C."", ""evidence_text"": ""Inter-pool variability was assessed by linear regression of standard deviations of PD%-values over storage time.Results. Under refrigerated conditions, six analytes exceeded stability limits, with only alanine aminotransferase (ALAT), lactate dehydrogenase (LDH), and 1,25(OH) 2 vitamin D showing instability within seven days and the others not before day 14. At RT, 38/48 parameters remained stable for at least 4 days."", ""score"": 9.790335372914955, ""year"": ""2026"", ""source"": {""title"": ""Stability of different biochemical parameters in pooled left-over sera stored for 14 days after pooling either at room temperature or at 2-10 °C."", ""pmid"": ""41704179"", ""doi"": ""10.1515/cclm-2025-1693"", ""url"": ""https://pubmed.ncbi.nlm.nih.gov/41704179/"", ""journal"": """", ""year"": ""2026"", ""authors"": ""Zabel M, Perkmann T, Mucher P, Szekeres T, Fritzer-Szekeres M, Marculescu R, Wagner OF, Buchta C, Haslacher H.""}, ""ext_id"": ""41704179"", ""doi"": ""10.1515/cclm-2025-1693"", ""authors"": ""Zabel M, Perkmann T, Mucher P, Szekeres T, Fritzer-Szekeres M, Marculescu R, Wagner OF, Buchta C, Haslacher H."", ""journal"": """", ""url"": ""https://pubmed.ncbi.nlm.nih.gov/41704179/"", ""score_components"": {}}, {""citation_id"": 2, ""title"": ""Stability of serum metabolites following delayed centrifugation."", ""evidence_text"": ""In metabolomics, delays in centrifugation can lead to artificial changes in metabolite concentrations due to prolonged interaction between blood cells and serum. Therefore, standardizing the time to centrifugation is essential for ensuring reliable and comparable data. This study investigated the stability of serum metabolites under different centrifugation delays."", ""score"": 8.946627592380786, ""year"": ""2026"", ""source"": {""title"": ""Stability of serum metabolites following delayed centrifugation."", ""pmid"": ""41905484"", ""doi"": ""10.1016/j.cca.2026.120983"", ""url"": ""https://pubmed.ncbi.nlm.nih.gov/41905484/"", ""journal"": """", ""year"": ""2026"", ""authors"": ""Minò A, Tiberio C, Caruso M, Di Costanzo A, Angiolillo A.""}, ""ext_id"": ""41905484"", ""doi"": ""10.1016/j.cca.2026.120983"", ""authors"": ""Minò A, Tiberio C, Caruso M, Di Costanzo A, Angiolillo A."", ""journal"": """", ""url"": ""https://pubmed.ncbi.nlm.nih.gov/41905484/"", ""score_components"": {}}, {""citation_id"": 3, ""title"": ""Impact of delayed centrifugation on the stability of 32 biochemical analytes in blood samples collected in serum gel tubes and stored at room temperature."", ""evidence_text"": ""Objectives. Evaluate the stability of 32 biochemical analytes in venous blood samples stored at 18-25 °C under different time delays prior to centrifugation.Methods. A prospective study was conducted involving 33 healthy volunteers."", ""score"": 8.919303528858427, ""year"": ""2025"", ""source"": {""title"": ""Impact of delayed centrifugation on the stability of 32 biochemical analytes in blood samples collected in serum gel tubes and stored at room temperature."", ""pmid"": ""40079584"", ""doi"": ""10.1515/cclm-2025-0109"", ""url"": ""https://pubmed.ncbi.nlm.nih.gov/40079584/"", ""journal"": """", ""year"": ""2025"", ""authors"": ""Sanz-Felisi M, Tauler-Quetglas P, Escartín-Díez T, Arbiol-Roca A, Dot-Bach D.""}, ""ext_id"": ""40079584"", ""doi"": ""10.1515/cclm-2025-0109"", ""authors"": ""Sanz-Felisi M, Tauler-Quetglas P, Escartín-Díez T, Arbiol-Roca A, Dot-Bach D."", ""journal"": """", ""url"": ""https://pubmed.ncbi.nlm.nih.gov/40079584/"", ""score_components"": {}}, {""citation_id"": 4, ""title"": ""Stability of serum cytokeratin 18-M30 under different storage conditions for drug-induced liver injury assessment."", ""evidence_text"": ""CK18-M30 is relatively stable at -20°C. Between 2 and 8°C, the separation gel tubes were more stable than the aliquot tubes for up to three days. Aliquot tubes stored at 2-8oC were suboptimal, as the CK18-M30 became unstable after 3 days."", ""score"": 8.376439171605892, ""year"": ""2026"", ""source"": {""title"": ""Stability of serum cytokeratin 18-M30 under different storage conditions for drug-induced liver injury assessment."", ""pmid"": ""42262209"", ""doi"": ""10.36721/pjps.2026.39.8.235.1"", ""url"": ""https://pubmed.ncbi.nlm.nih.gov/42262209/"", ""journal"": """", ""year"": ""2026"", ""authors"": ""Zheng G, Xia X, Jia F, Li W, Wang J, Li J.""}, ""ext_id"": ""42262209"", ""doi"": ""10.36721/pjps.2026.39.8.235.1"", ""authors"": ""Zheng G, Xia X, Jia F, Li W, Wang J, Li J."", ""journal"": """", ""url"": ""https://pubmed.ncbi.nlm.nih.gov/42262209/"", ""score_components"": {}}, {""citation_id"": 5, ""title"": ""Short- and medium-term pre-analytical stability of human serum insulin-like growth factor-1."", ""evidence_text"": ""Samples that were refrigerated were stable until 168 h (PD≤5.5 %) regardless of a delay in centrifugation. Samples that were frozen at -20 °C were stable up to 672 h (PD -1.5 %).Conclusions. IGF-1 is stable up to 72 h after sampling regardless of delay in centrifugation or storage temperature."", ""score"": 6.145838435832503, ""year"": ""2026"", ""source"": {""title"": ""Short- and medium-term pre-analytical stability of human serum insulin-like growth factor-1."", ""pmid"": ""41167200"", ""doi"": ""10.1515/cclm-2025-0868"", ""url"": ""https://pubmed.ncbi.nlm.nih.gov/41167200/"", ""journal"": """", ""year"": ""2026"", ""authors"": ""Louw JC, George JA, Khoza SP, Currin S.""}, ""ext_id"": ""41167200"", ""doi"": ""10.1515/cclm-2025-0868"", ""authors"": ""Louw JC, George JA, Khoza SP, Currin S."", ""journal"": """", ""url"": ""https://pubmed.ncbi.nlm.nih.gov/41167200/"", ""score_components"": {}}]",ok,,
BQ007,Can short-term processing delays up to 15 hours affect serum and plasma cytokine measurements?,"Short-term processing delays can affect cytokine measurements, but the overall changes were generally small in the Gottfried-Blackmore et al. study. They observed short-term delays produced changes in serum and plasma cytokines within roughly −10.8% to 43.5%, with some analyte-specific exceptions.","[""short-term processing delay can perturb cytokine measurements"", ""the study measured both serum and plasma cytokines"", ""reported cytokine changes ranged approximately from -10.8 percent to 43.5 percent"", ""effects are analyte-specific rather than uniform""]",Evidence-based draft benchmark row. Use for development/testing; later verify with supervisor/domain expert.,ranker_lexical,lexical,"(TITLE_ABS:""Can short-term processing delays up to 15 hours affect serum and plasma cytokine measurements?"") OR (TITLE_ABS:(serum AND processing AND ""short-term"")) OR (TITLE_ABS:(serum AND processing AND ""short-term"" AND delays)) OR (TITLE_ABS:(""processing delay"" OR ""short-term"" OR processing OR delays OR serum OR ""blood serum"" OR plasma OR ""blood plasma"" OR cytokine)) OR (TITLE_ABS:(""short-term"" OR processing OR delays OR serum OR plasma OR cytokine))","[""short-term"", ""processing"", ""delays"", ""serum"", ""plasma"", ""cytokine""]",8,76,5,5,"[1] A strong positive correlation was observed between serum and EDTA plasma levels of IL-1β, IL-6, IL-10 and IFN-γ (r = 0.91-1.00, p < 0.001), indicating that both serum and EDTA plasma can be used to obtain reliable measurements of cytokine concentrations in blood of juvenile pigs. Among the 13 analyzed cytokines in serum, TNF-α and IL-6 appeared as the most reliable cytokines during acute inflammation, peaking at 1 h and between 2 and 3 h post LPS infusion, respectively. In general, saliva did not correlate with serum for most cytokines, suggesting limited application of such a non-invasive matrix for systemic cytokine monitoring.
Source: Comparative Study of Cytokine Measurements in Blood Plasma and Serum, and Saliva of Juvenile Pigs During Experimentally Induced Acute Inflammation.. 2026. PMID: 41600724. DOI: 10.3390/vetsci13010068

[2] Corrigendum to ""Risk factors associated with short-term mortality in patients with candidemia and the predictive value of serum cytokine level"" [Cytokine 185 (2025) 156803].
Source: Corrigendum to ""Risk factors associated with short-term mortality in patients with candidemia and the predictive value of serum cytokine level"" [Cytokine 185 (2025) 156803].. 2026. PMID: 41318288. DOI: 10.1016/j.cyto.2025.157077

[3] Biospecimen processing delays can significantly induce hypoxanthine and inosine levels, among other changes, in blood. We developed a liquid chromatography tandem mass-spectrometry method to quantify metabolites of the purine and pyrimidine pathways and investigated the impact of delayed sample processing on single donor plasma and dried blood spots (DBS). Plasma hypoxanthine increased above the normal reference range to an average 20-fold increase across individual donors when whole blood was kept refrigerated 64 h prior to processing.
Source: Analysis of purines and pyrimidines across biospecimens: influence of storage temperature and duration.. 2026. PMID: 42218223. DOI: 10.1038/s41598-026-54454-8

[4] A major under-recognized contributor to this heterogeneity is the biological matrix used for cytokine measurement-serum versus plasma. Serum formation requires ex vivo clotting, a biologically active process involving platelet activation and platelet-leukocyte interactions that can release immune mediators into the fluid phase. Pregnancy is characterized by altered platelet physiology and thrombo-inflammatory priming, suggesting that clot-associated cytokine release may plausibly be accentuated in gestation, although direct paired serum-plasma pregnancy studies remain limited.
Source: Blood Clotting as an Unintended Cytokine Stimulus in Pregnancy: Why Serum and Plasma are Non-Equivalent Immune Matrices.. 2026. PMID: 42020690. DOI: 10.1007/s43032-026-02102-x

[5] Anti-spike (S) IgG and anti-nucleocapsid (N) total immunoglobulin levels were compared for 20 paired plasma/serum samples tested fresh and frozen after separation from cellular components on Day 5 or after ≤40 days of 4°C storage; 10 paired plasma/serum samples separated on Day 5 and tested immediately or after ≤67 days of 4°C storage; and 85 plasma and 950 serum samples tested fresh on Day 1 and after ≤209 days of -20°C storage post-separation. Proportional Bland-Altman analyses were used to estimate average bias and 95% limits of agreement (LOA).Results. Antibody reactivity was stable over time regardless of serum or plasma processing delays or prolonged refrigerated or frozen storage.
Source: Impact of delayed blood donation sample processing and testing on SARS-CoV-2 serological assay results in an evolving pandemic response.. 2026. PMID: 42267669. DOI: 10.1111/trf.70283","[{""citation_id"": 1, ""title"": ""Comparative Study of Cytokine Measurements in Blood Plasma and Serum, and Saliva of Juvenile Pigs During Experimentally Induced Acute Inflammation."", ""evidence_text"": ""A strong positive correlation was observed between serum and EDTA plasma levels of IL-1β, IL-6, IL-10 and IFN-γ (r = 0.91-1.00, p < 0.001), indicating that both serum and EDTA plasma can be used to obtain reliable measurements of cytokine concentrations in blood of juvenile pigs. Among the 13 analyzed cytokines in serum, TNF-α and IL-6 appeared as the most reliable cytokines during acute inflammation, peaking at 1 h and between 2 and 3 h post LPS infusion, respectively. In general, saliva did not correlate with serum for most cytokines, suggesting limited application of such a non-invasive matrix for systemic cytokine monitoring."", ""score"": 9.146343465660399, ""year"": ""2026"", ""source"": {""title"": ""Comparative Study of Cytokine Measurements in Blood Plasma and Serum, and Saliva of Juvenile Pigs During Experimentally Induced Acute Inflammation."", ""pmid"": ""41600724"", ""doi"": ""10.3390/vetsci13010068"", ""url"": ""https://pmc.ncbi.nlm.nih.gov/articles/PMC12846541/"", ""journal"": """", ""year"": ""2026"", ""authors"": ""Madsen PA, Jerez-Bogotá K, Vodolazska D, Lauridsen C.""}, ""ext_id"": ""41600724"", ""doi"": ""10.3390/vetsci13010068"", ""authors"": ""Madsen PA, Jerez-Bogotá K, Vodolazska D, Lauridsen C."", ""journal"": """", ""url"": ""https://pmc.ncbi.nlm.nih.gov/articles/PMC12846541/"", ""score_components"": {}}, {""citation_id"": 2, ""title"": ""Corrigendum to \""Risk factors associated with short-term mortality in patients with candidemia and the predictive value of serum cytokine level\"" [Cytokine 185 (2025) 156803]."", ""evidence_text"": ""Corrigendum to \""Risk factors associated with short-term mortality in patients with candidemia and the predictive value of serum cytokine level\"" [Cytokine 185 (2025) 156803]."", ""score"": 8.521451700058066, ""year"": ""2026"", ""source"": {""title"": ""Corrigendum to \""Risk factors associated with short-term mortality in patients with candidemia and the predictive value of serum cytokine level\"" [Cytokine 185 (2025) 156803]."", ""pmid"": ""41318288"", ""doi"": ""10.1016/j.cyto.2025.157077"", ""url"": ""https://pubmed.ncbi.nlm.nih.gov/41318288/"", ""journal"": """", ""year"": ""2026"", ""authors"": ""Fang X, Su C, Luo Y, Pan K, Lin J, Song Y, Huang Y, Hu X, Shen Z.""}, ""ext_id"": ""41318288"", ""doi"": ""10.1016/j.cyto.2025.157077"", ""authors"": ""Fang X, Su C, Luo Y, Pan K, Lin J, Song Y, Huang Y, Hu X, Shen Z."", ""journal"": """", ""url"": ""https://pubmed.ncbi.nlm.nih.gov/41318288/"", ""score_components"": {}}, {""citation_id"": 3, ""title"": ""Analysis of purines and pyrimidines across biospecimens: influence of storage temperature and duration."", ""evidence_text"": ""Biospecimen processing delays can significantly induce hypoxanthine and inosine levels, among other changes, in blood. We developed a liquid chromatography tandem mass-spectrometry method to quantify metabolites of the purine and pyrimidine pathways and investigated the impact of delayed sample processing on single donor plasma and dried blood spots (DBS). Plasma hypoxanthine increased above the normal reference range to an average 20-fold increase across individual donors when whole blood was kept refrigerated 64 h prior to processing."", ""score"": 7.751213504568283, ""year"": ""2026"", ""source"": {""title"": ""Analysis of purines and pyrimidines across biospecimens: influence of storage temperature and duration."", ""pmid"": ""42218223"", ""doi"": ""10.1038/s41598-026-54454-8"", ""url"": ""https://pubmed.ncbi.nlm.nih.gov/42218223/"", ""journal"": """", ""year"": ""2026"", ""authors"": ""Wurth R, Turgeon C, Lacey J, Stander Z, Gavrilov D, Hall PL, Matern D, Schultz M, Tortorelli S, Oglesbee D.""}, ""ext_id"": ""42218223"", ""doi"": ""10.1038/s41598-026-54454-8"", ""authors"": ""Wurth R, Turgeon C, Lacey J, Stander Z, Gavrilov D, Hall PL, Matern D, Schultz M, Tortorelli S, Oglesbee D."", ""journal"": """", ""url"": ""https://pubmed.ncbi.nlm.nih.gov/42218223/"", ""score_components"": {}}, {""citation_id"": 4, ""title"": ""Blood Clotting as an Unintended Cytokine Stimulus in Pregnancy: Why Serum and Plasma are Non-Equivalent Immune Matrices."", ""evidence_text"": ""A major under-recognized contributor to this heterogeneity is the biological matrix used for cytokine measurement-serum versus plasma. Serum formation requires ex vivo clotting, a biologically active process involving platelet activation and platelet-leukocyte interactions that can release immune mediators into the fluid phase. Pregnancy is characterized by altered platelet physiology and thrombo-inflammatory priming, suggesting that clot-associated cytokine release may plausibly be accentuated in gestation, although direct paired serum-plasma pregnancy studies remain limited."", ""score"": 7.063468074013487, ""year"": ""2026"", ""source"": {""title"": ""Blood Clotting as an Unintended Cytokine Stimulus in Pregnancy: Why Serum and Plasma are Non-Equivalent Immune Matrices."", ""pmid"": ""42020690"", ""doi"": ""10.1007/s43032-026-02102-x"", ""url"": ""https://pubmed.ncbi.nlm.nih.gov/42020690/"", ""journal"": """", ""year"": ""2026"", ""authors"": ""Trivedi C, Jain R, Vaidya V, Thakkar I, Ranpuria J, Sundararajan A.""}, ""ext_id"": ""42020690"", ""doi"": ""10.1007/s43032-026-02102-x"", ""authors"": ""Trivedi C, Jain R, Vaidya V, Thakkar I, Ranpuria J, Sundararajan A."", ""journal"": """", ""url"": ""https://pubmed.ncbi.nlm.nih.gov/42020690/"", ""score_components"": {}}, {""citation_id"": 5, ""title"": ""Impact of delayed blood donation sample processing and testing on SARS-CoV-2 serological assay results in an evolving pandemic response."", ""evidence_text"": ""Anti-spike (S) IgG and anti-nucleocapsid (N) total immunoglobulin levels were compared for 20 paired plasma/serum samples tested fresh and frozen after separation from cellular components on Day 5 or after ≤40 days of 4°C storage; 10 paired plasma/serum samples separated on Day 5 and tested immediately or after ≤67 days of 4°C storage; and 85 plasma and 950 serum samples tested fresh on Day 1 and after ≤209 days of -20°C storage post-separation. Proportional Bland-Altman analyses were used to estimate average bias and 95% limits of agreement (LOA).Results. Antibody reactivity was stable over time regardless of serum or plasma processing delays or prolonged refrigerated or frozen storage."", ""score"": 5.983374724381836, ""year"": ""2026"", ""source"": {""title"": ""Impact of delayed blood donation sample processing and testing on SARS-CoV-2 serological assay results in an evolving pandemic response."", ""pmid"": ""42267669"", ""doi"": ""10.1111/trf.70283"", ""url"": ""https://pubmed.ncbi.nlm.nih.gov/42267669/"", ""journal"": """", ""year"": ""2026"", ""authors"": ""Lanteri MC, Green V, Sulaeman H, Stone M, Haynes J, Di Germanio C, Smith S, Villaflor PG, Groves J, Williamson PC, Stramer SL, Coughlin MM, Jones JM, Grebe E, Busch MP, Saa P.""}, ""ext_id"": ""42267669"", ""doi"": ""10.1111/trf.70283"", ""authors"": ""Lanteri MC, Green V, Sulaeman H, Stone M, Haynes J, Di Germanio C, Smith S, Villaflor PG, Groves J, Williamson PC, Stramer SL, Coughlin MM, Jones JM, Grebe E, Busch MP, Saa P."", ""journal"": """", ""url"": ""https://pubmed.ncbi.nlm.nih.gov/42267669/"", ""score_components"": {}}]",ok,,
BQ008,Can serum and plasma be used interchangeably for cytokine or proteomic analyses after processing delay?,Serum and plasma should not be used interchangeably for cytokine or proteomic analyses. Gottfried-Blackmore et al. reported poor correlation between serum and plasma cytokines and concluded that cytokine studies should consider the non-equivalence between serum and plasma.,"[""serum and plasma cytokines were poorly correlated"", ""serum and plasma should not be used interchangeably for cytokine analyses"", ""processing delay effects differ between matrices"", ""sample matrix choice is important for proteomic or cytokine studies""]",Evidence-based draft benchmark row. Use for development/testing; later verify with supervisor/domain expert.,ranker_lexical,lexical,"(TITLE_ABS:""Can serum and plasma be used interchangeably for cytokine or proteomic analyses after processing delay?"") OR (TITLE_ABS:(serum AND processing AND plasma)) OR (TITLE_ABS:(serum AND processing AND plasma AND interchangeably)) OR (TITLE_ABS:(""processing delay"" OR serum OR ""blood serum"" OR plasma OR ""blood plasma"" OR interchangeably OR cytokine OR proteomic OR analyses OR processing OR delayed OR delay OR ""delayed processing"")) OR (TITLE_ABS:(serum OR plasma OR interchangeably OR cytokine OR proteomic OR analyses OR processing OR delay))","[""serum"", ""plasma"", ""interchangeably"", ""cytokine"", ""proteomic"", ""analyses"", ""processing"", ""delay""]",8,75,5,5,"[1] By PEG precipitation followed by albumin depletion, additional proteins and N -glycoproteins can be identified by liquid chromatography-tandem mass spectrometry (LC-MS/MS) in the plasma. In-depth LC-MS/MS proteomic analyses of the whole plasma, its 10% and 20% PEG-precipitated pellets, and albumin-depleted supernatants have profiled 2943, 2242, 3162, 2187, and 2028 proteins respectively, yielding 5040 proteins in total and thus expanding the plasma proteome coverage. Therefore, PEG precipitation and albumin depletion should be used as a general plasma processing method for successful proteomic discoveries of blood biomarkers.
Source: PEG Precipitation Followed by Albumin Depletion for Plasma Proteomics Analysis.. 2025. PMID: 40468192. DOI: 10.1021/acs.analchem.5c00593

[2] Moreover, proteomic analyses of whole blood have almost exclusively focused on (non)targeted analyses of protein abundances and much less on post-translational modifications (PTMs). Here, we developed a streamlined workflow for processing 20 microliters of venous blood collected by volumetric absorptive microsampling that incorporates serial trypsinization and N -glycopeptide and phosphopeptide enrichment and avoids laborious sample dry-down or cleanup steps. As many as 10,000 analytes (reported as protein groups, glycopeptidoforms, and phosphosites) can be quantified by liquid chromatography-tandem mass spectrometry in under 2 h of MS acquisition time.
Source: Development and Validation of a Streamlined Workflow for Proteomic Analysis of Proteins and Post-translational Modifications from Dried Blood.. 2026. PMID: 42246250. DOI: 10.1021/acs.jproteome.6c00032

[3] Anti-spike (S) IgG and anti-nucleocapsid (N) total immunoglobulin levels were compared for 20 paired plasma/serum samples tested fresh and frozen after separation from cellular components on Day 5 or after ≤40 days of 4°C storage; 10 paired plasma/serum samples separated on Day 5 and tested immediately or after ≤67 days of 4°C storage; and 85 plasma and 950 serum samples tested fresh on Day 1 and after ≤209 days of -20°C storage post-separation. Proportional Bland-Altman analyses were used to estimate average bias and 95% limits of agreement (LOA).Results. Antibody reactivity was stable over time regardless of serum or plasma processing delays or prolonged refrigerated or frozen storage.
Source: Impact of delayed blood donation sample processing and testing on SARS-CoV-2 serological assay results in an evolving pandemic response.. 2026. PMID: 42267669. DOI: 10.1111/trf.70283

[4] The remaining cytokine concentrations were significantly impacted by processing delay and storage temperature, with changes evident as early as 3 hours and more pronounced at 24 and 48 hours ( p < 0.05). Storing blood at 4°C generally mitigated changes compared to room temperature, but analyte-specific and matrix-dependent variations persisted.Conclusion. These findings emphasize delayed processing significantly alters cytokine levels, highlighting the importance of prompt, standardized processing and careful consideration of pre-analytical factors for reliable cytokine quantitation in clinical studies.
Source: Effect of delayed blood centrifugation on cytokine quantitation in serum and plasma.. 2025. PMID: 40791022. DOI: 10.1080/17576180.2025.2544521

[5] Capillary microsampling offers a practical alternative, although the ability to delay processing and its agreement with gold-standard venous blood require validation. We evaluated Tasso+, a minimally invasive upper-arm capillary blood collection system, for measuring neurological and host-response biomarkers in plasma and serum during an exercise-based protocol. Sampling occurred before, immediately after, and approximately 24-to-36 hours after exercise; Tasso+ samples were processed with or without a 72-hour room-temperature delay.
Source: Analytical Validation of Minimally Invasive Capillary Blood Microsampling using Tasso+ for Multiplexed Neurological Biomarkers. 2026. PMID: PPR1246964. DOI: 10.64898/2026.05.15.26353201","[{""citation_id"": 1, ""title"": ""PEG Precipitation Followed by Albumin Depletion for Plasma Proteomics Analysis."", ""evidence_text"": ""By PEG precipitation followed by albumin depletion, additional proteins and N -glycoproteins can be identified by liquid chromatography-tandem mass spectrometry (LC-MS/MS) in the plasma. In-depth LC-MS/MS proteomic analyses of the whole plasma, its 10% and 20% PEG-precipitated pellets, and albumin-depleted supernatants have profiled 2943, 2242, 3162, 2187, and 2028 proteins respectively, yielding 5040 proteins in total and thus expanding the plasma proteome coverage. Therefore, PEG precipitation and albumin depletion should be used as a general plasma processing method for successful proteomic discoveries of blood biomarkers."", ""score"": 11.564783977850642, ""year"": ""2025"", ""source"": {""title"": ""PEG Precipitation Followed by Albumin Depletion for Plasma Proteomics Analysis."", ""pmid"": ""40468192"", ""doi"": ""10.1021/acs.analchem.5c00593"", ""url"": ""https://pubmed.ncbi.nlm.nih.gov/40468192/"", ""journal"": """", ""year"": ""2025"", ""authors"": ""Wang Y, Cai M, Song Y, Jiang K, Liu T, Zhang X, Zhu H, Sha J, Du L, Qi S, Chen Y, Liu S, Geng Z, Hu Q, Ling T, Chen D, Song H, Pan J, Zheng Q, Chang C, Bai B.""}, ""ext_id"": ""40468192"", ""doi"": ""10.1021/acs.analchem.5c00593"", ""authors"": ""Wang Y, Cai M, Song Y, Jiang K, Liu T, Zhang X, Zhu H, Sha J, Du L, Qi S, Chen Y, Liu S, Geng Z, Hu Q, Ling T, Chen D, Song H, Pan J, Zheng Q, Chang C, Bai B."", ""journal"": """", ""url"": ""https://pubmed.ncbi.nlm.nih.gov/40468192/"", ""score_components"": {}}, {""citation_id"": 2, ""title"": ""Development and Validation of a Streamlined Workflow for Proteomic Analysis of Proteins and Post-translational Modifications from Dried Blood."", ""evidence_text"": ""Moreover, proteomic analyses of whole blood have almost exclusively focused on (non)targeted analyses of protein abundances and much less on post-translational modifications (PTMs). Here, we developed a streamlined workflow for processing 20 microliters of venous blood collected by volumetric absorptive microsampling that incorporates serial trypsinization and N -glycopeptide and phosphopeptide enrichment and avoids laborious sample dry-down or cleanup steps. As many as 10,000 analytes (reported as protein groups, glycopeptidoforms, and phosphosites) can be quantified by liquid chromatography-tandem mass spectrometry in under 2 h of MS acquisition time."", ""score"": 9.410770741630909, ""year"": ""2026"", ""source"": {""title"": ""Development and Validation of a Streamlined Workflow for Proteomic Analysis of Proteins and Post-translational Modifications from Dried Blood."", ""pmid"": ""42246250"", ""doi"": ""10.1021/acs.jproteome.6c00032"", ""url"": ""https://pubmed.ncbi.nlm.nih.gov/42246250/"", ""journal"": """", ""year"": ""2026"", ""authors"": ""Foster MW, Chen Y, Violette MJ, Shapley SM, Forrester MT, Mellors JS, Phinney BS, Plumb RS, Thompson JW, McMahon TJ.""}, ""ext_id"": ""42246250"", ""doi"": ""10.1021/acs.jproteome.6c00032"", ""authors"": ""Foster MW, Chen Y, Violette MJ, Shapley SM, Forrester MT, Mellors JS, Phinney BS, Plumb RS, Thompson JW, McMahon TJ."", ""journal"": """", ""url"": ""https://pubmed.ncbi.nlm.nih.gov/42246250/"", ""score_components"": {}}, {""citation_id"": 3, ""title"": ""Impact of delayed blood donation sample processing and testing on SARS-CoV-2 serological assay results in an evolving pandemic response."", ""evidence_text"": ""Anti-spike (S) IgG and anti-nucleocapsid (N) total immunoglobulin levels were compared for 20 paired plasma/serum samples tested fresh and frozen after separation from cellular components on Day 5 or after ≤40 days of 4°C storage; 10 paired plasma/serum samples separated on Day 5 and tested immediately or after ≤67 days of 4°C storage; and 85 plasma and 950 serum samples tested fresh on Day 1 and after ≤209 days of -20°C storage post-separation. Proportional Bland-Altman analyses were used to estimate average bias and 95% limits of agreement (LOA).Results. Antibody reactivity was stable over time regardless of serum or plasma processing delays or prolonged refrigerated or frozen storage."", ""score"": 8.455382974202019, ""year"": ""2026"", ""source"": {""title"": ""Impact of delayed blood donation sample processing and testing on SARS-CoV-2 serological assay results in an evolving pandemic response."", ""pmid"": ""42267669"", ""doi"": ""10.1111/trf.70283"", ""url"": ""https://pubmed.ncbi.nlm.nih.gov/42267669/"", ""journal"": """", ""year"": ""2026"", ""authors"": ""Lanteri MC, Green V, Sulaeman H, Stone M, Haynes J, Di Germanio C, Smith S, Villaflor PG, Groves J, Williamson PC, Stramer SL, Coughlin MM, Jones JM, Grebe E, Busch MP, Saa P.""}, ""ext_id"": ""42267669"", ""doi"": ""10.1111/trf.70283"", ""authors"": ""Lanteri MC, Green V, Sulaeman H, Stone M, Haynes J, Di Germanio C, Smith S, Villaflor PG, Groves J, Williamson PC, Stramer SL, Coughlin MM, Jones JM, Grebe E, Busch MP, Saa P."", ""journal"": """", ""url"": ""https://pubmed.ncbi.nlm.nih.gov/42267669/"", ""score_components"": {}}, {""citation_id"": 4, ""title"": ""Effect of delayed blood centrifugation on cytokine quantitation in serum and plasma."", ""evidence_text"": ""The remaining cytokine concentrations were significantly impacted by processing delay and storage temperature, with changes evident as early as 3 hours and more pronounced at 24 and 48 hours ( p < 0.05). Storing blood at 4°C generally mitigated changes compared to room temperature, but analyte-specific and matrix-dependent variations persisted.Conclusion. These findings emphasize delayed processing significantly alters cytokine levels, highlighting the importance of prompt, standardized processing and careful consideration of pre-analytical factors for reliable cytokine quantitation in clinical studies."", ""score"": 6.726217652904167, ""year"": ""2025"", ""source"": {""title"": ""Effect of delayed blood centrifugation on cytokine quantitation in serum and plasma."", ""pmid"": ""40791022"", ""doi"": ""10.1080/17576180.2025.2544521"", ""url"": ""https://pubmed.ncbi.nlm.nih.gov/40791022/"", ""journal"": """", ""year"": ""2025"", ""authors"": ""Yang X, Arceo T, Fischer SK.""}, ""ext_id"": ""40791022"", ""doi"": ""10.1080/17576180.2025.2544521"", ""authors"": ""Yang X, Arceo T, Fischer SK."", ""journal"": """", ""url"": ""https://pubmed.ncbi.nlm.nih.gov/40791022/"", ""score_components"": {}}, {""citation_id"": 5, ""title"": ""Analytical Validation of Minimally Invasive Capillary Blood Microsampling using Tasso+ for Multiplexed Neurological Biomarkers"", ""evidence_text"": ""Capillary microsampling offers a practical alternative, although the ability to delay processing and its agreement with gold-standard venous blood require validation. We evaluated Tasso+, a minimally invasive upper-arm capillary blood collection system, for measuring neurological and host-response biomarkers in plasma and serum during an exercise-based protocol. Sampling occurred before, immediately after, and approximately 24-to-36 hours after exercise; Tasso+ samples were processed with or without a 72-hour room-temperature delay."", ""score"": 6.650365477470318, ""year"": ""2026"", ""source"": {""title"": ""Analytical Validation of Minimally Invasive Capillary Blood Microsampling using Tasso+ for Multiplexed Neurological Biomarkers"", ""pmid"": ""PPR1246964"", ""doi"": ""10.64898/2026.05.15.26353201"", ""url"": ""https://doi.org/10.64898/2026.05.15.26353201"", ""journal"": """", ""year"": ""2026"", ""authors"": ""Swann O, Hicks S, Lynch C, Wallman-Jones A, Shoai M, Mulvaney R, Gomes BF, Kodosaki E, Tecilla M, Ghajari M, Jones B, Kemp S, TBI-REPORTER Biomarker Group, Sylvester R, Cross M, Stokes K, Wilson MG, Menon DK, Heslegrave A, Zetterberg H, Sharp DJ, Parker TD.""}, ""ext_id"": ""PPR1246964"", ""doi"": ""10.64898/2026.05.15.26353201"", ""authors"": ""Swann O, Hicks S, Lynch C, Wallman-Jones A, Shoai M, Mulvaney R, Gomes BF, Kodosaki E, Tecilla M, Ghajari M, Jones B, Kemp S, TBI-REPORTER Biomarker Group, Sylvester R, Cross M, Stokes K, Wilson MG, Menon DK, Heslegrave A, Zetterberg H, Sharp DJ, Parker TD."", ""journal"": """", ""url"": ""https://doi.org/10.64898/2026.05.15.26353201"", ""score_components"": {}}]",ok,,
BQ009,Is whole blood gene expression largely stable during short-term processing delays up to 15 hours?,Whole blood gene expression was largely stable under the short-term processing delay conditions tested by Gottfried-Blackmore et al. They reported that pooled gene expression levels did not show significant effects across their short-term room temperature and 4 °C delay conditions.,"[""whole blood gene expression profiles were largely stable"", ""short-term delays included room temperature and 4 degrees Celsius conditions"", ""no significant effects were detected in pooled gene expression levels"", ""PAXgene-style RNA stabilization can help avoid confounding""]",Evidence-based draft benchmark row. Use for development/testing; later verify with supervisor/domain expert.,ranker_lexical,lexical,"(TITLE_ABS:""Is whole blood gene expression largely stable during short-term processing delays up to 15 hours?"") OR (TITLE_ABS:(blood AND stable AND whole)) OR (TITLE_ABS:(blood AND stable AND whole AND gene)) OR (TITLE_ABS:(""processing delay"" OR ""whole blood"" OR whole OR blood OR gene OR expression OR largely OR stability OR stable OR unstable OR ""short-term"" OR processing OR delays)) OR (TITLE_ABS:(whole OR blood OR gene OR expression OR largely OR stable OR ""short-term"" OR processing OR delays))","[""whole"", ""blood"", ""gene"", ""expression"", ""largely"", ""stable"", ""short-term"", ""processing"", ""delays""]",8,77,5,5,"[1] Obstructive sleep apnea (OSA), one of the most common breathing disorders during sleep, is associated with circadian rhythm disruption, yet circadian genes expressed in blood remain largely unexplored as biomarkers. Reliable circadian gene expression analysis requires stable reference genes for qRT-PCR normalization, but no clear guidance exists for blood-based circadian studies in OSA. We evaluated the expression of 11 candidate reference genes ( GAPDH, ACTB, RPL13A, PPIB, TBP, HPRT1, PPIA, SDHA, TUBB2A, UBC ) in whole blood collected every 6 hours over 24 hours from 40 participants who underwent overnight respiratory polygraphy.
Source: Stable reference genes for 24-hour circadian profiling of core clock genes in the blood of obstructive sleep apnea patients. 2025. PMID: PPR1088459. DOI: 10.1101/2025.09.22.677736

[2] Plasma inosine also increased above the reference range after a 48-hour delay in processing refrigerated whole blood. In contrast, hypoxanthine remained stable in DBS for up to 48 h, regardless of the card storage temperature. Therefore, DBS is a feasible alternative specimen type to measure hypoxanthine if frozen shipping, delayed centrifugation, or storage interval is a concern.
Source: Analysis of purines and pyrimidines across biospecimens: influence of storage temperature and duration.. 2026. PMID: 42218223. DOI: 10.1038/s41598-026-54454-8

[3] To investigate the epigenetic regulation of HECW2 in more detail, we conducted a longitudinal, multimodal study investigating HECW2 across several molecular layers—DNAm (in whole blood and saliva), gene expression (in whole blood), and histone modification (H3K4me3 in peripheral blood mononuclear cells)—before and after a standardized three-week inpatient withdrawal treatment. We confirmed HECW2 hypomethylation in both blood and saliva which remained stable through therapy, highlighting saliva as a minimally invasive and previously unstudied tissue for potential biomarker development. Moreover, HECW2 gene expression in whole blood was reduced in AUD patients and showed a reversion toward healthy control levels following therapy.
Source: Regulation of HECW2 expression in Alcohol Use Disorder, therapy outcome and risk of relapse. 2025. PMID: PPR1131748. DOI: 10.21203/rs.3.rs-8133046/v1

[4] Our results show that 34,972 CpGs display variable methylation levels (VMPs) and 41,216 CpGs display stable methylation. Human whole blood is a widely used tissue in epigenetic research, particularly in Epigenome-Wide Association Studies, due to its accessibility and its ability to provide insights into systemic biological processes and disease mechanisms. This catalogue is a useful resource for interpretation of results when associating epigenetic signals to phenotypes.
Source: Systematic investigation of interindividual variation of DNA methylation in human whole blood.. 2026. PMID: 41781971. DOI: 10.1186/s13059-026-04021-1

[5] Freeze-thaw stability were tested, COL A as well as COL B were stable for at least three freeze-thaw cycles.Conclusion. These results underscore the importance of rapid sample processing to ensure reliable therapeutic drug monitoring and emphasize the importance of considering temperature and concentration factors in clinical practice to optimise dosing and minimise toxicity. Further research is required to investigate the full range of factors affecting the stability of colistin and colistin methanesulphonate in biological matrices.
Source: Stability of Colistin Active Forms in Biological Matrices: Effect of Temperature and Time.. 2026. PMID: 41636946. DOI: 10.1007/s13318-025-00974-z","[{""citation_id"": 1, ""title"": ""Stable reference genes for 24-hour circadian profiling of core clock genes in the blood of obstructive sleep apnea patients"", ""evidence_text"": ""Obstructive sleep apnea (OSA), one of the most common breathing disorders during sleep, is associated with circadian rhythm disruption, yet circadian genes expressed in blood remain largely unexplored as biomarkers. Reliable circadian gene expression analysis requires stable reference genes for qRT-PCR normalization, but no clear guidance exists for blood-based circadian studies in OSA. We evaluated the expression of 11 candidate reference genes ( GAPDH, ACTB, RPL13A, PPIB, TBP, HPRT1, PPIA, SDHA, TUBB2A, UBC ) in whole blood collected every 6 hours over 24 hours from 40 participants who underwent overnight respiratory polygraphy."", ""score"": 16.78374681964644, ""year"": ""2025"", ""source"": {""title"": ""Stable reference genes for 24-hour circadian profiling of core clock genes in the blood of obstructive sleep apnea patients"", ""pmid"": ""PPR1088459"", ""doi"": ""10.1101/2025.09.22.677736"", ""url"": ""https://doi.org/10.1101/2025.09.22.677736"", ""journal"": """", ""year"": ""2025"", ""authors"": ""Nahtigal K, Halužan Vasle A, Kreft T, Skubic C, Mraz M, Moškon M, Dolenc Grošelj L, Rozman D.""}, ""ext_id"": ""PPR1088459"", ""doi"": ""10.1101/2025.09.22.677736"", ""authors"": ""Nahtigal K, Halužan Vasle A, Kreft T, Skubic C, Mraz M, Moškon M, Dolenc Grošelj L, Rozman D."", ""journal"": """", ""url"": ""https://doi.org/10.1101/2025.09.22.677736"", ""score_components"": {}}, {""citation_id"": 2, ""title"": ""Analysis of purines and pyrimidines across biospecimens: influence of storage temperature and duration."", ""evidence_text"": ""Plasma inosine also increased above the reference range after a 48-hour delay in processing refrigerated whole blood. In contrast, hypoxanthine remained stable in DBS for up to 48 h, regardless of the card storage temperature. Therefore, DBS is a feasible alternative specimen type to measure hypoxanthine if frozen shipping, delayed centrifugation, or storage interval is a concern."", ""score"": 10.728151353463515, ""year"": ""2026"", ""source"": {""title"": ""Analysis of purines and pyrimidines across biospecimens: influence of storage temperature and duration."", ""pmid"": ""42218223"", ""doi"": ""10.1038/s41598-026-54454-8"", ""url"": ""https://pubmed.ncbi.nlm.nih.gov/42218223/"", ""journal"": """", ""year"": ""2026"", ""authors"": ""Wurth R, Turgeon C, Lacey J, Stander Z, Gavrilov D, Hall PL, Matern D, Schultz M, Tortorelli S, Oglesbee D.""}, ""ext_id"": ""42218223"", ""doi"": ""10.1038/s41598-026-54454-8"", ""authors"": ""Wurth R, Turgeon C, Lacey J, Stander Z, Gavrilov D, Hall PL, Matern D, Schultz M, Tortorelli S, Oglesbee D."", ""journal"": """", ""url"": ""https://pubmed.ncbi.nlm.nih.gov/42218223/"", ""score_components"": {}}, {""citation_id"": 3, ""title"": ""Regulation of HECW2 expression in Alcohol Use Disorder, therapy outcome and risk of relapse"", ""evidence_text"": ""To investigate the epigenetic regulation of HECW2 in more detail, we conducted a longitudinal, multimodal study investigating HECW2 across several molecular layers—DNAm (in whole blood and saliva), gene expression (in whole blood), and histone modification (H3K4me3 in peripheral blood mononuclear cells)—before and after a standardized three-week inpatient withdrawal treatment. We confirmed HECW2 hypomethylation in both blood and saliva which remained stable through therapy, highlighting saliva as a minimally invasive and previously unstudied tissue for potential biomarker development. Moreover, HECW2 gene expression in whole blood was reduced in AUD patients and showed a reversion toward healthy control levels following therapy."", ""score"": 6.943951930316725, ""year"": ""2025"", ""source"": {""title"": ""Regulation of HECW2 expression in Alcohol Use Disorder, therapy outcome and risk of relapse"", ""pmid"": ""PPR1131748"", ""doi"": ""10.21203/rs.3.rs-8133046/v1"", ""url"": ""https://doi.org/10.21203/rs.3.rs-8133046/v1"", ""journal"": """", ""year"": ""2025"", ""authors"": ""Edelmann S, Bender A, Pasche S, Esser S, Heuser M, Link A, Plessing P, Mueller P, Zimmermann M, Nieratschker V.""}, ""ext_id"": ""PPR1131748"", ""doi"": ""10.21203/rs.3.rs-8133046/v1"", ""authors"": ""Edelmann S, Bender A, Pasche S, Esser S, Heuser M, Link A, Plessing P, Mueller P, Zimmermann M, Nieratschker V."", ""journal"": """", ""url"": ""https://doi.org/10.21203/rs.3.rs-8133046/v1"", ""score_components"": {}}, {""citation_id"": 4, ""title"": ""Systematic investigation of interindividual variation of DNA methylation in human whole blood."", ""evidence_text"": ""Our results show that 34,972 CpGs display variable methylation levels (VMPs) and 41,216 CpGs display stable methylation. Human whole blood is a widely used tissue in epigenetic research, particularly in Epigenome-Wide Association Studies, due to its accessibility and its ability to provide insights into systemic biological processes and disease mechanisms. This catalogue is a useful resource for interpretation of results when associating epigenetic signals to phenotypes."", ""score"": 5.937639978111542, ""year"": ""2026"", ""source"": {""title"": ""Systematic investigation of interindividual variation of DNA methylation in human whole blood."", ""pmid"": ""41781971"", ""doi"": ""10.1186/s13059-026-04021-1"", ""url"": ""https://pmc.ncbi.nlm.nih.gov/articles/PMC13069719/"", ""journal"": """", ""year"": ""2026"", ""authors"": ""Grant OA, Kumari M, Schalkwyk L, Zabet NR.""}, ""ext_id"": ""41781971"", ""doi"": ""10.1186/s13059-026-04021-1"", ""authors"": ""Grant OA, Kumari M, Schalkwyk L, Zabet NR."", ""journal"": """", ""url"": ""https://pmc.ncbi.nlm.nih.gov/articles/PMC13069719/"", ""score_components"": {}}, {""citation_id"": 5, ""title"": ""Stability of Colistin Active Forms in Biological Matrices: Effect of Temperature and Time."", ""evidence_text"": ""Freeze-thaw stability were tested, COL A as well as COL B were stable for at least three freeze-thaw cycles.Conclusion. These results underscore the importance of rapid sample processing to ensure reliable therapeutic drug monitoring and emphasize the importance of considering temperature and concentration factors in clinical practice to optimise dosing and minimise toxicity. Further research is required to investigate the full range of factors affecting the stability of colistin and colistin methanesulphonate in biological matrices."", ""score"": 4.9602790021908545, ""year"": ""2026"", ""source"": {""title"": ""Stability of Colistin Active Forms in Biological Matrices: Effect of Temperature and Time."", ""pmid"": ""41636946"", ""doi"": ""10.1007/s13318-025-00974-z"", ""url"": ""https://pubmed.ncbi.nlm.nih.gov/41636946/"", ""journal"": """", ""year"": ""2026"", ""authors"": ""Kubíčková V, Rychlíčková J, Urbánek K, Rácová Z.""}, ""ext_id"": ""41636946"", ""doi"": ""10.1007/s13318-025-00974-z"", ""authors"": ""Kubíčková V, Rychlíčková J, Urbánek K, Rácová Z."", ""journal"": """", ""url"": ""https://pubmed.ncbi.nlm.nih.gov/41636946/"", ""score_components"": {}}]",ok,,
BQ010,Should flow or mass cytometry studies avoid processing delays greater than 5 hours for susceptible PBMC populations?,"Yes. Gottfried-Blackmore et al. concluded that flow and mass cytometry studies should avoid delays greater than 5 hours when studying susceptible cell populations. They observed significant cellular changes especially at 15 hours at 4 °C, including effects on live singlets, monocytes, Treg, and CD8+ T cells.","[""flow and mass cytometry should avoid delays greater than 5 hours for susceptible cell populations"", ""significant cellular changes were observed at 15 hours at 4 degrees Celsius"", ""live singlets and monocytes were affected"", ""Treg and CD8+ T cell populations were affected under some refrigerated delay conditions""]",Evidence-based draft benchmark row. Use for development/testing; later verify with supervisor/domain expert.,ranker_lexical,lexical,"(TITLE_ABS:""Should flow or mass cytometry studies avoid processing delays greater than 5 hours for susceptible PBMC populations?"") OR (TITLE_ABS:(processing AND flow AND mass)) OR (TITLE_ABS:(processing AND flow AND mass AND cytometry)) OR (TITLE_ABS:(""processing delay"" OR flow OR mass OR cytometry OR studies OR avoid OR processing OR delays OR greater OR susceptible OR pbmc OR populations)) OR (TITLE_ABS:(flow OR mass OR cytometry OR studies OR avoid OR processing OR delays OR greater OR susceptible OR pbmc))","[""flow"", ""mass"", ""cytometry"", ""studies"", ""avoid"", ""processing"", ""delays"", ""greater"", ""susceptible"", ""pbmc"", ""populations""]",8,80,5,5,"[1] Persistent clinical suspicion should prompt timely tissue-based evaluation despite initially inconclusive studies to avoid delays in definitive diagnosis and management.
Source: When Blasts Speak Louder Than Flow: A Diagnostic Challenge in Suspected Hematologic Malignancy.. 2026. PMID: 42281722. DOI: 10.7759/cureus.108641

[2] Data reveal substantial differences: gradient-based and bead-based methods provide the highest lysosomal enrichment and proteomic purity, whereas the subcellular fractionation approach yields greater numbers of lysosomes but with increased variability and contamination. Finally, the filter-based method enables rapid processing, but mainly nonintact lysosomes are obtained with significant cross-contamination. These findings provide practical guidance for selecting the appropriate lysosome enrichment strategy, tailored to specific research or clinical objectives.
Source: Benchmarking Lysosome Enrichment Methods: A Guide for Research and Clinical Translation.. 2026. PMID: 41630502. DOI: 10.1021/acs.analchem.5c05792

[3] Flow cytometry was used to determine bacterial load (bacteria/µL) and Gram staining before MALDI-TOF MS and culture processing. The overall concordance between MALDI-TOF MS and culture was 96.5%. Samples successfully identified by MALDI-TOF MS had a significantly higher median bacterial load than those not identified.
Source: Flow cytometry parameters for predicting the successful identification of gram-negative bacilli in urine by MALDI-TOF MS.. 2026. PMID: 41679126. DOI: 10.1016/j.diagmicrobio.2026.117303

[4] Methods. Building on a previously established protocol using imidazolidinyl urea (IU) and MOPS buffer for flow cytometric applications, we enhanced the protocol for CyTOF by incorporating a one-minute pulse of cisplatin (5□µM) for live–dead discrimination. A novel quenching step with DL-methionine (5□mM) was introduced to minimize background signal without compromising antigen integrity.
Source: Viability-Compatible Preservation for Mass Cytometry Using Cisplatin Pulse Quenching and Gradual Formaldehyde Release. 2025. PMID: PPR1064736. DOI: 10.1101/2025.08.08.25333023

[5] Further, we enhance reproducibility and enable batch processing through the implementation of the Prot1/Thaw-Lyse system for immediate cryopreservation of stimulated blood samples. By employing CyTOF, this method permits the simultaneous analysis of 31 protein targets with single-cell resolution, minimizing spillover and providing superior specificity, sensitivity, and resolution over flow cytometric methods. This approach facilitates the robust assessment of TCR activation and its effect on bystander populations, which has been challenging with spectral flow cytometry due to the limited availability of methanol-resistant fluorophores.
Source: High-Dimensional Phospho-CyTOF Characterization of T-Cell Activation Responses in Whole Blood.. 2025. PMID: 41141637. DOI: 10.21769/bioprotoc.5473","[{""citation_id"": 1, ""title"": ""When Blasts Speak Louder Than Flow: A Diagnostic Challenge in Suspected Hematologic Malignancy."", ""evidence_text"": ""Persistent clinical suspicion should prompt timely tissue-based evaluation despite initially inconclusive studies to avoid delays in definitive diagnosis and management."", ""score"": 17.618932415273882, ""year"": ""2026"", ""source"": {""title"": ""When Blasts Speak Louder Than Flow: A Diagnostic Challenge in Suspected Hematologic Malignancy."", ""pmid"": ""42281722"", ""doi"": ""10.7759/cureus.108641"", ""url"": ""https://pmc.ncbi.nlm.nih.gov/articles/PMC13251311/"", ""journal"": """", ""year"": ""2026"", ""authors"": ""Izadian Bidgoli A, Gomez Veliz A, Vermejo Blumen M, Noriega-Toledo D.""}, ""ext_id"": ""42281722"", ""doi"": ""10.7759/cureus.108641"", ""authors"": ""Izadian Bidgoli A, Gomez Veliz A, Vermejo Blumen M, Noriega-Toledo D."", ""journal"": """", ""url"": ""https://pmc.ncbi.nlm.nih.gov/articles/PMC13251311/"", ""score_components"": {}}, {""citation_id"": 2, ""title"": ""Benchmarking Lysosome Enrichment Methods: A Guide for Research and Clinical Translation."", ""evidence_text"": ""Data reveal substantial differences: gradient-based and bead-based methods provide the highest lysosomal enrichment and proteomic purity, whereas the subcellular fractionation approach yields greater numbers of lysosomes but with increased variability and contamination. Finally, the filter-based method enables rapid processing, but mainly nonintact lysosomes are obtained with significant cross-contamination. These findings provide practical guidance for selecting the appropriate lysosome enrichment strategy, tailored to specific research or clinical objectives."", ""score"": 6.969740009031658, ""year"": ""2026"", ""source"": {""title"": ""Benchmarking Lysosome Enrichment Methods: A Guide for Research and Clinical Translation."", ""pmid"": ""41630502"", ""doi"": ""10.1021/acs.analchem.5c05792"", ""url"": ""https://pmc.ncbi.nlm.nih.gov/articles/PMC12921670/"", ""journal"": """", ""year"": ""2026"", ""authors"": ""de Jager AL, Kassem S, Alesha L, Naber BAE, de Laat IF, de Mooij B, van der Pan K, Bos E, Koning RI, van Dongen JJM, Teodosio C, Díez P.""}, ""ext_id"": ""41630502"", ""doi"": ""10.1021/acs.analchem.5c05792"", ""authors"": ""de Jager AL, Kassem S, Alesha L, Naber BAE, de Laat IF, de Mooij B, van der Pan K, Bos E, Koning RI, van Dongen JJM, Teodosio C, Díez P."", ""journal"": """", ""url"": ""https://pmc.ncbi.nlm.nih.gov/articles/PMC12921670/"", ""score_components"": {}}, {""citation_id"": 3, ""title"": ""Flow cytometry parameters for predicting the successful identification of gram-negative bacilli in urine by MALDI-TOF MS."", ""evidence_text"": ""Flow cytometry was used to determine bacterial load (bacteria/µL) and Gram staining before MALDI-TOF MS and culture processing. The overall concordance between MALDI-TOF MS and culture was 96.5%. Samples successfully identified by MALDI-TOF MS had a significantly higher median bacterial load than those not identified."", ""score"": 6.854667762910838, ""year"": ""2026"", ""source"": {""title"": ""Flow cytometry parameters for predicting the successful identification of gram-negative bacilli in urine by MALDI-TOF MS."", ""pmid"": ""41679126"", ""doi"": ""10.1016/j.diagmicrobio.2026.117303"", ""url"": ""https://pubmed.ncbi.nlm.nih.gov/41679126/"", ""journal"": """", ""year"": ""2026"", ""authors"": ""Castaño MJ, Torres I, Villarruel KM, Navarro D.""}, ""ext_id"": ""41679126"", ""doi"": ""10.1016/j.diagmicrobio.2026.117303"", ""authors"": ""Castaño MJ, Torres I, Villarruel KM, Navarro D."", ""journal"": """", ""url"": ""https://pubmed.ncbi.nlm.nih.gov/41679126/"", ""score_components"": {}}, {""citation_id"": 4, ""title"": ""Viability-Compatible Preservation for Mass Cytometry Using Cisplatin Pulse Quenching and Gradual Formaldehyde Release"", ""evidence_text"": ""Methods. Building on a previously established protocol using imidazolidinyl urea (IU) and MOPS buffer for flow cytometric applications, we enhanced the protocol for CyTOF by incorporating a one-minute pulse of cisplatin (5□µM) for live–dead discrimination. A novel quenching step with DL-methionine (5□mM) was introduced to minimize background signal without compromising antigen integrity."", ""score"": 5.491009809593134, ""year"": ""2025"", ""source"": {""title"": ""Viability-Compatible Preservation for Mass Cytometry Using Cisplatin Pulse Quenching and Gradual Formaldehyde Release"", ""pmid"": ""PPR1064736"", ""doi"": ""10.1101/2025.08.08.25333023"", ""url"": ""https://doi.org/10.1101/2025.08.08.25333023"", ""journal"": """", ""year"": ""2025"", ""authors"": ""Wagner L, Skopnik CM, Metzke D, Freund P, Hegemann FA, Arzig J, Mirkheshti P, Goerlich N, Klocke J, Enghard P, Baumgart S.""}, ""ext_id"": ""PPR1064736"", ""doi"": ""10.1101/2025.08.08.25333023"", ""authors"": ""Wagner L, Skopnik CM, Metzke D, Freund P, Hegemann FA, Arzig J, Mirkheshti P, Goerlich N, Klocke J, Enghard P, Baumgart S."", ""journal"": """", ""url"": ""https://doi.org/10.1101/2025.08.08.25333023"", ""score_components"": {}}, {""citation_id"": 5, ""title"": ""High-Dimensional Phospho-CyTOF Characterization of T-Cell Activation Responses in Whole Blood."", ""evidence_text"": ""Further, we enhance reproducibility and enable batch processing through the implementation of the Prot1/Thaw-Lyse system for immediate cryopreservation of stimulated blood samples. By employing CyTOF, this method permits the simultaneous analysis of 31 protein targets with single-cell resolution, minimizing spillover and providing superior specificity, sensitivity, and resolution over flow cytometric methods. This approach facilitates the robust assessment of TCR activation and its effect on bystander populations, which has been challenging with spectral flow cytometry due to the limited availability of methanol-resistant fluorophores."", ""score"": 4.556519221202329, ""year"": ""2025"", ""source"": {""title"": ""High-Dimensional Phospho-CyTOF Characterization of T-Cell Activation Responses in Whole Blood."", ""pmid"": ""41141637"", ""doi"": ""10.21769/bioprotoc.5473"", ""url"": ""https://pmc.ncbi.nlm.nih.gov/articles/PMC12550520/"", ""journal"": """", ""year"": ""2025"", ""authors"": ""Ramos IE, Hawley TS, Rose K, Matthiasardottir B, Farmer R, Han KL, Toborek M, Douagi I, Jones GN, Cherry JM.""}, ""ext_id"": ""41141637"", ""doi"": ""10.21769/bioprotoc.5473"", ""authors"": ""Ramos IE, Hawley TS, Rose K, Matthiasardottir B, Farmer R, Han KL, Toborek M, Douagi I, Jones GN, Cherry JM."", ""journal"": """", ""url"": ""https://pmc.ncbi.nlm.nih.gov/articles/PMC12550520/"", ""score_components"": {}}]",ok,,
BQ011,Do processing delays up to 72 hours at room temperature or 4 degrees Celsius significantly affect plasma cytokines?,"In the Gyorffy et al. study, delayed processing up to 72 hours at room temperature or 4 °C did not significantly affect plasma cytokines in samples from healthy volunteers and ICU patients. This supports a simplified biosampling protocol for the measured plasma markers, although the conclusion is source- and assay-specific.","[""delayed processing was tested up to 72 hours"", ""samples were stored at room temperature or 4 degrees Celsius before processing"", ""plasma cytokines did not show significant changes"", ""the study included healthy volunteers and ICU patients""]",Evidence-based draft benchmark row. Use for development/testing; later verify with supervisor/domain expert.,ranker_lexical,lexical,"(TITLE_ABS:""Do processing delays up to 72 hours at room temperature or 4 degrees Celsius significantly affect plasma cytokines?"") OR (TITLE_ABS:(plasma AND processing AND delays)) OR (TITLE_ABS:(plasma AND processing AND delays AND room)) OR (TITLE_ABS:(""processing delay"" OR ""room temperature"" OR processing OR delays OR room OR temperature OR temperatures OR significantly OR plasma OR ""blood plasma"" OR cytokines)) OR (TITLE_ABS:(processing OR delays OR room OR temperature OR significantly OR plasma OR cytokines))","[""processing"", ""delays"", ""room"", ""temperature"", ""significantly"", ""plasma"", ""cytokines""]",8,94,5,5,"[1] After pre-processing delays of up to 72 hours at RT or 4°C, no significant changes were observed in plasma cytokines, chemokines, cfDNA, or thrombin formation.Conclusions. Delayed sample processing for up to 72 hours at either RT or 4°C did not significantly affect cytokines, chemokines, cfDNA, or blood clotting potential in plasma samples from healthy volunteers and ICU patients. A ""simplified"" biosampling protocol is a feasible solution for conducting biosampling research at hospitals without local processing capacity.
Source: Impact of sample processing delays on plasma markers of inflammation, chemotaxis, cell death, and blood coagulation.. 2024. PMID: 39480839. DOI: 10.1371/journal.pone.0311921

[2] Cytokines are critical biomarkers, but their accurate measurement is susceptible to pre-analytical variables. This study investigated the effect of delayed blood processing on the quantitation of eight cytokines (CCL2, CXCL10, IFN-γ, IL-2Ra, IL-6, IL-7, IL-18, TNFα) in matched serum and plasma from healthy volunteers. Methods: Blood was processed immediately or after 3, 6, 24, and 48 hours, stored at room temperature or 4°C.
Source: Effect of delayed blood centrifugation on cytokine quantitation in serum and plasma.. 2025. PMID: 40791022. DOI: 10.1080/17576180.2025.2544521

[3] Plasma or serum were extracted from whole blood of healthy volunteers. Samples were stored at different temperatures (4 °C or 25 °C, room temperature) for varying periods (0-24 h) to mimic possible delays in processing encountered in routine clinical settings. miRNA was extracted and profiles were assessed with RT-qPCR or small RNA-sequencing techniques.Results.
Source: Stability of microRNAs in serum and plasma reveal promise as a circulating biomarker.. 2025. PMID: 40926836. DOI: 10.1016/j.ncrna.2025.08.001

[4] Global proteomic variation was primarily driven by interindividual differences, with less influence from storage conditions or delays. Notably, 87.5% of the candidate biomarkers (14/16) remained stable under ideal storage (4 °C storage immediately after blood collection), and 62.5% (10/16) retained stability even under the ""worst-case"" conditions (room temperature (RT) storage for 8 h after blood collection) for up to 24 h. However, several proteins lost stability with delayed processing even under ideal storage.
Source: Plasma Proteome Stability at the Time of Sudden Cardiac Arrest: Implications for Biomarker Studies in Post-Resuscitation Survival.. 2026. PMID: 41410264. DOI: 10.1021/acs.jproteome.5c00783

[5] Storage temperature and processing delay were the most influential PAVs, with plasma more susceptible than CSF. For optimal quality, CSF should be processed within 4 h or kept at 4 °C, plasma within 2 h, and both stored at ≤ - 80 °C. Freeze-thaw cycles should be limited to three.
Source: The effect of preanalytical factors on cerebrospinal fluid and plasma proteomics: a systematic experimental study.. 2026. PMID: 42174445. DOI: 10.1186/s12014-026-09604-5","[{""citation_id"": 1, ""title"": ""Impact of sample processing delays on plasma markers of inflammation, chemotaxis, cell death, and blood coagulation."", ""evidence_text"": ""After pre-processing delays of up to 72 hours at RT or 4°C, no significant changes were observed in plasma cytokines, chemokines, cfDNA, or thrombin formation.Conclusions. Delayed sample processing for up to 72 hours at either RT or 4°C did not significantly affect cytokines, chemokines, cfDNA, or blood clotting potential in plasma samples from healthy volunteers and ICU patients. A \""simplified\"" biosampling protocol is a feasible solution for conducting biosampling research at hospitals without local processing capacity."", ""score"": 21.696288566143522, ""year"": ""2024"", ""source"": {""title"": ""Impact of sample processing delays on plasma markers of inflammation, chemotaxis, cell death, and blood coagulation."", ""pmid"": ""39480839"", ""doi"": ""10.1371/journal.pone.0311921"", ""url"": ""https://pmc.ncbi.nlm.nih.gov/articles/PMC11527306/"", ""journal"": """", ""year"": ""2024"", ""authors"": ""Gyorffy VJ, Dwivedi DJ, Liaw PC, Fox-Robichaud AE, Tsang JLY, Binnie A.""}, ""ext_id"": ""39480839"", ""doi"": ""10.1371/journal.pone.0311921"", ""authors"": ""Gyorffy VJ, Dwivedi DJ, Liaw PC, Fox-Robichaud AE, Tsang JLY, Binnie A."", ""journal"": """", ""url"": ""https://pmc.ncbi.nlm.nih.gov/articles/PMC11527306/"", ""score_components"": {}}, {""citation_id"": 2, ""title"": ""Effect of delayed blood centrifugation on cytokine quantitation in serum and plasma."", ""evidence_text"": ""Cytokines are critical biomarkers, but their accurate measurement is susceptible to pre-analytical variables. This study investigated the effect of delayed blood processing on the quantitation of eight cytokines (CCL2, CXCL10, IFN-γ, IL-2Ra, IL-6, IL-7, IL-18, TNFα) in matched serum and plasma from healthy volunteers. Methods: Blood was processed immediately or after 3, 6, 24, and 48 hours, stored at room temperature or 4°C."", ""score"": 10.547000488629065, ""year"": ""2025"", ""source"": {""title"": ""Effect of delayed blood centrifugation on cytokine quantitation in serum and plasma."", ""pmid"": ""40791022"", ""doi"": ""10.1080/17576180.2025.2544521"", ""url"": ""https://pubmed.ncbi.nlm.nih.gov/40791022/"", ""journal"": """", ""year"": ""2025"", ""authors"": ""Yang X, Arceo T, Fischer SK.""}, ""ext_id"": ""40791022"", ""doi"": ""10.1080/17576180.2025.2544521"", ""authors"": ""Yang X, Arceo T, Fischer SK."", ""journal"": """", ""url"": ""https://pubmed.ncbi.nlm.nih.gov/40791022/"", ""score_components"": {}}, {""citation_id"": 3, ""title"": ""Stability of microRNAs in serum and plasma reveal promise as a circulating biomarker."", ""evidence_text"": ""Plasma or serum were extracted from whole blood of healthy volunteers. Samples were stored at different temperatures (4 °C or 25 °C, room temperature) for varying periods (0-24 h) to mimic possible delays in processing encountered in routine clinical settings. miRNA was extracted and profiles were assessed with RT-qPCR or small RNA-sequencing techniques.Results."", ""score"": 7.951707346450208, ""year"": ""2025"", ""source"": {""title"": ""Stability of microRNAs in serum and plasma reveal promise as a circulating biomarker."", ""pmid"": ""40926836"", ""doi"": ""10.1016/j.ncrna.2025.08.001"", ""url"": ""https://pmc.ncbi.nlm.nih.gov/articles/PMC12414832/"", ""journal"": """", ""year"": ""2025"", ""authors"": ""Katayama ES, Hue JJ, Loftus AW, Ali SA, Graor HJ, Rothermel LD, Londin E, Zarei M, Winter JM.""}, ""ext_id"": ""40926836"", ""doi"": ""10.1016/j.ncrna.2025.08.001"", ""authors"": ""Katayama ES, Hue JJ, Loftus AW, Ali SA, Graor HJ, Rothermel LD, Londin E, Zarei M, Winter JM."", ""journal"": """", ""url"": ""https://pmc.ncbi.nlm.nih.gov/articles/PMC12414832/"", ""score_components"": {}}, {""citation_id"": 4, ""title"": ""Plasma Proteome Stability at the Time of Sudden Cardiac Arrest: Implications for Biomarker Studies in Post-Resuscitation Survival."", ""evidence_text"": ""Global proteomic variation was primarily driven by interindividual differences, with less influence from storage conditions or delays. Notably, 87.5% of the candidate biomarkers (14/16) remained stable under ideal storage (4 °C storage immediately after blood collection), and 62.5% (10/16) retained stability even under the \""worst-case\"" conditions (room temperature (RT) storage for 8 h after blood collection) for up to 24 h. However, several proteins lost stability with delayed processing even under ideal storage."", ""score"": 7.733747300473932, ""year"": ""2026"", ""source"": {""title"": ""Plasma Proteome Stability at the Time of Sudden Cardiac Arrest: Implications for Biomarker Studies in Post-Resuscitation Survival."", ""pmid"": ""41410264"", ""doi"": ""10.1021/acs.jproteome.5c00783"", ""url"": ""https://pubmed.ncbi.nlm.nih.gov/41410264/"", ""journal"": """", ""year"": ""2026"", ""authors"": ""Lee J, Nakamura K, Fu Q, Reinier K, Haghani A, Chugh H, Chugh SS, Van Eyk JE.""}, ""ext_id"": ""41410264"", ""doi"": ""10.1021/acs.jproteome.5c00783"", ""authors"": ""Lee J, Nakamura K, Fu Q, Reinier K, Haghani A, Chugh H, Chugh SS, Van Eyk JE."", ""journal"": """", ""url"": ""https://pubmed.ncbi.nlm.nih.gov/41410264/"", ""score_components"": {}}, {""citation_id"": 5, ""title"": ""The effect of preanalytical factors on cerebrospinal fluid and plasma proteomics: a systematic experimental study."", ""evidence_text"": ""Storage temperature and processing delay were the most influential PAVs, with plasma more susceptible than CSF. For optimal quality, CSF should be processed within 4 h or kept at 4 °C, plasma within 2 h, and both stored at ≤ - 80 °C. Freeze-thaw cycles should be limited to three."", ""score"": 5.842082369131349, ""year"": ""2026"", ""source"": {""title"": ""The effect of preanalytical factors on cerebrospinal fluid and plasma proteomics: a systematic experimental study."", ""pmid"": ""42174445"", ""doi"": ""10.1186/s12014-026-09604-5"", ""url"": ""https://pubmed.ncbi.nlm.nih.gov/42174445/"", ""journal"": """", ""year"": ""2026"", ""authors"": ""Tatsumi M, Miyakawa T, Enokida T, Kaneko H, Saito K, Hidese S, Takahashi Y, Goto Y, Kunugi H, Hattori K.""}, ""ext_id"": ""42174445"", ""doi"": ""10.1186/s12014-026-09604-5"", ""authors"": ""Tatsumi M, Miyakawa T, Enokida T, Kaneko H, Saito K, Hidese S, Takahashi Y, Goto Y, Kunugi H, Hattori K."", ""journal"": """", ""url"": ""https://pubmed.ncbi.nlm.nih.gov/42174445/"", ""score_components"": {}}]",ok,,
BQ012,Are plasma chemokines stable after delayed processing up to 72 hours at room temperature or 4 degrees Celsius?,"In the Gyorffy et al. study, plasma chemokines were not significantly affected by delayed processing up to 72 hours at either room temperature or 4 °C. This applies to their measured chemokines and study design.","[""chemokines were measured in plasma"", ""delayed sample processing reached 72 hours"", ""room temperature and 4 degrees Celsius storage were tested"", ""no significant changes were observed for chemokines""]",Evidence-based draft benchmark row. Use for development/testing; later verify with supervisor/domain expert.,ranker_lexical,lexical,"(TITLE_ABS:""Are plasma chemokines stable after delayed processing up to 72 hours at room temperature or 4 degrees Celsius?"") OR (TITLE_ABS:(plasma AND stable AND chemokines)) OR (TITLE_ABS:(plasma AND stable AND chemokines AND delayed)) OR (TITLE_ABS:(""room temperature"" OR plasma OR ""blood plasma"" OR chemokines OR stability OR stable OR unstable OR delayed OR delay OR ""processing delay"" OR ""delayed processing"" OR processing OR room OR temperature OR temperatures)) OR (TITLE_ABS:(plasma OR chemokines OR stable OR delayed OR processing OR room OR temperature))","[""plasma"", ""chemokines"", ""stable"", ""delayed"", ""processing"", ""room"", ""temperature""]",8,75,5,5,"[1] Methods: Blood was processed immediately or after 3, 6, 24, and 48 hours, stored at room temperature or 4°C. Cytokines were quantified using a multiplexed Ella assay.Results. Our data showed only IL-2Ra remained stable across all conditions.
Source: Effect of delayed blood centrifugation on cytokine quantitation in serum and plasma.. 2025. PMID: 40791022. DOI: 10.1080/17576180.2025.2544521

[2] Plasma inosine also increased above the reference range after a 48-hour delay in processing refrigerated whole blood. In contrast, hypoxanthine remained stable in DBS for up to 48 h, regardless of the card storage temperature. Therefore, DBS is a feasible alternative specimen type to measure hypoxanthine if frozen shipping, delayed centrifugation, or storage interval is a concern.
Source: Analysis of purines and pyrimidines across biospecimens: influence of storage temperature and duration.. 2026. PMID: 42218223. DOI: 10.1038/s41598-026-54454-8

[3] Furthermore, to mimic operational constraints, blood samples were stored at room temperature with delayed processing, and serum was extracted at 24 and 48h. Protein stability was analyzed using the Olink Explore HT platform, profiling up to 5,400 proteins. Of the 3,201 detectable proteins, 2,789 (87%) proteins remained stable at 24h and 2,731 (85%) at 48h, showing resilience to delayed processing.
Source: Impact of Delayed Biospecimen Processing on Serum Proteomics in Samples from a Parabolic Flight. 2025. PMID: PPR1090820. DOI: 10.21203/rs.3.rs-7530087/v1

[4] Circulating cell-free DNA (cfDNA) is valuable for molecular testing, but typically requires specialized collection tubes or immediate processing. We investigated whether residual plasma from heparin separators, routinely used in clinical chemistry, could serve as an accessible and underused source for cfDNA. We analyzed matched plasma samples from healthy volunteers in two experiments: an immediate-processing comparison across EDTA, Streck, and heparin separator tubes (n=5), and a clinical-handling simulation comparing EDTA and heparin separator tubes under delayed processing at room temperature or 4°C (n=6).
Source: Adapting clinical chemistry plasma as a source for liquid biopsies.. 2026. PMID: 42065375. DOI: 10.7554/elife.108708

[5] Sampling occurred before, immediately after, and approximately 24-to-36 hours after exercise; Tasso+ samples were processed with or without a 72-hour room-temperature delay. Tasso+ samples were compared with matched venous blood, and Capitainer SEP10 dried plasma spots were also evaluated, using Quanterix Simoa 4plexD+ and Alamar Biosciences NULISAseq CNS panel. Tasso+ enabled reliable measurement of several key biomarkers, even after delayed processing.
Source: Analytical Validation of Minimally Invasive Capillary Blood Microsampling using Tasso+ for Multiplexed Neurological Biomarkers. 2026. PMID: PPR1246964. DOI: 10.64898/2026.05.15.26353201","[{""citation_id"": 1, ""title"": ""Effect of delayed blood centrifugation on cytokine quantitation in serum and plasma."", ""evidence_text"": ""Methods: Blood was processed immediately or after 3, 6, 24, and 48 hours, stored at room temperature or 4°C. Cytokines were quantified using a multiplexed Ella assay.Results. Our data showed only IL-2Ra remained stable across all conditions."", ""score"": 14.326407537971935, ""year"": ""2025"", ""source"": {""title"": ""Effect of delayed blood centrifugation on cytokine quantitation in serum and plasma."", ""pmid"": ""40791022"", ""doi"": ""10.1080/17576180.2025.2544521"", ""url"": ""https://pubmed.ncbi.nlm.nih.gov/40791022/"", ""journal"": """", ""year"": ""2025"", ""authors"": ""Yang X, Arceo T, Fischer SK.""}, ""ext_id"": ""40791022"", ""doi"": ""10.1080/17576180.2025.2544521"", ""authors"": ""Yang X, Arceo T, Fischer SK."", ""journal"": """", ""url"": ""https://pubmed.ncbi.nlm.nih.gov/40791022/"", ""score_components"": {}}, {""citation_id"": 2, ""title"": ""Analysis of purines and pyrimidines across biospecimens: influence of storage temperature and duration."", ""evidence_text"": ""Plasma inosine also increased above the reference range after a 48-hour delay in processing refrigerated whole blood. In contrast, hypoxanthine remained stable in DBS for up to 48 h, regardless of the card storage temperature. Therefore, DBS is a feasible alternative specimen type to measure hypoxanthine if frozen shipping, delayed centrifugation, or storage interval is a concern."", ""score"": 9.883525484701973, ""year"": ""2026"", ""source"": {""title"": ""Analysis of purines and pyrimidines across biospecimens: influence of storage temperature and duration."", ""pmid"": ""42218223"", ""doi"": ""10.1038/s41598-026-54454-8"", ""url"": ""https://pubmed.ncbi.nlm.nih.gov/42218223/"", ""journal"": """", ""year"": ""2026"", ""authors"": ""Wurth R, Turgeon C, Lacey J, Stander Z, Gavrilov D, Hall PL, Matern D, Schultz M, Tortorelli S, Oglesbee D.""}, ""ext_id"": ""42218223"", ""doi"": ""10.1038/s41598-026-54454-8"", ""authors"": ""Wurth R, Turgeon C, Lacey J, Stander Z, Gavrilov D, Hall PL, Matern D, Schultz M, Tortorelli S, Oglesbee D."", ""journal"": """", ""url"": ""https://pubmed.ncbi.nlm.nih.gov/42218223/"", ""score_components"": {}}, {""citation_id"": 3, ""title"": ""Impact of Delayed Biospecimen Processing on Serum Proteomics in Samples from a Parabolic Flight"", ""evidence_text"": ""Furthermore, to mimic operational constraints, blood samples were stored at room temperature with delayed processing, and serum was extracted at 24 and 48h. Protein stability was analyzed using the Olink Explore HT platform, profiling up to 5,400 proteins. Of the 3,201 detectable proteins, 2,789 (87%) proteins remained stable at 24h and 2,731 (85%) at 48h, showing resilience to delayed processing."", ""score"": 9.049839883648621, ""year"": ""2025"", ""source"": {""title"": ""Impact of Delayed Biospecimen Processing on Serum Proteomics in Samples from a Parabolic Flight"", ""pmid"": ""PPR1090820"", ""doi"": ""10.21203/rs.3.rs-7530087/v1"", ""url"": ""https://doi.org/10.21203/rs.3.rs-7530087/v1"", ""journal"": """", ""year"": ""2025"", ""authors"": ""Momin Z, Wang Q, Krishnavajhala A, Gingras M, Santhanam A, Walker K, Qin X, Mahjabeen F, Margairaz P, Blazianu L, Wu J, Gibbs RA, Urquieta E, Doddapaneni H.""}, ""ext_id"": ""PPR1090820"", ""doi"": ""10.21203/rs.3.rs-7530087/v1"", ""authors"": ""Momin Z, Wang Q, Krishnavajhala A, Gingras M, Santhanam A, Walker K, Qin X, Mahjabeen F, Margairaz P, Blazianu L, Wu J, Gibbs RA, Urquieta E, Doddapaneni H."", ""journal"": """", ""url"": ""https://doi.org/10.21203/rs.3.rs-7530087/v1"", ""score_components"": {}}, {""citation_id"": 4, ""title"": ""Adapting clinical chemistry plasma as a source for liquid biopsies."", ""evidence_text"": ""Circulating cell-free DNA (cfDNA) is valuable for molecular testing, but typically requires specialized collection tubes or immediate processing. We investigated whether residual plasma from heparin separators, routinely used in clinical chemistry, could serve as an accessible and underused source for cfDNA. We analyzed matched plasma samples from healthy volunteers in two experiments: an immediate-processing comparison across EDTA, Streck, and heparin separator tubes (n=5), and a clinical-handling simulation comparing EDTA and heparin separator tubes under delayed processing at room temperature or 4°C (n=6)."", ""score"": 7.989903470554269, ""year"": ""2026"", ""source"": {""title"": ""Adapting clinical chemistry plasma as a source for liquid biopsies."", ""pmid"": ""42065375"", ""doi"": ""10.7554/elife.108708"", ""url"": ""https://pmc.ncbi.nlm.nih.gov/articles/PMC13134851/"", ""journal"": """", ""year"": ""2026"", ""authors"": ""Ding SC, Yu J, Liao T, Ahmann L, Yao Y, Ho C, Wang L, Pinsky BA, Gu W.""}, ""ext_id"": ""42065375"", ""doi"": ""10.7554/elife.108708"", ""authors"": ""Ding SC, Yu J, Liao T, Ahmann L, Yao Y, Ho C, Wang L, Pinsky BA, Gu W."", ""journal"": """", ""url"": ""https://pmc.ncbi.nlm.nih.gov/articles/PMC13134851/"", ""score_components"": {}}, {""citation_id"": 5, ""title"": ""Analytical Validation of Minimally Invasive Capillary Blood Microsampling using Tasso+ for Multiplexed Neurological Biomarkers"", ""evidence_text"": ""Sampling occurred before, immediately after, and approximately 24-to-36 hours after exercise; Tasso+ samples were processed with or without a 72-hour room-temperature delay. Tasso+ samples were compared with matched venous blood, and Capitainer SEP10 dried plasma spots were also evaluated, using Quanterix Simoa 4plexD+ and Alamar Biosciences NULISAseq CNS panel. Tasso+ enabled reliable measurement of several key biomarkers, even after delayed processing."", ""score"": 7.459527696969097, ""year"": ""2026"", ""source"": {""title"": ""Analytical Validation of Minimally Invasive Capillary Blood Microsampling using Tasso+ for Multiplexed Neurological Biomarkers"", ""pmid"": ""PPR1246964"", ""doi"": ""10.64898/2026.05.15.26353201"", ""url"": ""https://doi.org/10.64898/2026.05.15.26353201"", ""journal"": """", ""year"": ""2026"", ""authors"": ""Swann O, Hicks S, Lynch C, Wallman-Jones A, Shoai M, Mulvaney R, Gomes BF, Kodosaki E, Tecilla M, Ghajari M, Jones B, Kemp S, TBI-REPORTER Biomarker Group, Sylvester R, Cross M, Stokes K, Wilson MG, Menon DK, Heslegrave A, Zetterberg H, Sharp DJ, Parker TD.""}, ""ext_id"": ""PPR1246964"", ""doi"": ""10.64898/2026.05.15.26353201"", ""authors"": ""Swann O, Hicks S, Lynch C, Wallman-Jones A, Shoai M, Mulvaney R, Gomes BF, Kodosaki E, Tecilla M, Ghajari M, Jones B, Kemp S, TBI-REPORTER Biomarker Group, Sylvester R, Cross M, Stokes K, Wilson MG, Menon DK, Heslegrave A, Zetterberg H, Sharp DJ, Parker TD."", ""journal"": """", ""url"": ""https://doi.org/10.64898/2026.05.15.26353201"", ""score_components"": {}}]",ok,,
BQ013,Is plasma cell-free DNA affected by sample processing delays up to 72 hours at room temperature or 4 degrees Celsius?,"In the Gyorffy et al. study, plasma cfDNA was not significantly affected by delayed processing up to 72 hours at room temperature or 4 °C. The study measured cfDNA using Picogreen DNA quantification.","[""cfDNA was measured in plasma"", ""delays up to 72 hours were tested"", ""both room temperature and 4 degrees Celsius were tested"", ""no significant changes were observed for cfDNA""]",Evidence-based draft benchmark row. Use for development/testing; later verify with supervisor/domain expert.,ranker_lexical,lexical,"(TITLE_ABS:""Is plasma cell-free DNA affected by sample processing delays up to 72 hours at room temperature or 4 degrees Celsius?"") OR (TITLE_ABS:(plasma AND processing AND ""cell-free"")) OR (TITLE_ABS:(plasma AND processing AND ""cell-free"" AND dna)) OR (TITLE_ABS:(""sample processing"" OR ""processing delay"" OR ""room temperature"" OR plasma OR ""blood plasma"" OR ""cell-free"" OR dna OR processing OR delays OR room OR temperature OR temperatures)) OR (TITLE_ABS:(plasma OR ""cell-free"" OR dna OR processing OR delays OR room OR temperature))","[""plasma"", ""cell-free"", ""dna"", ""processing"", ""delays"", ""room"", ""temperature""]",8,76,5,5,"[1] After pre-processing delays of up to 72 hours at RT or 4°C, no significant changes were observed in plasma cytokines, chemokines, cfDNA, or thrombin formation.Conclusions. Delayed sample processing for up to 72 hours at either RT or 4°C did not significantly affect cytokines, chemokines, cfDNA, or blood clotting potential in plasma samples from healthy volunteers and ICU patients. A ""simplified"" biosampling protocol is a feasible solution for conducting biosampling research at hospitals without local processing capacity.
Source: Impact of sample processing delays on plasma markers of inflammation, chemotaxis, cell death, and blood coagulation.. 2024. PMID: 39480839. DOI: 10.1371/journal.pone.0311921

[2] Except for LINE1-97, most biomarkers showed significantly higher levels in plasma isolated from whole blood stored at room temperature compared to plasma processed immediately. Storage at 4°C resulted in fragment-specific effects: ALU-247/115 levels remained stable at 3 hours but decreased at 6 hours, while LINE1-266/97 levels increased at both time points. For plasma stored at -80°C, ALU-derived biomarkers remained stable for up to 12 months; however, LINE1-97 levels significantly declined, accompanied by a corresponding increase in LINE1-266/97 as early as one month after freezing.
Source: Pre-analytical storage effects on ALU- and LINE1-derived cell-free DNA biomarkers in whole blood and plasma.. 2026. PMID: 41498487. DOI: 10.17305/bb.2026.13409

[3] Circulating cell-free DNA (cfDNA) is valuable for molecular testing, but typically requires specialized collection tubes or immediate processing. We investigated whether residual plasma from heparin separators, routinely used in clinical chemistry, could serve as an accessible and underused source for cfDNA. We analyzed matched plasma samples from healthy volunteers in two experiments: an immediate-processing comparison across EDTA, Streck, and heparin separator tubes (n=5), and a clinical-handling simulation comparing EDTA and heparin separator tubes under delayed processing at room temperature or 4°C (n=6).
Source: Adapting clinical chemistry plasma as a source for liquid biopsies.. 2026. PMID: 42065375. DOI: 10.7554/elife.108708

[4] In the prospective cohort, cfDNA concentrations increased after 24 h and evDNA after 48 h at room temperature, while retrospective analysis revealed earlier changes (cfDNA: 6 h; evDNA: 24 h). Storage conditions influenced both analytes, as short-term refrigeration (4 °C) better preserved DNA quality than -80 °C freezing, while extracted DNA remained stable at -80 °C. Acid citrate dextrose (ACD) and K 2 EDTA tubes performed similarly under prompt processing.
Source: Pre-analytical optimization of cell-free DNA and extracellular vesicle-derived DNA for mutation detection in liquid biopsies.. 2026. PMID: 41725045. DOI: 10.1002/1878-0261.70222

[5] In both cohorts, the highest cfDNA levels are characterized by either hypofragmentation or hyperfragmentation. Hypofragmented samples (characterized by 1-4 kb fragments) exhibit hallmarks of DNASE1L3-mediated fragmentation due to blood-derived DNA release during delayed blood processing, while samples with ultra-long fragments (> 7.5 kb) indicate release due to cell lysis during plasma processing. In contrast, the short (<145 bp) fragments of hyperfragmented cancer samples are not artifactual, and they are characterized by elevated levels of both cancer- and blood-derived DNA, suggesting an inflammatory or other systemic response as opposed to a cancer-specific fragmentation mechanism.Conclusions.
Source: Long-read sequencing identifies aberrant fragmentation patterns linked to elevated cell-free DNA levels in cancer.. 2026. PMID: 41957676. DOI: 10.1186/s13059-026-04060-8","[{""citation_id"": 1, ""title"": ""Impact of sample processing delays on plasma markers of inflammation, chemotaxis, cell death, and blood coagulation."", ""evidence_text"": ""After pre-processing delays of up to 72 hours at RT or 4°C, no significant changes were observed in plasma cytokines, chemokines, cfDNA, or thrombin formation.Conclusions. Delayed sample processing for up to 72 hours at either RT or 4°C did not significantly affect cytokines, chemokines, cfDNA, or blood clotting potential in plasma samples from healthy volunteers and ICU patients. A \""simplified\"" biosampling protocol is a feasible solution for conducting biosampling research at hospitals without local processing capacity."", ""score"": 21.079975757043307, ""year"": ""2024"", ""source"": {""title"": ""Impact of sample processing delays on plasma markers of inflammation, chemotaxis, cell death, and blood coagulation."", ""pmid"": ""39480839"", ""doi"": ""10.1371/journal.pone.0311921"", ""url"": ""https://pmc.ncbi.nlm.nih.gov/articles/PMC11527306/"", ""journal"": """", ""year"": ""2024"", ""authors"": ""Gyorffy VJ, Dwivedi DJ, Liaw PC, Fox-Robichaud AE, Tsang JLY, Binnie A.""}, ""ext_id"": ""39480839"", ""doi"": ""10.1371/journal.pone.0311921"", ""authors"": ""Gyorffy VJ, Dwivedi DJ, Liaw PC, Fox-Robichaud AE, Tsang JLY, Binnie A."", ""journal"": """", ""url"": ""https://pmc.ncbi.nlm.nih.gov/articles/PMC11527306/"", ""score_components"": {}}, {""citation_id"": 2, ""title"": ""Pre-analytical storage effects on ALU- and LINE1-derived cell-free DNA biomarkers in whole blood and plasma."", ""evidence_text"": ""Except for LINE1-97, most biomarkers showed significantly higher levels in plasma isolated from whole blood stored at room temperature compared to plasma processed immediately. Storage at 4°C resulted in fragment-specific effects: ALU-247/115 levels remained stable at 3 hours but decreased at 6 hours, while LINE1-266/97 levels increased at both time points. For plasma stored at -80°C, ALU-derived biomarkers remained stable for up to 12 months; however, LINE1-97 levels significantly declined, accompanied by a corresponding increase in LINE1-266/97 as early as one month after freezing."", ""score"": 12.1484931553249, ""year"": ""2026"", ""source"": {""title"": ""Pre-analytical storage effects on ALU- and LINE1-derived cell-free DNA biomarkers in whole blood and plasma."", ""pmid"": ""41498487"", ""doi"": ""10.17305/bb.2026.13409"", ""url"": ""https://pmc.ncbi.nlm.nih.gov/articles/PMC13130748/"", ""journal"": """", ""year"": ""2026"", ""authors"": ""Zhao L, Ying C, Hu S, Wang X, Li Q, Cai Y.""}, ""ext_id"": ""41498487"", ""doi"": ""10.17305/bb.2026.13409"", ""authors"": ""Zhao L, Ying C, Hu S, Wang X, Li Q, Cai Y."", ""journal"": """", ""url"": ""https://pmc.ncbi.nlm.nih.gov/articles/PMC13130748/"", ""score_components"": {}}, {""citation_id"": 3, ""title"": ""Adapting clinical chemistry plasma as a source for liquid biopsies."", ""evidence_text"": ""Circulating cell-free DNA (cfDNA) is valuable for molecular testing, but typically requires specialized collection tubes or immediate processing. We investigated whether residual plasma from heparin separators, routinely used in clinical chemistry, could serve as an accessible and underused source for cfDNA. We analyzed matched plasma samples from healthy volunteers in two experiments: an immediate-processing comparison across EDTA, Streck, and heparin separator tubes (n=5), and a clinical-handling simulation comparing EDTA and heparin separator tubes under delayed processing at room temperature or 4°C (n=6)."", ""score"": 9.908238218709517, ""year"": ""2026"", ""source"": {""title"": ""Adapting clinical chemistry plasma as a source for liquid biopsies."", ""pmid"": ""42065375"", ""doi"": ""10.7554/elife.108708"", ""url"": ""https://pmc.ncbi.nlm.nih.gov/articles/PMC13134851/"", ""journal"": """", ""year"": ""2026"", ""authors"": ""Ding SC, Yu J, Liao T, Ahmann L, Yao Y, Ho C, Wang L, Pinsky BA, Gu W.""}, ""ext_id"": ""42065375"", ""doi"": ""10.7554/elife.108708"", ""authors"": ""Ding SC, Yu J, Liao T, Ahmann L, Yao Y, Ho C, Wang L, Pinsky BA, Gu W."", ""journal"": """", ""url"": ""https://pmc.ncbi.nlm.nih.gov/articles/PMC13134851/"", ""score_components"": {}}, {""citation_id"": 4, ""title"": ""Pre-analytical optimization of cell-free DNA and extracellular vesicle-derived DNA for mutation detection in liquid biopsies."", ""evidence_text"": ""In the prospective cohort, cfDNA concentrations increased after 24 h and evDNA after 48 h at room temperature, while retrospective analysis revealed earlier changes (cfDNA: 6 h; evDNA: 24 h). Storage conditions influenced both analytes, as short-term refrigeration (4 °C) better preserved DNA quality than -80 °C freezing, while extracted DNA remained stable at -80 °C. Acid citrate dextrose (ACD) and K 2 EDTA tubes performed similarly under prompt processing."", ""score"": 6.981658692339631, ""year"": ""2026"", ""source"": {""title"": ""Pre-analytical optimization of cell-free DNA and extracellular vesicle-derived DNA for mutation detection in liquid biopsies."", ""pmid"": ""41725045"", ""doi"": ""10.1002/1878-0261.70222"", ""url"": ""https://pubmed.ncbi.nlm.nih.gov/41725045/"", ""journal"": """", ""year"": ""2026"", ""authors"": ""Dohmen J, De Santis L, Stephens BM, Bernard V, Kalff JC, Braun L, Leyendecker P, Röttgen J, Weissinger D, Maitra A, Guerrero PA, Semaan A.""}, ""ext_id"": ""41725045"", ""doi"": ""10.1002/1878-0261.70222"", ""authors"": ""Dohmen J, De Santis L, Stephens BM, Bernard V, Kalff JC, Braun L, Leyendecker P, Röttgen J, Weissinger D, Maitra A, Guerrero PA, Semaan A."", ""journal"": """", ""url"": ""https://pubmed.ncbi.nlm.nih.gov/41725045/"", ""score_components"": {}}, {""citation_id"": 5, ""title"": ""Long-read sequencing identifies aberrant fragmentation patterns linked to elevated cell-free DNA levels in cancer."", ""evidence_text"": ""In both cohorts, the highest cfDNA levels are characterized by either hypofragmentation or hyperfragmentation. Hypofragmented samples (characterized by 1-4 kb fragments) exhibit hallmarks of DNASE1L3-mediated fragmentation due to blood-derived DNA release during delayed blood processing, while samples with ultra-long fragments (> 7.5 kb) indicate release due to cell lysis during plasma processing. In contrast, the short (<145 bp) fragments of hyperfragmented cancer samples are not artifactual, and they are characterized by elevated levels of both cancer- and blood-derived DNA, suggesting an inflammatory or other systemic response as opposed to a cancer-specific fragmentation mechanism.Conclusions."", ""score"": 6.139440572747793, ""year"": ""2026"", ""source"": {""title"": ""Long-read sequencing identifies aberrant fragmentation patterns linked to elevated cell-free DNA levels in cancer."", ""pmid"": ""41957676"", ""doi"": ""10.1186/s13059-026-04060-8"", ""url"": ""https://pmc.ncbi.nlm.nih.gov/articles/PMC13173744/"", ""journal"": """", ""year"": ""2026"", ""authors"": ""Berman BP, Erdman SA, Wheeler C, Cayford J, Turatsinze JV, Ouzounova M, Piecyk M, Herzog M, Payen-Gay L, Walter T, Kelly TK.""}, ""ext_id"": ""41957676"", ""doi"": ""10.1186/s13059-026-04060-8"", ""authors"": ""Berman BP, Erdman SA, Wheeler C, Cayford J, Turatsinze JV, Ouzounova M, Piecyk M, Herzog M, Payen-Gay L, Walter T, Kelly TK."", ""journal"": """", ""url"": ""https://pmc.ncbi.nlm.nih.gov/articles/PMC13173744/"", ""score_components"": {}}]",ok,,
BQ014,Does delayed processing up to 72 hours affect plasma blood clotting potential measured by thrombin generation?,"In the Gyorffy et al. study, delayed processing up to 72 hours at room temperature or 4 °C did not significantly affect thrombin formation or blood clotting potential in plasma samples.","[""blood clotting potential was measured by thrombin generation assay"", ""delayed processing was tested up to 72 hours"", ""room temperature and 4 degrees Celsius were tested"", ""thrombin formation was not significantly affected""]",Evidence-based draft benchmark row. Use for development/testing; later verify with supervisor/domain expert.,ranker_lexical,lexical,"(TITLE_ABS:""Does delayed processing up to 72 hours affect plasma blood clotting potential measured by thrombin generation?"") OR (TITLE_ABS:(plasma AND delayed AND processing)) OR (TITLE_ABS:(plasma AND delayed AND processing AND blood)) OR (TITLE_ABS:(delayed OR delay OR ""processing delay"" OR ""delayed processing"" OR processing OR plasma OR ""blood plasma"" OR blood OR clotting OR potential OR measured OR thrombin OR generation)) OR (TITLE_ABS:(delayed OR processing OR plasma OR blood OR clotting OR potential OR measured OR thrombin OR generation))","[""delayed"", ""processing"", ""plasma"", ""blood"", ""clotting"", ""potential"", ""measured"", ""thrombin"", ""generation""]",8,80,5,5,"[1] Plasma cytokines and chemokines were quantified using single or multiplex immunoassays. cfDNA was measured using Picogreen DNA Quantification. Blood clotting potential was measured using a thrombin generation assay.Results.
Source: Impact of sample processing delays on plasma markers of inflammation, chemotaxis, cell death, and blood coagulation.. 2024. PMID: 39480839. DOI: 10.1371/journal.pone.0311921

[2] The source of CHI3L1 production in PBMCs was determined by flow cytometry.Results. A strong correlation was found between serum, plasma, and CSF CHI3L1 levels. Serum CHI3L1 levels remained stable with delayed processing up to 6 hours and for up to three freeze-thaw cycles.
Source: Impact of preanalytical factors on blood CHI3L1 levels.. 2025. PMID: 41704533. DOI: 10.3389/fimmu.2025.1720914

[3] Our data showed only IL-2Ra remained stable across all conditions. The remaining cytokine concentrations were significantly impacted by processing delay and storage temperature, with changes evident as early as 3 hours and more pronounced at 24 and 48 hours ( p < 0.05). Storing blood at 4°C generally mitigated changes compared to room temperature, but analyte-specific and matrix-dependent variations persisted.Conclusion.
Source: Effect of delayed blood centrifugation on cytokine quantitation in serum and plasma.. 2025. PMID: 40791022. DOI: 10.1080/17576180.2025.2544521

[4] Advancing the development of robust, disease-specific peptide panels will be key to realizing the full potential of clinical proteomics for precise and predictive diagnostics.
Source: Peptide-Level Biomarker as a New Direction for Blood-Based Testing: Evaluation of Plasma Proteome Variability Induced by Prolonged on-Ice Storage.. 2026. PMID: 41401394. DOI: 10.1021/acs.jproteome.5c00245

[5] Global proteomic variation was primarily driven by interindividual differences, with less influence from storage conditions or delays. Notably, 87.5% of the candidate biomarkers (14/16) remained stable under ideal storage (4 °C storage immediately after blood collection), and 62.5% (10/16) retained stability even under the ""worst-case"" conditions (room temperature (RT) storage for 8 h after blood collection) for up to 24 h. However, several proteins lost stability with delayed processing even under ideal storage.
Source: Plasma Proteome Stability at the Time of Sudden Cardiac Arrest: Implications for Biomarker Studies in Post-Resuscitation Survival.. 2026. PMID: 41410264. DOI: 10.1021/acs.jproteome.5c00783","[{""citation_id"": 1, ""title"": ""Impact of sample processing delays on plasma markers of inflammation, chemotaxis, cell death, and blood coagulation."", ""evidence_text"": ""Plasma cytokines and chemokines were quantified using single or multiplex immunoassays. cfDNA was measured using Picogreen DNA Quantification. Blood clotting potential was measured using a thrombin generation assay.Results."", ""score"": 17.121123569995987, ""year"": ""2024"", ""source"": {""title"": ""Impact of sample processing delays on plasma markers of inflammation, chemotaxis, cell death, and blood coagulation."", ""pmid"": ""39480839"", ""doi"": ""10.1371/journal.pone.0311921"", ""url"": ""https://pmc.ncbi.nlm.nih.gov/articles/PMC11527306/"", ""journal"": """", ""year"": ""2024"", ""authors"": ""Gyorffy VJ, Dwivedi DJ, Liaw PC, Fox-Robichaud AE, Tsang JLY, Binnie A.""}, ""ext_id"": ""39480839"", ""doi"": ""10.1371/journal.pone.0311921"", ""authors"": ""Gyorffy VJ, Dwivedi DJ, Liaw PC, Fox-Robichaud AE, Tsang JLY, Binnie A."", ""journal"": """", ""url"": ""https://pmc.ncbi.nlm.nih.gov/articles/PMC11527306/"", ""score_components"": {}}, {""citation_id"": 2, ""title"": ""Impact of preanalytical factors on blood CHI3L1 levels."", ""evidence_text"": ""The source of CHI3L1 production in PBMCs was determined by flow cytometry.Results. A strong correlation was found between serum, plasma, and CSF CHI3L1 levels. Serum CHI3L1 levels remained stable with delayed processing up to 6 hours and for up to three freeze-thaw cycles."", ""score"": 7.415979107235207, ""year"": ""2025"", ""source"": {""title"": ""Impact of preanalytical factors on blood CHI3L1 levels."", ""pmid"": ""41704533"", ""doi"": ""10.3389/fimmu.2025.1720914"", ""url"": ""https://pmc.ncbi.nlm.nih.gov/articles/PMC12907172/"", ""journal"": """", ""year"": ""2025"", ""authors"": ""Comabella M, Gutierrez L, Castillo M, Villar LM, Eixarch H, La Puma D, Aroca M, Vilaseca A, Montalban X, Fissolo N.""}, ""ext_id"": ""41704533"", ""doi"": ""10.3389/fimmu.2025.1720914"", ""authors"": ""Comabella M, Gutierrez L, Castillo M, Villar LM, Eixarch H, La Puma D, Aroca M, Vilaseca A, Montalban X, Fissolo N."", ""journal"": """", ""url"": ""https://pmc.ncbi.nlm.nih.gov/articles/PMC12907172/"", ""score_components"": {}}, {""citation_id"": 3, ""title"": ""Effect of delayed blood centrifugation on cytokine quantitation in serum and plasma."", ""evidence_text"": ""Our data showed only IL-2Ra remained stable across all conditions. The remaining cytokine concentrations were significantly impacted by processing delay and storage temperature, with changes evident as early as 3 hours and more pronounced at 24 and 48 hours ( p < 0.05). Storing blood at 4°C generally mitigated changes compared to room temperature, but analyte-specific and matrix-dependent variations persisted.Conclusion."", ""score"": 4.805556772952402, ""year"": ""2025"", ""source"": {""title"": ""Effect of delayed blood centrifugation on cytokine quantitation in serum and plasma."", ""pmid"": ""40791022"", ""doi"": ""10.1080/17576180.2025.2544521"", ""url"": ""https://pubmed.ncbi.nlm.nih.gov/40791022/"", ""journal"": """", ""year"": ""2025"", ""authors"": ""Yang X, Arceo T, Fischer SK.""}, ""ext_id"": ""40791022"", ""doi"": ""10.1080/17576180.2025.2544521"", ""authors"": ""Yang X, Arceo T, Fischer SK."", ""journal"": """", ""url"": ""https://pubmed.ncbi.nlm.nih.gov/40791022/"", ""score_components"": {}}, {""citation_id"": 4, ""title"": ""Peptide-Level Biomarker as a New Direction for Blood-Based Testing: Evaluation of Plasma Proteome Variability Induced by Prolonged on-Ice Storage."", ""evidence_text"": ""Advancing the development of robust, disease-specific peptide panels will be key to realizing the full potential of clinical proteomics for precise and predictive diagnostics."", ""score"": 4.015987457642673, ""year"": ""2026"", ""source"": {""title"": ""Peptide-Level Biomarker as a New Direction for Blood-Based Testing: Evaluation of Plasma Proteome Variability Induced by Prolonged on-Ice Storage."", ""pmid"": ""41401394"", ""doi"": ""10.1021/acs.jproteome.5c00245"", ""url"": ""https://pubmed.ncbi.nlm.nih.gov/41401394/"", ""journal"": """", ""year"": ""2026"", ""authors"": ""Peng X, Zhang Q, Omstead A, Mansoor R, Laframboise W, Zaidi AH, Wagner PL, Bartlett D, Xiao K.""}, ""ext_id"": ""41401394"", ""doi"": ""10.1021/acs.jproteome.5c00245"", ""authors"": ""Peng X, Zhang Q, Omstead A, Mansoor R, Laframboise W, Zaidi AH, Wagner PL, Bartlett D, Xiao K."", ""journal"": """", ""url"": ""https://pubmed.ncbi.nlm.nih.gov/41401394/"", ""score_components"": {}}, {""citation_id"": 5, ""title"": ""Plasma Proteome Stability at the Time of Sudden Cardiac Arrest: Implications for Biomarker Studies in Post-Resuscitation Survival."", ""evidence_text"": ""Global proteomic variation was primarily driven by interindividual differences, with less influence from storage conditions or delays. Notably, 87.5% of the candidate biomarkers (14/16) remained stable under ideal storage (4 °C storage immediately after blood collection), and 62.5% (10/16) retained stability even under the \""worst-case\"" conditions (room temperature (RT) storage for 8 h after blood collection) for up to 24 h. However, several proteins lost stability with delayed processing even under ideal storage."", ""score"": 3.8785987822703767, ""year"": ""2026"", ""source"": {""title"": ""Plasma Proteome Stability at the Time of Sudden Cardiac Arrest: Implications for Biomarker Studies in Post-Resuscitation Survival."", ""pmid"": ""41410264"", ""doi"": ""10.1021/acs.jproteome.5c00783"", ""url"": ""https://pubmed.ncbi.nlm.nih.gov/41410264/"", ""journal"": """", ""year"": ""2026"", ""authors"": ""Lee J, Nakamura K, Fu Q, Reinier K, Haghani A, Chugh H, Chugh SS, Van Eyk JE.""}, ""ext_id"": ""41410264"", ""doi"": ""10.1021/acs.jproteome.5c00783"", ""authors"": ""Lee J, Nakamura K, Fu Q, Reinier K, Haghani A, Chugh H, Chugh SS, Van Eyk JE."", ""journal"": """", ""url"": ""https://pubmed.ncbi.nlm.nih.gov/41410264/"", ""score_components"": {}}]",ok,,
BQ015,Does long-term storage at minus 20 degrees Celsius versus minus 80 degrees Celsius affect serum metabolomic and proteomic biomarkers?,"Yes. Valo et al. found that storage at −20 °C versus −80 °C can affect serum metabolomic and proteomic biomarkers. After quality control, 193 analytes were evaluated; 120 were apparently unaffected, but 15 were clearly susceptible to −20 °C versus −80 °C storage.","[""serum samples stored at minus 20 and minus 80 degrees Celsius were compared"", ""193 metabolites and proteins passed quality control"", ""120 analytes were apparently unaffected"", ""15 analytes were clearly susceptible to storage at minus 20 versus minus 80 degrees Celsius""]",Evidence-based draft benchmark row. Use for development/testing; later verify with supervisor/domain expert.,ranker_lexical,lexical,"(TITLE_ABS:""Does long-term storage at minus 20 degrees Celsius versus minus 80 degrees Celsius affect serum metabolomic and proteomic biomarkers?"") OR (TITLE_ABS:(serum AND storage AND ""long-term"")) OR (TITLE_ABS:(serum AND storage AND ""long-term"" AND minus)) OR (TITLE_ABS:(""long-term"" OR storage OR stored OR ""sample storage"" OR minus OR versus OR serum OR ""blood serum"" OR metabolomic OR proteomic OR biomarkers)) OR (TITLE_ABS:(""long-term"" OR storage OR minus OR versus OR serum OR metabolomic OR proteomic OR biomarkers))","[""long-term"", ""storage"", ""minus"", ""versus"", ""serum"", ""metabolomic"", ""proteomic"", ""biomarkers""]",8,80,5,5,"[1] The reliability of cerebrospinal fluid (CSF) and serum biomarkers depends on sample integrity, which is strongly influenced by storage conditions. While -80 °C is considered the gold standard for long-term preservation, it requires specialized infrastructure, whereas -20 °C is more accessible but may compromise protein stability. This study aimed to evaluate the stability of three clinically relevant biomarkers - neuron-specific enolase (NSE), S100, and β-2 microglobulin (B2M), associated with neuronal injury and neuroinflammation - in CSF and serum samples stored at -20 °C and -80 °C over different time periods.Methods.
Source: Effect of storage conditions on NSE, S100, and B2M stability in cerebrospinal fluid and serum.. 2026. PMID: 41591274. DOI: 10.1515/cclm-2025-1320

[2] Here we report the impact of serum sample storage at −80°C on the stability of these three biomarkers. Notably, TRAIL levels decrease by approximately 30% after five years of storage at −80°C, while IP-10 levels decrease by only 17% and CRP levels do not decrease significantly. We conclude that long-term freezer storage differentially compromises the integrity of MeMed BV’s constituent biomarkers.
Source: Impact of Serum Sample Storage on the Stability of TRAIL, IP-10, and CRP: Implications for Biomarker Research Employing Biobanks. 2025. PMID: PPR971406. DOI: 10.1101/2025.01.22.25320787

[3] Patients present with excessive storage of glycogen and fat in the liver and kidneys and are potentially at risk of developing long-term complications. Currently, the mainstay of treatment is highly tailored dietary regimens aimed at improving metabolic control. In the present study, to better elucidate the mechanisms potentially involved in the development of long-term complications, a mass spectrometry-based strategy was employed for an in-depth characterization of the serum proteomic and metabolomic profile of n.12 GSDIa patients.
Source: Multiomics approach provides insight into altered choline metabolism and liver injury in patients with glycogen storage disease type Ia.. 2025. PMID: 40594807. DOI: 10.1038/s41598-025-06272-7

[4] Diagnostic Potential of Metabolomic and Proteomic Biomarkers in Cardiology—A Narrative Review
Source: Diagnostic Potential of Metabolomic and Proteomic Biomarkers in Cardiology—A Narrative Review. 2026. PMID: PMC12938101. https://pmc.ncbi.nlm.nih.gov/articles/PMC12938101/

[5] Biomarkers derived from accessible matrices such as blood and milk provide valuable insight into inflammatory, metabolic, and reproductive disturbances, especially at subclinical stages. However, their clinical implementation remains limited by pre-analytical and analytical variability (e.g., sample collection, storage, and processing), the absence of standardized thresholds, and the lack of reliable cow-specific decision cut-offs. The integration of multi-omics data, including genomic, transcriptomic, proteomic, and metabolomic layers, with artificial intelligence (AI) enables high-dimensional data integration, automated classification, and predictive modeling in cattle health.
Source: Integrating biomarkers and artificial intelligence for precision diagnostics in cattle health and herd management: a review.. 2026. PMID: 42133137. DOI: 10.1007/s11259-026-11268-3","[{""citation_id"": 1, ""title"": ""Effect of storage conditions on NSE, S100, and B2M stability in cerebrospinal fluid and serum."", ""evidence_text"": ""The reliability of cerebrospinal fluid (CSF) and serum biomarkers depends on sample integrity, which is strongly influenced by storage conditions. While -80 °C is considered the gold standard for long-term preservation, it requires specialized infrastructure, whereas -20 °C is more accessible but may compromise protein stability. This study aimed to evaluate the stability of three clinically relevant biomarkers - neuron-specific enolase (NSE), S100, and β-2 microglobulin (B2M), associated with neuronal injury and neuroinflammation - in CSF and serum samples stored at -20 °C and -80 °C over different time periods.Methods."", ""score"": 8.665963264754751, ""year"": ""2026"", ""source"": {""title"": ""Effect of storage conditions on NSE, S100, and B2M stability in cerebrospinal fluid and serum."", ""pmid"": ""41591274"", ""doi"": ""10.1515/cclm-2025-1320"", ""url"": ""https://pubmed.ncbi.nlm.nih.gov/41591274/"", ""journal"": """", ""year"": ""2026"", ""authors"": ""García-Sancha N, Valencia J, Gundín S, Martín M, Miranda M, Valls A, Calvo-Simal S, Arnáez J.""}, ""ext_id"": ""41591274"", ""doi"": ""10.1515/cclm-2025-1320"", ""authors"": ""García-Sancha N, Valencia J, Gundín S, Martín M, Miranda M, Valls A, Calvo-Simal S, Arnáez J."", ""journal"": """", ""url"": ""https://pubmed.ncbi.nlm.nih.gov/41591274/"", ""score_components"": {}}, {""citation_id"": 2, ""title"": ""Impact of Serum Sample Storage on the Stability of TRAIL, IP-10, and CRP: Implications for Biomarker Research Employing Biobanks"", ""evidence_text"": ""Here we report the impact of serum sample storage at −80°C on the stability of these three biomarkers. Notably, TRAIL levels decrease by approximately 30% after five years of storage at −80°C, while IP-10 levels decrease by only 17% and CRP levels do not decrease significantly. We conclude that long-term freezer storage differentially compromises the integrity of MeMed BV’s constituent biomarkers."", ""score"": 8.000492701874549, ""year"": ""2025"", ""source"": {""title"": ""Impact of Serum Sample Storage on the Stability of TRAIL, IP-10, and CRP: Implications for Biomarker Research Employing Biobanks"", ""pmid"": ""PPR971406"", ""doi"": ""10.1101/2025.01.22.25320787"", ""url"": ""https://doi.org/10.1101/2025.01.22.25320787"", ""journal"": """", ""year"": ""2025"", ""authors"": ""Kalfon R, Raz A, Halabi S, Navon R, Gottlieb TM, Eden E, Hainrichson M.""}, ""ext_id"": ""PPR971406"", ""doi"": ""10.1101/2025.01.22.25320787"", ""authors"": ""Kalfon R, Raz A, Halabi S, Navon R, Gottlieb TM, Eden E, Hainrichson M."", ""journal"": """", ""url"": ""https://doi.org/10.1101/2025.01.22.25320787"", ""score_components"": {}}, {""citation_id"": 3, ""title"": ""Multiomics approach provides insight into altered choline metabolism and liver injury in patients with glycogen storage disease type Ia."", ""evidence_text"": ""Patients present with excessive storage of glycogen and fat in the liver and kidneys and are potentially at risk of developing long-term complications. Currently, the mainstay of treatment is highly tailored dietary regimens aimed at improving metabolic control. In the present study, to better elucidate the mechanisms potentially involved in the development of long-term complications, a mass spectrometry-based strategy was employed for an in-depth characterization of the serum proteomic and metabolomic profile of n.12 GSDIa patients."", ""score"": 5.275082980532311, ""year"": ""2025"", ""source"": {""title"": ""Multiomics approach provides insight into altered choline metabolism and liver injury in patients with glycogen storage disease type Ia."", ""pmid"": ""40594807"", ""doi"": ""10.1038/s41598-025-06272-7"", ""url"": ""https://pmc.ncbi.nlm.nih.gov/articles/PMC12216020/"", ""journal"": """", ""year"": ""2025"", ""authors"": ""Pirozzi F, Amiri R, Luni C, Rossi A, Melis D, Fedele R, Rosano C, Strisciuglio P, Oosterveer MH, Derks TGJ, Parenti G, Caterino M, Ruoppolo M.""}, ""ext_id"": ""40594807"", ""doi"": ""10.1038/s41598-025-06272-7"", ""authors"": ""Pirozzi F, Amiri R, Luni C, Rossi A, Melis D, Fedele R, Rosano C, Strisciuglio P, Oosterveer MH, Derks TGJ, Parenti G, Caterino M, Ruoppolo M."", ""journal"": """", ""url"": ""https://pmc.ncbi.nlm.nih.gov/articles/PMC12216020/"", ""score_components"": {}}, {""citation_id"": 4, ""title"": ""Diagnostic Potential of Metabolomic and Proteomic Biomarkers in Cardiology—A Narrative Review"", ""evidence_text"": ""Diagnostic Potential of Metabolomic and Proteomic Biomarkers in Cardiology—A Narrative Review"", ""score"": 4.78997568223393, ""year"": ""2026"", ""source"": {""title"": ""Diagnostic Potential of Metabolomic and Proteomic Biomarkers in Cardiology—A Narrative Review"", ""pmid"": ""PMC12938101"", ""doi"": """", ""url"": ""https://pmc.ncbi.nlm.nih.gov/articles/PMC12938101/"", ""journal"": """", ""year"": ""2026"", ""authors"": ""Zhussupbekova L, Nurkina D, Zhussupova G, Smagulova A, Rakhmetova V, Akhmedyarova E, Darybayeva A, Kurmangaliyeva K, Kukes I.""}, ""ext_id"": ""PMC12938101"", ""doi"": """", ""authors"": ""Zhussupbekova L, Nurkina D, Zhussupova G, Smagulova A, Rakhmetova V, Akhmedyarova E, Darybayeva A, Kurmangaliyeva K, Kukes I."", ""journal"": """", ""url"": ""https://pmc.ncbi.nlm.nih.gov/articles/PMC12938101/"", ""score_components"": {}}, {""citation_id"": 5, ""title"": ""Integrating biomarkers and artificial intelligence for precision diagnostics in cattle health and herd management: a review."", ""evidence_text"": ""Biomarkers derived from accessible matrices such as blood and milk provide valuable insight into inflammatory, metabolic, and reproductive disturbances, especially at subclinical stages. However, their clinical implementation remains limited by pre-analytical and analytical variability (e.g., sample collection, storage, and processing), the absence of standardized thresholds, and the lack of reliable cow-specific decision cut-offs. The integration of multi-omics data, including genomic, transcriptomic, proteomic, and metabolomic layers, with artificial intelligence (AI) enables high-dimensional data integration, automated classification, and predictive modeling in cattle health."", ""score"": 4.364827154143838, ""year"": ""2026"", ""source"": {""title"": ""Integrating biomarkers and artificial intelligence for precision diagnostics in cattle health and herd management: a review."", ""pmid"": ""42133137"", ""doi"": ""10.1007/s11259-026-11268-3"", ""url"": ""https://pmc.ncbi.nlm.nih.gov/articles/PMC13176182/"", ""journal"": """", ""year"": ""2026"", ""authors"": ""Aydın Ş, Özdemir S.""}, ""ext_id"": ""42133137"", ""doi"": ""10.1007/s11259-026-11268-3"", ""authors"": ""Aydın Ş, Özdemir S."", ""journal"": """", ""url"": ""https://pmc.ncbi.nlm.nih.gov/articles/PMC13176182/"", ""score_components"": {}}]",ok,,
BQ016,Can serum glutamate/glutamine ratio indicate sub-optimal long-term storage at minus 20 degrees Celsius?,Yes. Valo et al. identified serum glutamate/glutamine ratio greater than 0.20 as a sensitive and specific indicator of storage at −20 °C compared with −80 °C in their type 1 diabetes serum sample datasets.,"[""glutamate/glutamine ratio greater than 0.20 was identified as a marker"", ""the marker discriminated serum stored at minus 20 degrees Celsius from serum stored at minus 80 degrees Celsius"", ""the validation result reported very high classification performance"", ""the finding was based on type 1 diabetes serum sample datasets""]",Evidence-based draft benchmark row. Use for development/testing; later verify with supervisor/domain expert.,ranker_lexical,lexical,"(TITLE_ABS:""Can serum glutamate/glutamine ratio indicate sub-optimal long-term storage at minus 20 degrees Celsius?"") OR (TITLE_ABS:(serum AND storage AND glutamate)) OR (TITLE_ABS:(serum AND storage AND glutamate AND glutamine)) OR (TITLE_ABS:(serum OR ""blood serum"" OR glutamate OR glutamine OR ratio OR indicate OR ""sub-optimal"" OR ""long-term"" OR storage OR stored OR ""sample storage"" OR minus)) OR (TITLE_ABS:(serum OR glutamate OR glutamine OR ratio OR indicate OR ""sub-optimal"" OR ""long-term"" OR storage OR minus))","[""serum"", ""glutamate"", ""glutamine"", ""ratio"", ""indicate"", ""sub-optimal"", ""long-term"", ""storage"", ""minus""]",8,88,5,5,"[1] Long-term storage was associated with a marked decrease in L-Pro and a moderate but statistically significant increase in D-Pro (p < 0.05). Notably, the D-Pro/L-Pro ratio clearly differentiated fresh and long-term storage honeys.Conclusion. These findings indicate that long-term storage is associated with significant changes in proline enantiomer composition, likely related to non-enzymatic processes such as Maillard-type reactions.
Source: Determination of proline enantiomers in honey by FMOC-LC/FL and storage-associated changes in enantiomeric composition.. 2026. PMID: 41844552. DOI: 10.1093/jaoacint/qsag023

[2] The samples obtained in the UK Biobank were collected according to modern standards, with short processing time for the blood samples, and storage at very low temperatures, whereas samples in the Janus Serum Bank were collected over larger timespans, with storage in sub-optimal temperature and over prolonged periods of time as compared to todays' standards. This research shows that samples stored under sub-optimal conditions and over extreme periods of time (up to 50 years) yield reliable protein associations for common traits using a proximity extension assay. Therefore, archived biosamples that were not stored in optimal conditions, including samples of the Janus Serum Bank, remain a highly valuable resource in disease and risk biomarker research using modern and emerging proteomics assay methods.
Source: Proteomic Profiling Using a Proximity Extension Assay Panel on Serum Samples Stored at -25°C Over Several Decades.. 2026. PMID: 42163480. DOI: 10.1002/pmic.70145

[3] Among the different ILs tested, 20% (w/v) choline glutamate emerged as the most effective stabilization medium which hindered RNA degradation during short-term handling at higher temperature and extended storage at 40 °C and ambient temperature. Immediate stabilization preserved RNA integrity at levels statistically comparable to RNA controls. Upon heating, control RNA degraded at 70 °C and higher, whereas RNA stored in choline glutamate IL retained higher integrity even at 80-90 °C, indicating significant suppression of thermal degradation.
Source: A biocompatible and recyclable ionic liquid platform for long-term and high temperature plant RNA stabilization.. 2026. PMID: 42108052. DOI: 10.1016/j.aca.2026.345501

[4] Our data indicate that selectively targeting glutamine metabolism in dysregulated glia using dendrimers represents a promising strategy that may offer a therapeutic approach for addressing glutamate dysregulation in RTT.
Source: Dendrimer-Conjugated Glutamine Antagonist, D-TTM020, Ameliorates Brain Immune Dysregulation and Improves Neurobehavioral Deficits in the Mecp2- Deficient Mouse Model.. 2026. PMID: 41677636. DOI: 10.3390/cells15030272

[5] Long-term storage of LB at room temperature for 24 weeks also reduced Δ glnA growth regardless of autoclaving, compared with freshly prepared LB. Furthermore, supplementation of glutamine sources into glutamine-deficient MHB medium enhanced biofilm formation by Pseudomonas aeruginosa. Collectively, these results demonstrate that autoclaving and storage reduce glutamine sources in complex media, thereby influencing bacterial growth and phenotypes.
Source: Autoclaving and long-term storage deplete glutamine sources in complex media and affect bacterial phenotypes. 2025. PMID: PPR1104312. DOI: 10.1101/2025.10.15.682619","[{""citation_id"": 1, ""title"": ""Determination of proline enantiomers in honey by FMOC-LC/FL and storage-associated changes in enantiomeric composition."", ""evidence_text"": ""Long-term storage was associated with a marked decrease in L-Pro and a moderate but statistically significant increase in D-Pro (p < 0.05). Notably, the D-Pro/L-Pro ratio clearly differentiated fresh and long-term storage honeys.Conclusion. These findings indicate that long-term storage is associated with significant changes in proline enantiomer composition, likely related to non-enzymatic processes such as Maillard-type reactions."", ""score"": 8.228921725190826, ""year"": ""2026"", ""source"": {""title"": ""Determination of proline enantiomers in honey by FMOC-LC/FL and storage-associated changes in enantiomeric composition."", ""pmid"": ""41844552"", ""doi"": ""10.1093/jaoacint/qsag023"", ""url"": ""https://pubmed.ncbi.nlm.nih.gov/41844552/"", ""journal"": """", ""year"": ""2026"", ""authors"": ""Saito K, Nakazato A, Ito R, Akiyama H.""}, ""ext_id"": ""41844552"", ""doi"": ""10.1093/jaoacint/qsag023"", ""authors"": ""Saito K, Nakazato A, Ito R, Akiyama H."", ""journal"": """", ""url"": ""https://pubmed.ncbi.nlm.nih.gov/41844552/"", ""score_components"": {}}, {""citation_id"": 2, ""title"": ""Proteomic Profiling Using a Proximity Extension Assay Panel on Serum Samples Stored at -25°C Over Several Decades."", ""evidence_text"": ""The samples obtained in the UK Biobank were collected according to modern standards, with short processing time for the blood samples, and storage at very low temperatures, whereas samples in the Janus Serum Bank were collected over larger timespans, with storage in sub-optimal temperature and over prolonged periods of time as compared to todays' standards. This research shows that samples stored under sub-optimal conditions and over extreme periods of time (up to 50 years) yield reliable protein associations for common traits using a proximity extension assay. Therefore, archived biosamples that were not stored in optimal conditions, including samples of the Janus Serum Bank, remain a highly valuable resource in disease and risk biomarker research using modern and emerging proteomics assay methods."", ""score"": 7.803000307143939, ""year"": ""2026"", ""source"": {""title"": ""Proteomic Profiling Using a Proximity Extension Assay Panel on Serum Samples Stored at -25°C Over Several Decades."", ""pmid"": ""42163480"", ""doi"": ""10.1002/pmic.70145"", ""url"": ""https://pubmed.ncbi.nlm.nih.gov/42163480/"", ""journal"": """", ""year"": ""2026"", ""authors"": ""Bos SD, Lund SH, Fortner RT, Hovig E, Langseth H.""}, ""ext_id"": ""42163480"", ""doi"": ""10.1002/pmic.70145"", ""authors"": ""Bos SD, Lund SH, Fortner RT, Hovig E, Langseth H."", ""journal"": """", ""url"": ""https://pubmed.ncbi.nlm.nih.gov/42163480/"", ""score_components"": {}}, {""citation_id"": 3, ""title"": ""A biocompatible and recyclable ionic liquid platform for long-term and high temperature plant RNA stabilization."", ""evidence_text"": ""Among the different ILs tested, 20% (w/v) choline glutamate emerged as the most effective stabilization medium which hindered RNA degradation during short-term handling at higher temperature and extended storage at 40 °C and ambient temperature. Immediate stabilization preserved RNA integrity at levels statistically comparable to RNA controls. Upon heating, control RNA degraded at 70 °C and higher, whereas RNA stored in choline glutamate IL retained higher integrity even at 80-90 °C, indicating significant suppression of thermal degradation."", ""score"": 7.09983987489214, ""year"": ""2026"", ""source"": {""title"": ""A biocompatible and recyclable ionic liquid platform for long-term and high temperature plant RNA stabilization."", ""pmid"": ""42108052"", ""doi"": ""10.1016/j.aca.2026.345501"", ""url"": ""https://pubmed.ncbi.nlm.nih.gov/42108052/"", ""journal"": """", ""year"": ""2026"", ""authors"": ""De Silva S, Cagliero C, Gostel MR, Johnson G, Anderson JL.""}, ""ext_id"": ""42108052"", ""doi"": ""10.1016/j.aca.2026.345501"", ""authors"": ""De Silva S, Cagliero C, Gostel MR, Johnson G, Anderson JL."", ""journal"": """", ""url"": ""https://pubmed.ncbi.nlm.nih.gov/42108052/"", ""score_components"": {}}, {""citation_id"": 4, ""title"": ""Dendrimer-Conjugated Glutamine Antagonist, D-TTM020, Ameliorates Brain Immune Dysregulation and Improves Neurobehavioral Deficits in the Mecp2- Deficient Mouse Model."", ""evidence_text"": ""Our data indicate that selectively targeting glutamine metabolism in dysregulated glia using dendrimers represents a promising strategy that may offer a therapeutic approach for addressing glutamate dysregulation in RTT."", ""score"": 6.359251776983106, ""year"": ""2026"", ""source"": {""title"": ""Dendrimer-Conjugated Glutamine Antagonist, D-TTM020, Ameliorates Brain Immune Dysregulation and Improves Neurobehavioral Deficits in the Mecp2- Deficient Mouse Model."", ""pmid"": ""41677636"", ""doi"": ""10.3390/cells15030272"", ""url"": ""https://pmc.ncbi.nlm.nih.gov/articles/PMC12897355/"", ""journal"": """", ""year"": ""2026"", ""authors"": ""Vyas P, Khoury ES, Sah N, Sharma A, Allende Labastida J, Wilkinson EL, Lac K, Damiba NNL, Fowler A, Liu J, Bedner A, Majer P, Tichý T, Thomas AG, Rais R, Slusher BS, Kannan RM, Kannan S.""}, ""ext_id"": ""41677636"", ""doi"": ""10.3390/cells15030272"", ""authors"": ""Vyas P, Khoury ES, Sah N, Sharma A, Allende Labastida J, Wilkinson EL, Lac K, Damiba NNL, Fowler A, Liu J, Bedner A, Majer P, Tichý T, Thomas AG, Rais R, Slusher BS, Kannan RM, Kannan S."", ""journal"": """", ""url"": ""https://pmc.ncbi.nlm.nih.gov/articles/PMC12897355/"", ""score_components"": {}}, {""citation_id"": 5, ""title"": ""Autoclaving and long-term storage deplete glutamine sources in complex media and affect bacterial phenotypes"", ""evidence_text"": ""Long-term storage of LB at room temperature for 24 weeks also reduced Δ glnA growth regardless of autoclaving, compared with freshly prepared LB. Furthermore, supplementation of glutamine sources into glutamine-deficient MHB medium enhanced biofilm formation by Pseudomonas aeruginosa. Collectively, these results demonstrate that autoclaving and storage reduce glutamine sources in complex media, thereby influencing bacterial growth and phenotypes."", ""score"": 5.445915401771554, ""year"": ""2025"", ""source"": {""title"": ""Autoclaving and long-term storage deplete glutamine sources in complex media and affect bacterial phenotypes"", ""pmid"": ""PPR1104312"", ""doi"": ""10.1101/2025.10.15.682619"", ""url"": ""https://doi.org/10.1101/2025.10.15.682619"", ""journal"": """", ""year"": ""2025"", ""authors"": ""Yamada K, Ishikawa K, Furuta K, Miyoshi S, Tsunoda M, Kaito C.""}, ""ext_id"": ""PPR1104312"", ""doi"": ""10.1101/2025.10.15.682619"", ""authors"": ""Yamada K, Ishikawa K, Furuta K, Miyoshi S, Tsunoda M, Kaito C."", ""journal"": """", ""url"": ""https://doi.org/10.1101/2025.10.15.682619"", ""score_components"": {}}]",ok,,
BQ017,Is glutamine susceptible to long-term serum storage at minus 20 degrees Celsius compared with minus 80 degrees Celsius?,Yes. Valo et al. identified glutamine among analytes affected by −20 °C versus −80 °C storage and also reported that storage time was associated with changes involving glutamine and the glutamate/glutamine ratio.,"[""glutamine was among analytes affected by storage at minus 20 versus minus 80 degrees Celsius"", ""storage time was associated with changes involving glutamine"", ""glutamate/glutamine ratio changed with storage time"", ""quick separation and storage at minus 80 degrees Celsius are important for optimal glutamine measurement""]",Evidence-based draft benchmark row. Use for development/testing; later verify with supervisor/domain expert.,ranker_lexical,lexical,"(TITLE_ABS:""Is glutamine susceptible to long-term serum storage at minus 20 degrees Celsius compared with minus 80 degrees Celsius?"") OR (TITLE_ABS:(serum AND storage AND glutamine)) OR (TITLE_ABS:(serum AND storage AND glutamine AND susceptible)) OR (TITLE_ABS:(glutamine OR susceptible OR ""long-term"" OR serum OR ""blood serum"" OR storage OR stored OR ""sample storage"" OR minus OR compared)) OR (TITLE_ABS:(glutamine OR susceptible OR ""long-term"" OR serum OR storage OR minus OR compared))","[""glutamine"", ""susceptible"", ""long-term"", ""serum"", ""storage"", ""minus"", ""compared""]",8,87,5,5,"[1] The reduction in CSF NSE at -20 °C was strongly correlated with baseline concentrations.Conclusions. CSF biomarkers NSE and S100 are highly susceptible to degradation at -20 °C, whereas B2M remains relatively stable. Strict adherence to -80 °C storage protocols is essential to ensure the reliability of biomarker-based diagnostics and research.
Source: Effect of storage conditions on NSE, S100, and B2M stability in cerebrospinal fluid and serum.. 2026. PMID: 41591274. DOI: 10.1515/cclm-2025-1320

[2] Growth assays and HPLC quantification revealed that free glutamine in LB decreased from 58 µM to 12 µM upon autoclaving, while heat-stable glutamine sources remained at 117 µM. Similar growth defects were observed for Δ glnA in autoclaved BHI, TSB, and M17 media compared with their non-autoclaved counterparts. Long-term storage of LB at room temperature for 24 weeks also reduced Δ glnA growth regardless of autoclaving, compared with freshly prepared LB.
Source: Autoclaving and long-term storage deplete glutamine sources in complex media and affect bacterial phenotypes. 2025. PMID: PPR1104312. DOI: 10.1101/2025.10.15.682619

[3] Venous grafts remain the most used conduits in coronary artery bypass grafting (CABG) but are highly susceptible to early failure due to ischemia-reperfusion injury, intimal hyperplasia, and accelerated atherosclerosis. Specialized preservation solutions such as DuraGraft and TiProtec aim to protect endothelial integrity during intraoperative storage; however, their long-term effects on venous graft adaptation remain unclear. In this study, saline, DuraGraft, and TiProtec were compared in a rat model of arterialized autologous jugular vein interposition grafting.
Source: Long-term outcomes of venous graft preservation in a rat autologous transplant model.. 2026. PMID: 42243381. DOI: 10.1038/s41598-026-55596-5

[4] neurona after 6-12, 13-18, or 19-24 months compared with their original fresh testing results. However, the serum to CSF ratio cutoff of ≤ 64 in support of disease changed in 41% (19 of 46) of paired samples.Conclusions and clinical importance. Freezing samples at -80°C for more than 18 months might alter test results, leading to possible changes in serum to CSF ratio calculations and affecting the interpretation of results for clinical and research purposes.
Source: Effect of Long-Term Freezing on Indirect Fluorescent Antibody Titers for the Diagnosis of Equine Protozoal Myeloencephalitis.. 2025. PMID: 40873183. DOI: 10.1111/jvim.70225

[5] Although transcatheter mitral valve-in-valve replacement (mViV) is safe, long-term outcomes compared with reoperative surgical mitral valve replacement (rSMVR) remains unknown. This study compared long-term outcomes between mViV and rSMVR in patients with failing mitral bioprostheses.Methods. This retrospective, cohort study analyzed patients undergoing mViV or rSMVR for failing bioprosthetic mitral valves without active endocarditis at 2 quaternary care centers from 2004 to 2023.
Source: Long-Term Survival Advantage of Reoperative Surgical Mitral Valve Replacement Over Transcatheter Mitral Valve-in-Valve: A Multicenter Cohort.. 2028. PMID: 41995635. DOI: 10.1016/j.athoracsur.2026.03.032","[{""citation_id"": 1, ""title"": ""Effect of storage conditions on NSE, S100, and B2M stability in cerebrospinal fluid and serum."", ""evidence_text"": ""The reduction in CSF NSE at -20 °C was strongly correlated with baseline concentrations.Conclusions. CSF biomarkers NSE and S100 are highly susceptible to degradation at -20 °C, whereas B2M remains relatively stable. Strict adherence to -80 °C storage protocols is essential to ensure the reliability of biomarker-based diagnostics and research."", ""score"": 12.856947465683207, ""year"": ""2026"", ""source"": {""title"": ""Effect of storage conditions on NSE, S100, and B2M stability in cerebrospinal fluid and serum."", ""pmid"": ""41591274"", ""doi"": ""10.1515/cclm-2025-1320"", ""url"": ""https://pubmed.ncbi.nlm.nih.gov/41591274/"", ""journal"": """", ""year"": ""2026"", ""authors"": ""García-Sancha N, Valencia J, Gundín S, Martín M, Miranda M, Valls A, Calvo-Simal S, Arnáez J.""}, ""ext_id"": ""41591274"", ""doi"": ""10.1515/cclm-2025-1320"", ""authors"": ""García-Sancha N, Valencia J, Gundín S, Martín M, Miranda M, Valls A, Calvo-Simal S, Arnáez J."", ""journal"": """", ""url"": ""https://pubmed.ncbi.nlm.nih.gov/41591274/"", ""score_components"": {}}, {""citation_id"": 2, ""title"": ""Autoclaving and long-term storage deplete glutamine sources in complex media and affect bacterial phenotypes"", ""evidence_text"": ""Growth assays and HPLC quantification revealed that free glutamine in LB decreased from 58 µM to 12 µM upon autoclaving, while heat-stable glutamine sources remained at 117 µM. Similar growth defects were observed for Δ glnA in autoclaved BHI, TSB, and M17 media compared with their non-autoclaved counterparts. Long-term storage of LB at room temperature for 24 weeks also reduced Δ glnA growth regardless of autoclaving, compared with freshly prepared LB."", ""score"": 8.520221480168278, ""year"": ""2025"", ""source"": {""title"": ""Autoclaving and long-term storage deplete glutamine sources in complex media and affect bacterial phenotypes"", ""pmid"": ""PPR1104312"", ""doi"": ""10.1101/2025.10.15.682619"", ""url"": ""https://doi.org/10.1101/2025.10.15.682619"", ""journal"": """", ""year"": ""2025"", ""authors"": ""Yamada K, Ishikawa K, Furuta K, Miyoshi S, Tsunoda M, Kaito C.""}, ""ext_id"": ""PPR1104312"", ""doi"": ""10.1101/2025.10.15.682619"", ""authors"": ""Yamada K, Ishikawa K, Furuta K, Miyoshi S, Tsunoda M, Kaito C."", ""journal"": """", ""url"": ""https://doi.org/10.1101/2025.10.15.682619"", ""score_components"": {}}, {""citation_id"": 3, ""title"": ""Long-term outcomes of venous graft preservation in a rat autologous transplant model."", ""evidence_text"": ""Venous grafts remain the most used conduits in coronary artery bypass grafting (CABG) but are highly susceptible to early failure due to ischemia-reperfusion injury, intimal hyperplasia, and accelerated atherosclerosis. Specialized preservation solutions such as DuraGraft and TiProtec aim to protect endothelial integrity during intraoperative storage; however, their long-term effects on venous graft adaptation remain unclear. In this study, saline, DuraGraft, and TiProtec were compared in a rat model of arterialized autologous jugular vein interposition grafting."", ""score"": 6.359786091458407, ""year"": ""2026"", ""source"": {""title"": ""Long-term outcomes of venous graft preservation in a rat autologous transplant model."", ""pmid"": ""42243381"", ""doi"": ""10.1038/s41598-026-55596-5"", ""url"": ""https://pmc.ncbi.nlm.nih.gov/articles/PMC13236969/"", ""journal"": """", ""year"": ""2026"", ""authors"": ""Santander MJ, Mardus A, Kensah G, Voigt N, Danner BC, Stojanovic T, El-Essawi A, Baraki H, Kutschka I, Jebran AF.""}, ""ext_id"": ""42243381"", ""doi"": ""10.1038/s41598-026-55596-5"", ""authors"": ""Santander MJ, Mardus A, Kensah G, Voigt N, Danner BC, Stojanovic T, El-Essawi A, Baraki H, Kutschka I, Jebran AF."", ""journal"": """", ""url"": ""https://pmc.ncbi.nlm.nih.gov/articles/PMC13236969/"", ""score_components"": {}}, {""citation_id"": 4, ""title"": ""Effect of Long-Term Freezing on Indirect Fluorescent Antibody Titers for the Diagnosis of Equine Protozoal Myeloencephalitis."", ""evidence_text"": ""neurona after 6-12, 13-18, or 19-24 months compared with their original fresh testing results. However, the serum to CSF ratio cutoff of ≤ 64 in support of disease changed in 41% (19 of 46) of paired samples.Conclusions and clinical importance. Freezing samples at -80°C for more than 18 months might alter test results, leading to possible changes in serum to CSF ratio calculations and affecting the interpretation of results for clinical and research purposes."", ""score"": 6.307834073494751, ""year"": ""2025"", ""source"": {""title"": ""Effect of Long-Term Freezing on Indirect Fluorescent Antibody Titers for the Diagnosis of Equine Protozoal Myeloencephalitis."", ""pmid"": ""40873183"", ""doi"": ""10.1111/jvim.70225"", ""url"": ""https://pmc.ncbi.nlm.nih.gov/articles/PMC12391721/"", ""journal"": """", ""year"": ""2025"", ""authors"": ""Valderrama-Martinez C, Packham A, Smith W, Mendoza-Flores JE, Zheng S, Chigerwe M, Plancarte M, Aleman M.""}, ""ext_id"": ""40873183"", ""doi"": ""10.1111/jvim.70225"", ""authors"": ""Valderrama-Martinez C, Packham A, Smith W, Mendoza-Flores JE, Zheng S, Chigerwe M, Plancarte M, Aleman M."", ""journal"": """", ""url"": ""https://pmc.ncbi.nlm.nih.gov/articles/PMC12391721/"", ""score_components"": {}}, {""citation_id"": 5, ""title"": ""Long-Term Survival Advantage of Reoperative Surgical Mitral Valve Replacement Over Transcatheter Mitral Valve-in-Valve: A Multicenter Cohort."", ""evidence_text"": ""Although transcatheter mitral valve-in-valve replacement (mViV) is safe, long-term outcomes compared with reoperative surgical mitral valve replacement (rSMVR) remains unknown. This study compared long-term outcomes between mViV and rSMVR in patients with failing mitral bioprostheses.Methods. This retrospective, cohort study analyzed patients undergoing mViV or rSMVR for failing bioprosthetic mitral valves without active endocarditis at 2 quaternary care centers from 2004 to 2023."", ""score"": 6.284340786124809, ""year"": ""2028"", ""source"": {""title"": ""Long-Term Survival Advantage of Reoperative Surgical Mitral Valve Replacement Over Transcatheter Mitral Valve-in-Valve: A Multicenter Cohort."", ""pmid"": ""41995635"", ""doi"": ""10.1016/j.athoracsur.2026.03.032"", ""url"": ""https://pubmed.ncbi.nlm.nih.gov/41995635/"", ""journal"": """", ""year"": ""2028"", ""authors"": ""Won D, Bolling SF, Romano MA, Johnston DR, Ailawadi G, Mehta CK, Baldridge AS, An S, Kruse J, Byrd H, Green C, Malaisrie SC.""}, ""ext_id"": ""41995635"", ""doi"": ""10.1016/j.athoracsur.2026.03.032"", ""authors"": ""Won D, Bolling SF, Romano MA, Johnston DR, Ailawadi G, Mehta CK, Baldridge AS, An S, Kruse J, Byrd H, Green C, Malaisrie SC."", ""journal"": """", ""url"": ""https://pubmed.ncbi.nlm.nih.gov/41995635/"", ""score_components"": {}}]",ok,,
BQ018,Do plasma and serum metabolomic profiles depend on pre-analytical factors such as processing delay and freeze-thaw cycles?,"Yes. Stevens et al. reviewed pre-analytical factors in metabolomic studies and concluded that plasma and serum metabolomic profiles are affected by factors including fasting status, hemolysis, collection time, processing delays, especially at room temperature, and repeated freeze-thaw cycles.","[""plasma and serum metabolomic profiles are affected by pre-analytical factors"", ""processing delays are especially important at room temperature"", ""repeated freeze-thaw cycles can alter metabolomic findings"", ""hemolysis and collection time are also relevant factors""]",Evidence-based draft benchmark row. Use for development/testing; later verify with supervisor/domain expert.,ranker_lexical,lexical,"(TITLE_ABS:""Do plasma and serum metabolomic profiles depend on pre-analytical factors such as processing delay and freeze-thaw cycles?"") OR (TITLE_ABS:(plasma AND processing AND serum)) OR (TITLE_ABS:(plasma AND processing AND serum AND metabolomic)) OR (TITLE_ABS:(""processing delay"" OR plasma OR ""blood plasma"" OR serum OR ""blood serum"" OR metabolomic OR profiles OR depend OR ""pre-analytical"" OR factors OR such OR processing OR delayed OR delay OR ""delayed processing"" OR ""freeze-thaw"" OR cycles)) OR (TITLE_ABS:(plasma OR serum OR metabolomic OR profiles OR depend OR ""pre-analytical"" OR factors OR such OR processing OR delay))","[""plasma"", ""serum"", ""metabolomic"", ""profiles"", ""depend"", ""pre-analytical"", ""factors"", ""such"", ""processing"", ""delay"", ""freeze-thaw"", ""cycles""]",8,90,5,5,"[1] A strong correlation was found between serum, plasma, and CSF CHI3L1 levels. Serum CHI3L1 levels remained stable with delayed processing up to 6 hours and for up to three freeze-thaw cycles. Monocytes, particularly classical monocytes (CD14 ++ CD16 - cells), were identified as the main producers of CHI3L1 in PBMCs.Conclusions.
Source: Impact of preanalytical factors on blood CHI3L1 levels.. 2025. PMID: 41704533. DOI: 10.3389/fimmu.2025.1720914

[2] PAVs included storage temperature, processing delay, centrifugation speed, storage tube type, freeze-thaw cycles, and blood contamination. Protein abundance was quantified using SomaScan. Selected analytes were further evaluated using orthogonal immunoassays.
Source: The effect of preanalytical factors on cerebrospinal fluid and plasma proteomics: a systematic experimental study.. 2026. PMID: 42174445. DOI: 10.1186/s12014-026-09604-5

[3] The remaining cytokine concentrations were significantly impacted by processing delay and storage temperature, with changes evident as early as 3 hours and more pronounced at 24 and 48 hours ( p < 0.05). Storing blood at 4°C generally mitigated changes compared to room temperature, but analyte-specific and matrix-dependent variations persisted.Conclusion. These findings emphasize delayed processing significantly alters cytokine levels, highlighting the importance of prompt, standardized processing and careful consideration of pre-analytical factors for reliable cytokine quantitation in clinical studies.
Source: Effect of delayed blood centrifugation on cytokine quantitation in serum and plasma.. 2025. PMID: 40791022. DOI: 10.1080/17576180.2025.2544521

[4] wild-type) and homologous recombination deficiency (HRD) status. Conclusions: The analysis revealed significant variation in specific metabolites such as betaine, creatinine, carnitine, glycerol, and mannose; notably, a downregulation of these metabolites was observed in HRD-positive patients. The study identifies significant metabolomic alterations in OC, implicating pathways such as purine salvage and ketone bodies.
Source: Metabolomics Plasma Biomarkers Associated with the HRD Phenotype in Ovarian Cancer.. 2025. PMID: 41590609. DOI: 10.3390/metabo16010002

[5] However, given the viscoelastic nature of this biofluid its analysis is challenging. Indeed, the lack of standardised pre-analytical processing protocols for synovial fluid metabolomics potentially introduces significant variability that can compromise data reliability and hinder the application/interpretation of results. This study systematically assesses how common sample handling variables including sample dilution, freeze-thaw cycling, blood staining and viscosity reduction ( via hyaluronidase digestion and bead beating) affect the metabolomic profile of synovial fluid.
Source: Systematic evaluation of pre-analytical variables on synovial fluid metabolomic profiles using GC-ToF-MS and UHPLC-MS.. 2026. PMID: 41563355. DOI: 10.1039/d5an00943j","[{""citation_id"": 1, ""title"": ""Impact of preanalytical factors on blood CHI3L1 levels."", ""evidence_text"": ""A strong correlation was found between serum, plasma, and CSF CHI3L1 levels. Serum CHI3L1 levels remained stable with delayed processing up to 6 hours and for up to three freeze-thaw cycles. Monocytes, particularly classical monocytes (CD14 ++ CD16 - cells), were identified as the main producers of CHI3L1 in PBMCs.Conclusions."", ""score"": 9.678776074324224, ""year"": ""2025"", ""source"": {""title"": ""Impact of preanalytical factors on blood CHI3L1 levels."", ""pmid"": ""41704533"", ""doi"": ""10.3389/fimmu.2025.1720914"", ""url"": ""https://pmc.ncbi.nlm.nih.gov/articles/PMC12907172/"", ""journal"": """", ""year"": ""2025"", ""authors"": ""Comabella M, Gutierrez L, Castillo M, Villar LM, Eixarch H, La Puma D, Aroca M, Vilaseca A, Montalban X, Fissolo N.""}, ""ext_id"": ""41704533"", ""doi"": ""10.3389/fimmu.2025.1720914"", ""authors"": ""Comabella M, Gutierrez L, Castillo M, Villar LM, Eixarch H, La Puma D, Aroca M, Vilaseca A, Montalban X, Fissolo N."", ""journal"": """", ""url"": ""https://pmc.ncbi.nlm.nih.gov/articles/PMC12907172/"", ""score_components"": {}}, {""citation_id"": 2, ""title"": ""The effect of preanalytical factors on cerebrospinal fluid and plasma proteomics: a systematic experimental study."", ""evidence_text"": ""PAVs included storage temperature, processing delay, centrifugation speed, storage tube type, freeze-thaw cycles, and blood contamination. Protein abundance was quantified using SomaScan. Selected analytes were further evaluated using orthogonal immunoassays."", ""score"": 9.185698136615521, ""year"": ""2026"", ""source"": {""title"": ""The effect of preanalytical factors on cerebrospinal fluid and plasma proteomics: a systematic experimental study."", ""pmid"": ""42174445"", ""doi"": ""10.1186/s12014-026-09604-5"", ""url"": ""https://pubmed.ncbi.nlm.nih.gov/42174445/"", ""journal"": """", ""year"": ""2026"", ""authors"": ""Tatsumi M, Miyakawa T, Enokida T, Kaneko H, Saito K, Hidese S, Takahashi Y, Goto Y, Kunugi H, Hattori K.""}, ""ext_id"": ""42174445"", ""doi"": ""10.1186/s12014-026-09604-5"", ""authors"": ""Tatsumi M, Miyakawa T, Enokida T, Kaneko H, Saito K, Hidese S, Takahashi Y, Goto Y, Kunugi H, Hattori K."", ""journal"": """", ""url"": ""https://pubmed.ncbi.nlm.nih.gov/42174445/"", ""score_components"": {}}, {""citation_id"": 3, ""title"": ""Effect of delayed blood centrifugation on cytokine quantitation in serum and plasma."", ""evidence_text"": ""The remaining cytokine concentrations were significantly impacted by processing delay and storage temperature, with changes evident as early as 3 hours and more pronounced at 24 and 48 hours ( p < 0.05). Storing blood at 4°C generally mitigated changes compared to room temperature, but analyte-specific and matrix-dependent variations persisted.Conclusion. These findings emphasize delayed processing significantly alters cytokine levels, highlighting the importance of prompt, standardized processing and careful consideration of pre-analytical factors for reliable cytokine quantitation in clinical studies."", ""score"": 8.953401780132126, ""year"": ""2025"", ""source"": {""title"": ""Effect of delayed blood centrifugation on cytokine quantitation in serum and plasma."", ""pmid"": ""40791022"", ""doi"": ""10.1080/17576180.2025.2544521"", ""url"": ""https://pubmed.ncbi.nlm.nih.gov/40791022/"", ""journal"": """", ""year"": ""2025"", ""authors"": ""Yang X, Arceo T, Fischer SK.""}, ""ext_id"": ""40791022"", ""doi"": ""10.1080/17576180.2025.2544521"", ""authors"": ""Yang X, Arceo T, Fischer SK."", ""journal"": """", ""url"": ""https://pubmed.ncbi.nlm.nih.gov/40791022/"", ""score_components"": {}}, {""citation_id"": 4, ""title"": ""Metabolomics Plasma Biomarkers Associated with the HRD Phenotype in Ovarian Cancer."", ""evidence_text"": ""wild-type) and homologous recombination deficiency (HRD) status. Conclusions: The analysis revealed significant variation in specific metabolites such as betaine, creatinine, carnitine, glycerol, and mannose; notably, a downregulation of these metabolites was observed in HRD-positive patients. The study identifies significant metabolomic alterations in OC, implicating pathways such as purine salvage and ketone bodies."", ""score"": 8.228513000777813, ""year"": ""2025"", ""source"": {""title"": ""Metabolomics Plasma Biomarkers Associated with the HRD Phenotype in Ovarian Cancer."", ""pmid"": ""41590609"", ""doi"": ""10.3390/metabo16010002"", ""url"": ""https://pmc.ncbi.nlm.nih.gov/articles/PMC12843699/"", ""journal"": """", ""year"": ""2025"", ""authors"": ""Tubita A, De Angelis C, Grasso D, Sorbi F, Castiglione F, Anela L, Petrella MC, Fambrini M, Scolari F, Bernini A, Petroni G, Pillozzi S, Antonuzzo L.""}, ""ext_id"": ""41590609"", ""doi"": ""10.3390/metabo16010002"", ""authors"": ""Tubita A, De Angelis C, Grasso D, Sorbi F, Castiglione F, Anela L, Petrella MC, Fambrini M, Scolari F, Bernini A, Petroni G, Pillozzi S, Antonuzzo L."", ""journal"": """", ""url"": ""https://pmc.ncbi.nlm.nih.gov/articles/PMC12843699/"", ""score_components"": {}}, {""citation_id"": 5, ""title"": ""Systematic evaluation of pre-analytical variables on synovial fluid metabolomic profiles using GC-ToF-MS and UHPLC-MS."", ""evidence_text"": ""However, given the viscoelastic nature of this biofluid its analysis is challenging. Indeed, the lack of standardised pre-analytical processing protocols for synovial fluid metabolomics potentially introduces significant variability that can compromise data reliability and hinder the application/interpretation of results. This study systematically assesses how common sample handling variables including sample dilution, freeze-thaw cycling, blood staining and viscosity reduction ( via hyaluronidase digestion and bead beating) affect the metabolomic profile of synovial fluid."", ""score"": 7.366566739183265, ""year"": ""2026"", ""source"": {""title"": ""Systematic evaluation of pre-analytical variables on synovial fluid metabolomic profiles using GC-ToF-MS and UHPLC-MS."", ""pmid"": ""41563355"", ""doi"": ""10.1039/d5an00943j"", ""url"": ""https://pmc.ncbi.nlm.nih.gov/articles/PMC12822660/"", ""journal"": """", ""year"": ""2026"", ""authors"": ""Ladha Y, Burke A, Gotts N, Goodacre R, Wright K, Perry J, Hulme CH.""}, ""ext_id"": ""41563355"", ""doi"": ""10.1039/d5an00943j"", ""authors"": ""Ladha Y, Burke A, Gotts N, Goodacre R, Wright K, Perry J, Hulme CH."", ""journal"": """", ""url"": ""https://pmc.ncbi.nlm.nih.gov/articles/PMC12822660/"", ""score_components"": {}}]",ok,,
BQ019,Can multiple freeze-thaw cycles alter urine metabolomic findings?,"Yes. Stevens et al. reported that urine metabolomic findings can be altered by several pre-analytical factors, including collection time, fasting, centrifugation conditions, filtration/additives, normalization procedures, and multiple freeze-thaw cycles.","[""urine metabolomic findings can be altered by multiple freeze-thaw cycles"", ""urine collection time and fasting can affect results"", ""centrifugation conditions and filtration or additives matter"", ""normalization procedures are also relevant""]",Evidence-based draft benchmark row. Use for development/testing; later verify with supervisor/domain expert.,ranker_lexical,lexical,"(TITLE_ABS:""Can multiple freeze-thaw cycles alter urine metabolomic findings?"") OR (TITLE_ABS:(urine AND multiple AND ""freeze-thaw"")) OR (TITLE_ABS:(urine AND multiple AND ""freeze-thaw"" AND cycles)) OR (TITLE_ABS:(multiple OR ""freeze-thaw"" OR cycles OR alter OR urine OR metabolomic OR findings))","[""multiple"", ""freeze-thaw"", ""cycles"", ""alter"", ""urine"", ""metabolomic"", ""findings""]",8,69,5,5,"[1] The findings can provide a theoretical reference for the long-term stability assessment and disaster early warning of geotechnical engineering in short-term freeze-thaw regions.
Source: Creep Characteristics and Damage Constitutive Model of White Sandstone Under Short-Term Freeze-Thaw Cycles.. 2026. PMID: 42195789. DOI: 10.3390/ma19102150

[2] Metabolomic analysis discriminated among fresh, AMF-, and ABF-treated shrimp, identifying oligopeptides (e.g., glutathione) and biogenic amines as key differential metabolites. These findings highlight the cryoprotective role of AMF and its potential to maintain high-quality frozen shrimp.
Source: Alternating magnetic field-assisted freezing enhances the freeze-thaw stability of Pacific white shrimp (Litopenaeus vannamei): Evidence from physicochemical and metabolomic analyses.. 2026. PMID: 41655493. DOI: 10.1016/j.foodchem.2026.148295

[3] Biological samples are often frozen and stored for years and/or thawed multiple times, thus assessing their stability on long-term storage and repeated freeze-thaw cycles is crucial. The study aims were to assess:-the long-term stability of two major enzymatic and non-enzymatic metabolites of arachidonic acid, i.e. urinary 11-dehydro-thromboxane-(Tx) B 2, 8-iso-prostaglandin (PG)F 2α, and creatinine in frozen urine samples;-the effect of multiple freeze-thaw cycles.
Source: Effect of very long-term storage and multiple freeze and thaw cycles on 11-dehydro-thromboxane-B 2 and 8-iso-prostaglandin F 2α, levels in human urine samples by validated enzyme immunoassays.. 2024. PMID: 38448541. DOI: 10.1038/s41598-024-55720-3

[4] Notably, this transformation occurred only in urine and not in phosphate-buffered saline, suggesting a urine-specific mechanism. These findings highlight the importance of compound-specific preservation strategies. In scenarios where analyte identity or sample pH cannot be verified promptly, immediate refrigeration or freezing (ideally at -20°C), along with minimizing freeze-thaw cycles, is strongly recommended to preserve sample integrity and ensure reliable toxicological interpretation.
Source: Stability of 22 sedative-type drugs and metabolites in human urine under variable pH, temperature, and freeze-thaw conditions.. 2026. PMID: 41208041. DOI: 10.1093/jat/bkaf100

[5] These findings demonstrate that urine exposure affects sperm motility, DNA integrity, and methylation levels of some imprinting genes. These effects intensify over time. In contrast, the freeze-thaw process impacts only sperm motility.
Source: Combined effects of urine exposure and cryopreservation on sperm quality: an in vitro study of retrograde ejaculation.. 2026. PMID: 42169621. DOI: 10.4103/aja20265","[{""citation_id"": 1, ""title"": ""Creep Characteristics and Damage Constitutive Model of White Sandstone Under Short-Term Freeze-Thaw Cycles."", ""evidence_text"": ""The findings can provide a theoretical reference for the long-term stability assessment and disaster early warning of geotechnical engineering in short-term freeze-thaw regions."", ""score"": 6.707599603918556, ""year"": ""2026"", ""source"": {""title"": ""Creep Characteristics and Damage Constitutive Model of White Sandstone Under Short-Term Freeze-Thaw Cycles."", ""pmid"": ""42195789"", ""doi"": ""10.3390/ma19102150"", ""url"": ""https://pmc.ncbi.nlm.nih.gov/articles/PMC13208524/"", ""journal"": """", ""year"": ""2026"", ""authors"": ""Zhang H, Li Y, Zeng P, Zhao K, Shen D, Yang X.""}, ""ext_id"": ""42195789"", ""doi"": ""10.3390/ma19102150"", ""authors"": ""Zhang H, Li Y, Zeng P, Zhao K, Shen D, Yang X."", ""journal"": """", ""url"": ""https://pmc.ncbi.nlm.nih.gov/articles/PMC13208524/"", ""score_components"": {}}, {""citation_id"": 2, ""title"": ""Alternating magnetic field-assisted freezing enhances the freeze-thaw stability of Pacific white shrimp (Litopenaeus vannamei): Evidence from physicochemical and metabolomic analyses."", ""evidence_text"": ""Metabolomic analysis discriminated among fresh, AMF-, and ABF-treated shrimp, identifying oligopeptides (e.g., glutathione) and biogenic amines as key differential metabolites. These findings highlight the cryoprotective role of AMF and its potential to maintain high-quality frozen shrimp."", ""score"": 5.530878616079541, ""year"": ""2026"", ""source"": {""title"": ""Alternating magnetic field-assisted freezing enhances the freeze-thaw stability of Pacific white shrimp (Litopenaeus vannamei): Evidence from physicochemical and metabolomic analyses."", ""pmid"": ""41655493"", ""doi"": ""10.1016/j.foodchem.2026.148295"", ""url"": ""https://pubmed.ncbi.nlm.nih.gov/41655493/"", ""journal"": """", ""year"": ""2026"", ""authors"": ""Guan X, Wang J, Feng Z, Duan Z, Zhang L, Li Y, Feng A, Li C, Hong H, Li Q.""}, ""ext_id"": ""41655493"", ""doi"": ""10.1016/j.foodchem.2026.148295"", ""authors"": ""Guan X, Wang J, Feng Z, Duan Z, Zhang L, Li Y, Feng A, Li C, Hong H, Li Q."", ""journal"": """", ""url"": ""https://pubmed.ncbi.nlm.nih.gov/41655493/"", ""score_components"": {}}, {""citation_id"": 3, ""title"": ""Effect of very long-term storage and multiple freeze and thaw cycles on 11-dehydro-thromboxane-B 2 and 8-iso-prostaglandin F 2α, levels in human urine samples by validated enzyme immunoassays."", ""evidence_text"": ""Biological samples are often frozen and stored for years and/or thawed multiple times, thus assessing their stability on long-term storage and repeated freeze-thaw cycles is crucial. The study aims were to assess:-the long-term stability of two major enzymatic and non-enzymatic metabolites of arachidonic acid, i.e. urinary 11-dehydro-thromboxane-(Tx) B 2, 8-iso-prostaglandin (PG)F 2α, and creatinine in frozen urine samples;-the effect of multiple freeze-thaw cycles."", ""score"": 5.134642714380464, ""year"": ""2024"", ""source"": {""title"": ""Effect of very long-term storage and multiple freeze and thaw cycles on 11-dehydro-thromboxane-B 2 and 8-iso-prostaglandin F 2α, levels in human urine samples by validated enzyme immunoassays."", ""pmid"": ""38448541"", ""doi"": ""10.1038/s41598-024-55720-3"", ""url"": ""https://pmc.ncbi.nlm.nih.gov/articles/PMC10917770/"", ""journal"": """", ""year"": ""2024"", ""authors"": ""Petrucci G, Hatem D, Langley R, Cleary S, Gentry-Maharaj A, Pitocco D, Rizzi A, Ranalli P, Zaccardi F, Habib A, Rocca B.""}, ""ext_id"": ""38448541"", ""doi"": ""10.1038/s41598-024-55720-3"", ""authors"": ""Petrucci G, Hatem D, Langley R, Cleary S, Gentry-Maharaj A, Pitocco D, Rizzi A, Ranalli P, Zaccardi F, Habib A, Rocca B."", ""journal"": """", ""url"": ""https://pmc.ncbi.nlm.nih.gov/articles/PMC10917770/"", ""score_components"": {}}, {""citation_id"": 4, ""title"": ""Stability of 22 sedative-type drugs and metabolites in human urine under variable pH, temperature, and freeze-thaw conditions."", ""evidence_text"": ""Notably, this transformation occurred only in urine and not in phosphate-buffered saline, suggesting a urine-specific mechanism. These findings highlight the importance of compound-specific preservation strategies. In scenarios where analyte identity or sample pH cannot be verified promptly, immediate refrigeration or freezing (ideally at -20°C), along with minimizing freeze-thaw cycles, is strongly recommended to preserve sample integrity and ensure reliable toxicological interpretation."", ""score"": 3.336735258127777, ""year"": ""2026"", ""source"": {""title"": ""Stability of 22 sedative-type drugs and metabolites in human urine under variable pH, temperature, and freeze-thaw conditions."", ""pmid"": ""41208041"", ""doi"": ""10.1093/jat/bkaf100"", ""url"": ""https://pubmed.ncbi.nlm.nih.gov/41208041/"", ""journal"": """", ""year"": ""2026"", ""authors"": ""Yang FS, Jian SH, Lee YC, Lan YS, Tseng LP, Lee YH, Chiu YC, Lin YC.""}, ""ext_id"": ""41208041"", ""doi"": ""10.1093/jat/bkaf100"", ""authors"": ""Yang FS, Jian SH, Lee YC, Lan YS, Tseng LP, Lee YH, Chiu YC, Lin YC."", ""journal"": """", ""url"": ""https://pubmed.ncbi.nlm.nih.gov/41208041/"", ""score_components"": {}}, {""citation_id"": 5, ""title"": ""Combined effects of urine exposure and cryopreservation on sperm quality: an in vitro study of retrograde ejaculation."", ""evidence_text"": ""These findings demonstrate that urine exposure affects sperm motility, DNA integrity, and methylation levels of some imprinting genes. These effects intensify over time. In contrast, the freeze-thaw process impacts only sperm motility."", ""score"": 3.3192757709712852, ""year"": ""2026"", ""source"": {""title"": ""Combined effects of urine exposure and cryopreservation on sperm quality: an in vitro study of retrograde ejaculation."", ""pmid"": ""42169621"", ""doi"": ""10.4103/aja20265"", ""url"": ""https://pubmed.ncbi.nlm.nih.gov/42169621/"", ""journal"": """", ""year"": ""2026"", ""authors"": ""Liang MJ, Li QY, Pang T, Liu H, Wang QL, Zhou YY, Zhuang JM, Zhang Y.""}, ""ext_id"": ""42169621"", ""doi"": ""10.4103/aja20265"", ""authors"": ""Liang MJ, Li QY, Pang T, Liu H, Wang QL, Zhou YY, Zhuang JM, Zhang Y."", ""journal"": """", ""url"": ""https://pubmed.ncbi.nlm.nih.gov/42169621/"", ""score_components"": {}}]",ok,,
BQ020,"Does one freeze-thaw cycle after storage at minus 70 degrees Celsius meaningfully affect common nutritional, NCD, and inflammatory biomarkers in serum?","In the Abraham et al. study, a single freeze-thaw cycle after one month of storage at −70 °C had minimal effect on the studied nutritional, noncommunicable disease, and inflammatory biomarkers. Some analytes differed statistically from baseline, but all changes were within acceptable total allowable error limits.","[""a single freeze-thaw cycle was tested after storage at minus 70 degrees Celsius for one month"", ""13 nutritional, NCD, and inflammatory biomarkers were studied"", ""several analytes differed statistically from baseline"", ""all observed changes were within acceptable total allowable error limits"", ""the overall effect was considered minimal""]",Evidence-based draft benchmark row. Use for development/testing; later verify with supervisor/domain expert.,ranker_lexical,lexical,"(TITLE_ABS:""Does one freeze-thaw cycle after storage at minus 70 degrees Celsius meaningfully affect common nutritional, NCD, and inflammatory biomarkers in serum?"") OR (TITLE_ABS:(serum AND storage AND one)) OR (TITLE_ABS:(serum AND storage AND one AND ""freeze-thaw"")) OR (TITLE_ABS:(one OR ""freeze-thaw"" OR cycle OR storage OR stored OR ""sample storage"" OR minus OR meaningfully OR common OR nutritional OR ncd OR inflammatory OR biomarkers OR serum OR ""blood serum"")) OR (TITLE_ABS:(one OR ""freeze-thaw"" OR cycle OR storage OR minus OR meaningfully OR common OR nutritional OR ncd OR inflammatory))","[""one"", ""freeze-thaw"", ""cycle"", ""storage"", ""minus"", ""meaningfully"", ""common"", ""nutritional"", ""ncd"", ""inflammatory"", ""biomarkers"", ""serum""]",8,83,5,5,"[1] A chicken-specific SAA ELISA kit was used for the measurements. Statistical analysis was performed using SPSS, and the Kruskal-Wallis test and Spearman's correlation coefficient were applied, with statistical significance set at P 10% was observed after the fourth cycle in four out of six samples. However, one to three freeze-thaw cycles did not result in a significant decline.
Source: A preliminary study on effects of storage time and repeated freezing-thawing on the stability of avian serum amyloid A.. 2024. PMID: 39223651. DOI: 10.1186/s13028-024-00764-8

[2] Validation of biomarkers for clinical diagnostics requires high-quality samples and standardized protocols. This study investigated the effect of a single freeze-and-thaw (FT) cycle on the quality of liquid nitrogen-stored clinical serum samples. Using mass spectrometry, serum protein abundance was analyzed in a human test cohort of 99 samples and a validation cohort 109 samples.
Source: Impact of single freeze-thaw cycles on human serum proteins: Implications for mass spectrometry biomarker validation.. 2026. PMID: 42205694. DOI: 10.1016/j.isci.2026.115934

[3] One aliquot was immediately frozen at - 80 °C (T0), three were stored at 2-8 °C for 48, 96, and 168 hours before freezing, and one underwent a double freeze-thaw cycle. Urinary PlGF concentrations were measured using the Elecsys PlGF immunoassay on Roche Cobas e801 analyzer. Percent degradation (PD%) was calculated relative to baseline.
Source: Urinary placental growth factor stability as a critical factor in the reliability of preeclampsia diagnosis.. 2026. PMID: 41971513. DOI: 10.11613/bm.2026.020701

[4] Diagnosing and identifying the type of porphyria in a patient requires specialist analysis of porphyrins and/or precursors in blood, urine and faeces. Correct sample storage and handling prior to analysis is essential to minimise preanalytical error.We evaluated the impact of light exposure, time and temperature on erythrocyte and plasma porphyrins in samples from patients with erythropoietic protoporphyria (EPP) and porphyria cutanea tarda (PCT) stored as whole blood for up to 96 hours, and in addition, the effect of freeze-thaw on plasma porphyrins in EPP, PCT and hereditary coproporphyria patient samples.Plasma porphyrins in the EPP patient samples decreased on average by 19% after 6 hours despite light protection and fridge storage, 36% by 24 hours stored light protected at room temperature, 67% within 1 hour when light exposed and 33% after one freeze-thaw cycle. In contrast, plasma porphyrin in PCT samples demonstrated greater stability compared to the EPP samples when stored light protected or exposed at room temperature and during freeze-thaw.
Source: Stability of plasma and erythrocyte porphyrins: implications for diagnosis and monitoring of erythropoietic protoporphyria.. 2026. PMID: 41162157. DOI: 10.1136/jcp-2025-210393

[5] To identify metabolites and lipids most susceptible to be affected by post-centrifugation storage time and a single additional freeze-thaw cycle in EDTA plasma from hospitalized patients.Methods. EDTA plasma samples from 20 patients acutely hospitalized in a medical ward were collected (K2EDTA, 5 mL, with gel) and stored at 4 °C for 0, 24, and 72 h post-centrifugation. All samples underwent one additional freeze-thaw cycle and were analyzed using global liquid chromatography-mass spectrometry (LC-MS) metabolomics and lipidomics.Results.
Source: Metabolic and lipidomic stability in EDTA plasma from hospitalized patients: impact of refrigerated storage time and additional freeze-thaw cycle.. 2026. PMID: 42024200. DOI: 10.1007/s11306-026-02428-2","[{""citation_id"": 1, ""title"": ""A preliminary study on effects of storage time and repeated freezing-thawing on the stability of avian serum amyloid A."", ""evidence_text"": ""A chicken-specific SAA ELISA kit was used for the measurements. Statistical analysis was performed using SPSS, and the Kruskal-Wallis test and Spearman's correlation coefficient were applied, with statistical significance set at P 10% was observed after the fourth cycle in four out of six samples. However, one to three freeze-thaw cycles did not result in a significant decline."", ""score"": 7.677524031404244, ""year"": ""2024"", ""source"": {""title"": ""A preliminary study on effects of storage time and repeated freezing-thawing on the stability of avian serum amyloid A."", ""pmid"": ""39223651"", ""doi"": ""10.1186/s13028-024-00764-8"", ""url"": ""https://pmc.ncbi.nlm.nih.gov/articles/PMC11367771/"", ""journal"": """", ""year"": ""2024"", ""authors"": ""Rhim H, Kwag C, Han JI.""}, ""ext_id"": ""39223651"", ""doi"": ""10.1186/s13028-024-00764-8"", ""authors"": ""Rhim H, Kwag C, Han JI."", ""journal"": """", ""url"": ""https://pmc.ncbi.nlm.nih.gov/articles/PMC11367771/"", ""score_components"": {}}, {""citation_id"": 2, ""title"": ""Impact of single freeze-thaw cycles on human serum proteins: Implications for mass spectrometry biomarker validation."", ""evidence_text"": ""Validation of biomarkers for clinical diagnostics requires high-quality samples and standardized protocols. This study investigated the effect of a single freeze-and-thaw (FT) cycle on the quality of liquid nitrogen-stored clinical serum samples. Using mass spectrometry, serum protein abundance was analyzed in a human test cohort of 99 samples and a validation cohort 109 samples."", ""score"": 6.40536664385011, ""year"": ""2026"", ""source"": {""title"": ""Impact of single freeze-thaw cycles on human serum proteins: Implications for mass spectrometry biomarker validation."", ""pmid"": ""42205694"", ""doi"": ""10.1016/j.isci.2026.115934"", ""url"": ""https://pmc.ncbi.nlm.nih.gov/articles/PMC13206734/"", ""journal"": """", ""year"": ""2026"", ""authors"": ""Sauer T, Oberländer M, Maushagen R, Radloff H, Braun R, Honselmann K, Wellner U, Habermann J, Benecke C, Keck T, Szymczak S, Gemoll T.""}, ""ext_id"": ""42205694"", ""doi"": ""10.1016/j.isci.2026.115934"", ""authors"": ""Sauer T, Oberländer M, Maushagen R, Radloff H, Braun R, Honselmann K, Wellner U, Habermann J, Benecke C, Keck T, Szymczak S, Gemoll T."", ""journal"": """", ""url"": ""https://pmc.ncbi.nlm.nih.gov/articles/PMC13206734/"", ""score_components"": {}}, {""citation_id"": 3, ""title"": ""Urinary placental growth factor stability as a critical factor in the reliability of preeclampsia diagnosis."", ""evidence_text"": ""One aliquot was immediately frozen at - 80 °C (T0), three were stored at 2-8 °C for 48, 96, and 168 hours before freezing, and one underwent a double freeze-thaw cycle. Urinary PlGF concentrations were measured using the Elecsys PlGF immunoassay on Roche Cobas e801 analyzer. Percent degradation (PD%) was calculated relative to baseline."", ""score"": 6.193162657122482, ""year"": ""2026"", ""source"": {""title"": ""Urinary placental growth factor stability as a critical factor in the reliability of preeclampsia diagnosis."", ""pmid"": ""41971513"", ""doi"": ""10.11613/bm.2026.020701"", ""url"": ""https://pmc.ncbi.nlm.nih.gov/articles/PMC13067898/"", ""journal"": """", ""year"": ""2026"", ""authors"": ""Martinez-Marzo E, Peran M, Lerma-Irureta J, Medel-Martinez A, Paules C, Oros D, Fabre M.""}, ""ext_id"": ""41971513"", ""doi"": ""10.11613/bm.2026.020701"", ""authors"": ""Martinez-Marzo E, Peran M, Lerma-Irureta J, Medel-Martinez A, Paules C, Oros D, Fabre M."", ""journal"": """", ""url"": ""https://pmc.ncbi.nlm.nih.gov/articles/PMC13067898/"", ""score_components"": {}}, {""citation_id"": 4, ""title"": ""Stability of plasma and erythrocyte porphyrins: implications for diagnosis and monitoring of erythropoietic protoporphyria."", ""evidence_text"": ""Diagnosing and identifying the type of porphyria in a patient requires specialist analysis of porphyrins and/or precursors in blood, urine and faeces. Correct sample storage and handling prior to analysis is essential to minimise preanalytical error.We evaluated the impact of light exposure, time and temperature on erythrocyte and plasma porphyrins in samples from patients with erythropoietic protoporphyria (EPP) and porphyria cutanea tarda (PCT) stored as whole blood for up to 96 hours, and in addition, the effect of freeze-thaw on plasma porphyrins in EPP, PCT and hereditary coproporphyria patient samples.Plasma porphyrins in the EPP patient samples decreased on average by 19% after 6 hours despite light protection and fridge storage, 36% by 24 hours stored light protected at room temperature, 67% within 1 hour when light exposed and 33% after one freeze-thaw cycle. In contrast, plasma porphyrin in PCT samples demonstrated greater stability compared to the EPP samples when stored light protected or exposed at room temperature and during freeze-thaw."", ""score"": 5.9395174393439305, ""year"": ""2026"", ""source"": {""title"": ""Stability of plasma and erythrocyte porphyrins: implications for diagnosis and monitoring of erythropoietic protoporphyria."", ""pmid"": ""41162157"", ""doi"": ""10.1136/jcp-2025-210393"", ""url"": ""https://pubmed.ncbi.nlm.nih.gov/41162157/"", ""journal"": """", ""year"": ""2026"", ""authors"": ""Schulenburg-Brand D, Maw K, Bentley LA, Challenger R, Jones M, Gallagher CJ.""}, ""ext_id"": ""41162157"", ""doi"": ""10.1136/jcp-2025-210393"", ""authors"": ""Schulenburg-Brand D, Maw K, Bentley LA, Challenger R, Jones M, Gallagher CJ."", ""journal"": """", ""url"": ""https://pubmed.ncbi.nlm.nih.gov/41162157/"", ""score_components"": {}}, {""citation_id"": 5, ""title"": ""Metabolic and lipidomic stability in EDTA plasma from hospitalized patients: impact of refrigerated storage time and additional freeze-thaw cycle."", ""evidence_text"": ""To identify metabolites and lipids most susceptible to be affected by post-centrifugation storage time and a single additional freeze-thaw cycle in EDTA plasma from hospitalized patients.Methods. EDTA plasma samples from 20 patients acutely hospitalized in a medical ward were collected (K2EDTA, 5 mL, with gel) and stored at 4 °C for 0, 24, and 72 h post-centrifugation. All samples underwent one additional freeze-thaw cycle and were analyzed using global liquid chromatography-mass spectrometry (LC-MS) metabolomics and lipidomics.Results."", ""score"": 5.923331165775117, ""year"": ""2026"", ""source"": {""title"": ""Metabolic and lipidomic stability in EDTA plasma from hospitalized patients: impact of refrigerated storage time and additional freeze-thaw cycle."", ""pmid"": ""42024200"", ""doi"": ""10.1007/s11306-026-02428-2"", ""url"": ""https://pmc.ncbi.nlm.nih.gov/articles/PMC13106266/"", ""journal"": """", ""year"": ""2026"", ""authors"": ""Guttorm SJT, Gukasyan L, Prebensen C, Karlsson NG, Holten AR, Kvale D, Rootwelt H, Elgstøen KBP, Amundsen EK.""}, ""ext_id"": ""42024200"", ""doi"": ""10.1007/s11306-026-02428-2"", ""authors"": ""Guttorm SJT, Gukasyan L, Prebensen C, Karlsson NG, Holten AR, Kvale D, Rootwelt H, Elgstøen KBP, Amundsen EK."", ""journal"": """", ""url"": ""https://pmc.ncbi.nlm.nih.gov/articles/PMC13106266/"", ""score_components"": {}}]",ok,,
