question_id,category,question,status,error,query_strategy,llm_model,llm_provider,llm_base_url,paperclip_ranking,paperclip_source,paperclip_full_corpus,retrieval_limit,query_sent,expansion_terms,retrieved_count,retrieved_documents,retrieved_document_ids,gold_documents,gold_document_ids,first_relevant_rank,hit_at_1,hit_at_3,hit_at_5,hit_at_10,reciprocal_rank,matched_document,match_type,matched_identifier,paperclip_result_id
Q001,Storage temperature and duration,Which group of metabolites stayed stable for at least 24 hours when uncentrifuged serum and plasma were kept either on cool packs or at room temperature?,success,,raw,,,,vector,"pmc,biorxiv,medrxiv,arxiv,abstracts_only",1,10,Which group of metabolites stayed stable for at least 24 hours when uncentrifuged serum and plasma were kept either on cool packs or at room temperature?,,10,1: Impact of Prolonged Blood Incubation and Extended Serum Storage at Room Temperature on the Human Serum Metabolome | 2: Targeted Metabolomics Identifies Reliable and Stable Metabolites in Human Serum and Plasma Samples | 3: Short-Term Stability of Serum and Liver Extracts for Untargeted Metabolomics and Lipidomics | 4: Effects of Long-Term Storage at −80 °C on the Human Plasma Metabolome | 5: Impact of Blood Collection Tubes and Sample Handling Time on Serum and Plasma Metabolome and Lipidome | 6: Metabolic and lipidomic stability in EDTA plasma from hospitalized patients: impact of refrigerated storage time and additional freeze—thaw cycle | 7: Stability of Metabolomic Content during Sample Preparation: Blood and Brain Tissues | 8: Pre-Analytical Sample Quality: Metabolite Ratios as an Intrinsic Marker for Prolonged Room Temperature Exposure of Serum Samples | 9: Isolated Effects of Plasma Freezing versus Thawing on Metabolite Stability | 10: Stability of targeted metabolite profiles of urine samples under different storage conditions,1: PMC5875996; doi:10.3390/metabo8010006 | 2: PMC3933650; doi:10.1371/journal.pone.0089728 | 3: PMC10215277; doi:10.3390/antiox12050986 | 4: PMC6572224; doi:10.3390/metabo9050099 | 5: PMC6316012; doi:10.3390/metabo8040088 | 6: PMC13106266; doi:10.1007/s11306-026-02428-2 | 7: PMC9505456; doi:10.3390/metabo12090811 | 8: PMC4379062; doi:10.1371/journal.pone.0121495 | 9: PMC9693613; doi:10.3390/metabo12111098 | 10: PMC5126183; doi:10.1007/s11306-016-1137-z,Targeted Metabolomics Identifies Reliable and Stable Metabolites in Human Serum and Plasma Samples,pmcid:PMC3933650,2,0,1,1,1,0.5,Targeted Metabolomics Identifies Reliable and Stable Metabolites in Human Serum and Plasma Samples,pmcid,PMC3933650,s_31ba8cf1
Q002,Freeze-thaw and frozen storage,How stable are serum metabolites after two freeze-thaw cycles?,success,,raw,,,,vector,"pmc,biorxiv,medrxiv,arxiv,abstracts_only",1,10,How stable are serum metabolites after two freeze-thaw cycles?,,10,1: Isolated Effects of Plasma Freezing versus Thawing on Metabolite Stability | 2: Targeted Metabolomics Identifies Reliable and Stable Metabolites in Human Serum and Plasma Samples | 3: Impact of Prolonged Blood Incubation and Extended Serum Storage at Room Temperature on the Human Serum Metabolome | 4: Short-Term Stability of Serum and Liver Extracts for Untargeted Metabolomics and Lipidomics | 5: Pre-Analytical Sample Quality: Metabolite Ratios as an Intrinsic Marker for Prolonged Room Temperature Exposure of Serum Samples | 6: Effects of Long-Term Storage at −80 °C on the Human Plasma Metabolome | 7: A Systematic Evaluation of Blood Serum and Plasma Pre-Analytics for Metabolomics Cohort Studies | 8: Metabolic and lipidomic stability in EDTA plasma from hospitalized patients: impact of refrigerated storage time and additional freeze—thaw cycle | 9: Stability of amino acids and related amines in human serum under different preprocessing and pre-storage conditions based on iTRAQ ® -LC-MS/MS | 10: Stability of targeted metabolite profiles of urine samples under different storage conditions,1: PMC9693613; doi:10.3390/metabo12111098 | 2: PMC3933650; doi:10.1371/journal.pone.0089728 | 3: PMC5875996; doi:10.3390/metabo8010006 | 4: PMC10215277; doi:10.3390/antiox12050986 | 5: PMC4379062; doi:10.1371/journal.pone.0121495 | 6: PMC6572224; doi:10.3390/metabo9050099 | 7: PMC5187835; doi:10.3390/ijms17122035 | 8: PMC13106266; doi:10.1007/s11306-026-02428-2 | 9: PMC7928226; doi:10.1242/bio.055020 | 10: PMC5126183; doi:10.1007/s11306-016-1137-z,Targeted Metabolomics Identifies Reliable and Stable Metabolites in Human Serum and Plasma Samples,pmcid:PMC3933650,2,0,1,1,1,0.5,Targeted Metabolomics Identifies Reliable and Stable Metabolites in Human Serum and Plasma Samples,pmcid,PMC3933650,s_bcd389e0
Q003,Pre-centrifugation delay and transport,How much does prolonged room-temperature handling before storage alter the serum metabolome?,success,,raw,,,,vector,"pmc,biorxiv,medrxiv,arxiv,abstracts_only",1,10,How much does prolonged room-temperature handling before storage alter the serum metabolome?,,10,"1: Impact of Prolonged Blood Incubation and Extended Serum Storage at Room Temperature on the Human Serum Metabolome | 2: Impact of Blood Collection Tubes and Sample Handling Time on Serum and Plasma Metabolome and Lipidome | 3: A Systematic Evaluation of Blood Serum and Plasma Pre-Analytics for Metabolomics Cohort Studies | 4: Effects of Long-Term Storage at −80 °C on the Human Plasma Metabolome | 5: Short-Term Stability of Serum and Liver Extracts for Untargeted Metabolomics and Lipidomics | 6: Pre-Analytical Sample Quality: Metabolite Ratios as an Intrinsic Marker for Prolonged Room Temperature Exposure of Serum Samples | 7: Targeted Metabolomics Identifies Reliable and Stable Metabolites in Human Serum and Plasma Samples | 8: Metabolic and lipidomic stability in EDTA plasma from hospitalized patients: impact of refrigerated storage time and additional freeze—thaw cycle | 9: Pre-Analytical Factors that Affect Metabolite Stability in Human Urine, Plasma, and Serum: A Review | 10: Isolated Effects of Plasma Freezing versus Thawing on Metabolite Stability",1: PMC5875996; doi:10.3390/metabo8010006 | 2: PMC6316012; doi:10.3390/metabo8040088 | 3: PMC5187835; doi:10.3390/ijms17122035 | 4: PMC6572224; doi:10.3390/metabo9050099 | 5: PMC10215277; doi:10.3390/antiox12050986 | 6: PMC4379062; doi:10.1371/journal.pone.0121495 | 7: PMC3933650; doi:10.1371/journal.pone.0089728 | 8: PMC13106266; doi:10.1007/s11306-026-02428-2 | 9: PMC6724180; doi:10.3390/metabo9080156 | 10: PMC9693613; doi:10.3390/metabo12111098,Pre-Analytical Sample Quality: Metabolite Ratios as an Intrinsic Marker for Prolonged Room Temperature Exposure of Serum Samples,pmcid:PMC4379062,6,0,0,0,1,0.166667,Pre-Analytical Sample Quality: Metabolite Ratios as an Intrinsic Marker for Prolonged Room Temperature Exposure of Serum Samples,pmcid,PMC4379062,s_ea6f6ed4
Q004,Biospecimen quality control and SOPs,Should serum samples be kept at room temperature before they are stored in a biobank?,success,,raw,,,,vector,"pmc,biorxiv,medrxiv,arxiv,abstracts_only",1,10,Should serum samples be kept at room temperature before they are stored in a biobank?,,10,1: Quality assessment from biobank plasma and serum specimens: a systematic review | 2: Current standards for the storage of human samples in biobanks | 3: Repository of Human Blood Derivative Biospecimens in Biobank: Technical Implications | 4: Pre-Analytical Sample Quality: Metabolite Ratios as an Intrinsic Marker for Prolonged Room Temperature Exposure of Serum Samples | 5: The holding temperature of blood during a delay to processing can affect serum and plasma protein measurements | 6: Sample Management: Stability of Plasma and Serum on Different Storage Conditions | 7: The effect of storage time and freeze-thaw cycles on the stability of serum samples | 8: A Systematic Evaluation of Blood Serum and Plasma Pre-Analytics for Metabolomics Cohort Studies | 9: Pre-analytical stability of the plasma proteomes based on the storage temperature | 10: Assessment of the stability of 20 biochemical analytes in serum and whole blood samples after storage at nonstandard temperatures,1: PMC12514999; doi:10.7717/peerj.20122 | 2: PMC2988449; doi:10.1186/gm193 | 3: PMC4430793 | 4: PMC4379062; doi:10.1371/journal.pone.0121495 | 5: PMC7985364; doi:10.1038/s41598-021-85052-5 | 6: PMC7109503 | 7: PMC3900085; doi:10.11613/BM.2013.009 | 8: PMC5187835; doi:10.3390/ijms17122035 | 9: PMC3658880; doi:10.1186/1477-5956-11-10 | 10: PMC12769415; doi:10.1016/j.plabm.2025.e00514,Pre-Analytical Sample Quality: Metabolite Ratios as an Intrinsic Marker for Prolonged Room Temperature Exposure of Serum Samples,pmcid:PMC4379062,4,0,0,1,1,0.25,Pre-Analytical Sample Quality: Metabolite Ratios as an Intrinsic Marker for Prolonged Room Temperature Exposure of Serum Samples,pmcid,PMC4379062,s_5dced049
Q005,Storage temperature and duration,"How stable are serum lipid metabolites after one week at 4°C, −20°C, or −80°C?",success,,raw,,,,vector,"pmc,biorxiv,medrxiv,arxiv,abstracts_only",1,10,"How stable are serum lipid metabolites after one week at 4°C, −20°C, or −80°C?",,10,1: Short-Term Stability of Serum and Liver Extracts for Untargeted Metabolomics and Lipidomics | 2: Effects of sample handling and storage on quantitative lipid analysis in human serum | 3: Effects of Long-Term Storage at −80 °C on the Human Plasma Metabolome | 4: Effects of Different Storage Conditions on Lipid Stability in Mice Tissue Homogenates | 5: Metabolic and lipidomic stability in EDTA plasma from hospitalized patients: impact of refrigerated storage time and additional freeze—thaw cycle | 6: The Influence of Storage on Human Milk Lipidome Stability for Lipidomic Studies | 7: Isolated Effects of Plasma Freezing versus Thawing on Metabolite Stability | 8: Investigation of Storage Conditions and Quality Control Markers for Metabolites and Lipids in Human Feces | 9: Targeted Metabolomics Identifies Reliable and Stable Metabolites in Human Serum and Plasma Samples | 10: Ex vivo instability of lipids in whole blood: preanalytical recommendations for clinical lipidomics studies,1: PMC10215277; doi:10.3390/antiox12050986 | 2: PMC2794342; doi:10.1007/s11306-009-0174-2 | 3: PMC6572224; doi:10.3390/metabo9050099 | 4: PMC10144362; doi:10.3390/metabo13040504 | 5: PMC13106266; doi:10.1007/s11306-026-02428-2 | 6: PMC8822481; doi:10.1021/acs.jproteome.1c00760 | 7: PMC9693613; doi:10.3390/metabo12111098 | 8: PMC12942472; doi:10.3390/metabo16020113 | 9: PMC3933650; doi:10.1371/journal.pone.0089728 | 10: PMC10208886; doi:10.1016/j.jlr.2023.100378,Effects of sample handling and storage on quantitative lipid analysis in human serum,pmcid:PMC2794342,2,0,1,1,1,0.5,Effects of sample handling and storage on quantitative lipid analysis in human serum,pmcid,PMC2794342,s_512f9e2f
Q006,Freeze-thaw and frozen storage,How strongly does freezing serum before density-based lipoprotein fractionation affect HDL free cholesterol?,success,,raw,,,,vector,"pmc,biorxiv,medrxiv,arxiv,abstracts_only",1,10,How strongly does freezing serum before density-based lipoprotein fractionation affect HDL free cholesterol?,,10,1: HDL structure and function is profoundly affected when stored frozen in the absence of cryoprotectants [S] | 2: Effects of sample handling and storage on quantitative lipid analysis in human serum | 3: Comparison of the Japan Society of Clinical Chemistry reference method and CDC method for HDL and LDL cholesterol measurements using fresh sera | 4: Review of Laboratory Methods to Determine HDL and LDL Subclasses and Their Clinical Importance | 5: Comparison of Two Homogeneous LDL-Cholesterol Assays Using Fresh Hypertriglyceridemic Serum and Quantitative Ultracentrifugation Fractions | 6: High density lipoproteins: Measurement techniques and potential biomarkers of cardiovascular risk | 7: Comparison of Lipid Measurements by Clinical Chemistry and NMR Spectroscopy | 8: Isolation of HDL by sequential flotation ultracentrifugation followed by size exclusion chromatography reveals size-based enrichment of HDL-associated proteins | 9: Methods of Low-Density Lipoprotein-Cholesterol Measurement: Analytical and Clinical Applications | 10: Oxidized LDL is stable in human serum under extended thawed-state conditions ranging from −20 °C to room temperature,1: PMC5665661; doi:10.1194/jlr.D075366 | 2: PMC2794342; doi:10.1007/s11306-009-0174-2 | 3: PMC8145738; doi:10.1016/j.plabm.2021.e00228 | 4: PMC11273998; doi:10.31083/j.rcm2304147 | 5: PMC6845691; doi:10.5551/jat.47191 | 6: PMC4661556; doi:10.1016/j.bbacli.2015.01.005 | 7: PMC12785627; doi:10.3390/diagnostics16010028 | 8: PMC8352908; doi:10.1038/s41598-021-95451-3 | 9: PMC9768618 | 10: PMC9791165; doi:10.1016/j.jmsacl.2022.12.001,Effects of sample handling and storage on quantitative lipid analysis in human serum,pmcid:PMC2794342,2,0,1,1,1,0.5,Effects of sample handling and storage on quantitative lipid analysis in human serum,pmcid,PMC2794342,s_a7f84d5f
Q007,Pre-centrifugation delay and transport,How long can blood be kept on ice before snap-freezing if I want to analyze both the proteome and metabolome?,success,,raw,,,,vector,"pmc,biorxiv,medrxiv,arxiv,abstracts_only",1,10,How long can blood be kept on ice before snap-freezing if I want to analyze both the proteome and metabolome?,,10,1: Pre-analytical processing of plasma and serum samples for combined proteome and metabolome analysis | 2: Isolated Effects of Plasma Freezing versus Thawing on Metabolite Stability | 3: Impact of Blood Collection Tubes and Sample Handling Time on Serum and Plasma Metabolome and Lipidome | 4: An Overview of Pre-Analytical Factors Impacting Metabolomics Analyses of Blood Samples | 5: Stability of Metabolomic Content during Sample Preparation: Blood and Brain Tissues | 6: Effects of Long-Term Storage at −80 °C on the Human Plasma Metabolome | 7: A Systematic Evaluation of Blood Serum and Plasma Pre-Analytics for Metabolomics Cohort Studies | 8: Global Stability of Plasma Proteomes for Mass Spectrometry-Based Analyses * | 9: Impact of Prolonged Blood Incubation and Extended Serum Storage at Room Temperature on the Human Serum Metabolome | 10: Effects of pre-analytical processes on blood samples used in metabolomics studies,1: PMC9808085; doi:10.3389/fmolb.2022.961448 | 2: PMC9693613; doi:10.3390/metabo12111098 | 3: PMC6316012; doi:10.3390/metabo8040088 | 4: PMC11433674; doi:10.3390/metabo14090474 | 5: PMC9505456; doi:10.3390/metabo12090811 | 6: PMC6572224; doi:10.3390/metabo9050099 | 7: PMC5187835; doi:10.3390/ijms17122035 | 8: PMC3433892; doi:10.1074/mcp.M111.014340 | 9: PMC5875996; doi:10.3390/metabo8010006 | 10: PMC4471316; doi:10.1007/s00216-015-8565-x,Pre-analytical processing of plasma and serum samples for combined proteome and metabolome analysis,pmcid:PMC9808085,1,1,1,1,1,1.0,Pre-analytical processing of plasma and serum samples for combined proteome and metabolome analysis,pmcid,PMC9808085,s_771742f3
Q008,"Specimen, tube, and processing effects",Does changing the centrifugation conditions significantly affect the measured plasma metabolome or proteome?,success,,raw,,,,vector,"pmc,biorxiv,medrxiv,arxiv,abstracts_only",1,10,Does changing the centrifugation conditions significantly affect the measured plasma metabolome or proteome?,,10,"1: Does centrifugation matter? Centrifugal force and spinning time alter the plasma metabolome | 2: Pre-analytical processing of plasma and serum samples for combined proteome and metabolome analysis | 3: Impact of Blood Collection Tubes and Sample Handling Time on Serum and Plasma Metabolome and Lipidome | 4: Effect of Delayed Centrifugation on the Levels of NMR-Measured Lipoproteins and Metabolites in Plasma and Serum Samples | 5: A Systematic Evaluation of Blood Serum and Plasma Pre-Analytics for Metabolomics Cohort Studies | 6: Serum or Plasma (and Which Plasma), That Is the Question | 7: Plasma Instead of Serum Avoids Critical Confounding of Clinical Metabolomics Studies by Platelets | 8: An Overview of Pre-Analytical Factors Impacting Metabolomics Analyses of Blood Samples | 9: Metabolic and lipidomic stability in EDTA plasma from hospitalized patients: impact of refrigerated storage time and additional freeze—thaw cycle | 10: Variable blood processing procedures contribute to plasma proteomic variability",1: PMC5025507; doi:10.1007/s11306-016-1109-3 | 2: PMC9808085; doi:10.3389/fmolb.2022.961448 | 3: PMC6316012; doi:10.3390/metabo8040088 | 4: PMC9753045; doi:10.1021/acs.analchem.2c02167 | 5: PMC5187835; doi:10.3390/ijms17122035 | 6: PMC8981325; doi:10.1021/acs.jproteome.1c00935 | 7: PMC11301681; doi:10.1021/acs.jproteome.3c00761 | 8: PMC11433674; doi:10.3390/metabo14090474 | 9: PMC13106266; doi:10.1007/s11306-026-02428-2 | 10: PMC7816468; doi:10.1186/s12014-021-09311-3,Pre-analytical processing of plasma and serum samples for combined proteome and metabolome analysis,pmcid:PMC9808085,2,0,1,1,1,0.5,Pre-analytical processing of plasma and serum samples for combined proteome and metabolome analysis,pmcid,PMC9808085,s_502b6a85
Q009,Pre-centrifugation delay and transport,How sensitive are plasma and serum cytokine measurements to short delays in blood processing?,success,,raw,,,,vector,"pmc,biorxiv,medrxiv,arxiv,abstracts_only",1,10,How sensitive are plasma and serum cytokine measurements to short delays in blood processing?,,10,1: Multiplex Cytokine Concentration Measurement: How Much Do the Medium and Handling Matter? | 2: The holding temperature of blood during a delay to processing can affect serum and plasma protein measurements | 3: Effects of blood sample handling procedures on measurable interleukin 6 in plasma and serum | 4: Pre-analytical sample handling effects on blood cytokine levels: quality control of a COVID-19 biobank | 5: Impact of short-term storage of plasma samples on quantitation of ultra-low levels of interleukin-6 | 6: Effects of processing conditions on stability of immune analytes in human blood | 7: Prerequisites for cytokine measurements in clinical trials with multiplex immunoassays | 8: Impact of Delayed Centrifugation on Interleukin 6 Determination in Human Blood | 9: Baseline Levels and Temporal Stability of 27 Multiplexed Serum Cytokine Concentrations in Healthy Subjects | 10: Comparison of Bead-Based Fluorescence Versus Planar Electrochemiluminescence Multiplex Immunoassays for Measuring Cytokines in Human Plasma,1: PMC3804442; doi:10.1155/2013/890706 | 2: PMC7985364; doi:10.1038/s41598-021-85052-5 | 3: PMC6757116; doi:10.1002/jcla.22924 | 4: PMC8359910; doi:10.2217/bmm-2020-0770 | 5: PMC8593303; doi:10.1177/03000605211056846 | 6: PMC7566484; doi:10.1038/s41598-020-74274-8 | 7: PMC2761376; doi:10.1186/1471-2172-10-52 | 8: PMC12109806; doi:10.3390/diagnostics15101187 | 9: PMC3861126; doi:10.1371/journal.pone.0076091 | 10: PMC7546899; doi:10.3389/fimmu.2020.572634,Effects of processing conditions on stability of immune analytes in human blood,pmcid:PMC7566484,6,0,0,0,1,0.166667,Effects of processing conditions on stability of immune analytes in human blood,pmcid,PMC7566484,s_f92522fa
Q010,Biospecimen quality control and SOPs,How quickly should blood be processed for flow or mass cytometry when measuring sensitive cell populations?,success,,raw,,,,vector,"pmc,biorxiv,medrxiv,arxiv,abstracts_only",1,10,How quickly should blood be processed for flow or mass cytometry when measuring sensitive cell populations?,,10,"1: Effects of storage time and temperature on highly multiparametric flow analysis of peripheral blood samples; implications for clinical trial samples | 2: Impact on in-depth immunophenotyping of delay to peripheral blood processing | 3: Effects of processing conditions on stability of immune analytes in human blood | 4: Multimodal analysis for human ex vivo studies shows extensive molecular changes from delays in blood processing | 5: Effects of Blood Transportation on Human Peripheral Mononuclear Cell Yield, Phenotype and Function: Implications for Immune Cell Biobanking | 6: Phenotypic and functional stability of leukocytes from human peripheral blood samples: considerations for the design of immunological studies | 7: An easy and reliable whole blood freezing method for flow cytometry immunophenotyping and functional analyses | 8: Optimization of Blood Handling and Peripheral Blood Mononuclear Cell Cryopreservation of Low Cell Number Samples | 9: Comparison of Whole Blood Cryopreservation Methods for Extensive Flow Cytometry Immunophenotyping | 10: Impact of Pre-Analytical and Analytical Variables Associated with Sample Preparation on Flow Cytometric Stainings Obtained with EuroFlow Panels",1: PMC7921292; doi:10.1042/BSR20203827 | 2: PMC11239563; doi:10.1093/cei/uxae041 | 3: PMC7566484; doi:10.1038/s41598-020-74274-8 | 4: PMC8169801; doi:10.1016/j.isci.2021.102404 | 5: PMC4277394; doi:10.1371/journal.pone.0115920 | 6: PMC6339328; doi:10.1186/s12865-019-0286-z | 7: bio_74894eb66c64; doi:10.1101/2020.08.12.248450 | 8: PMC8431655; doi:10.3390/ijms22179129 | 9: PMC9103885; doi:10.3390/cells11091527 | 10: PMC8833630; doi:10.3390/cancers14030473,Effects of processing conditions on stability of immune analytes in human blood,pmcid:PMC7566484,3,0,1,1,1,0.333333,Effects of processing conditions on stability of immune analytes in human blood,pmcid,PMC7566484,s_f04dc6cd
Q011,Pre-centrifugation delay and transport,What storage temperatures and delay durations have been evaluated for EDTA and citrate whole blood before plasma processing?,success,,raw,,,,vector,"pmc,biorxiv,medrxiv,arxiv,abstracts_only",1,10,What storage temperatures and delay durations have been evaluated for EDTA and citrate whole blood before plasma processing?,,10,"1: Effects of storage time and temperature on coagulation tests and factors in fresh plasma | 2: Sample Management: Stability of Plasma and Serum on Different Storage Conditions | 3: Assessment of the stability of 20 biochemical analytes in serum and whole blood samples after storage at nonstandard temperatures | 4: Global Stability of Plasma Proteomes for Mass Spectrometry-Based Analyses * | 5: Effects of preanalytical frozen storage time and temperature on screening coagulation tests and factors VIII and IX activity | 6: How Long can we Store Blood Samples: A Systematic Review and Meta-Analysis | 7: The holding temperature of blood during a delay to processing can affect serum and plasma protein measurements | 8: Effect of sample type, centrifugation and storage conditions on vitamin D concentration | 9: Storage stability of commonly used haematological parameters at 33 °C | 10: Influence of Blood Collection Methods and Long-Term Plasma Storage on Quorum-Sensing Peptide Stability",1: PMC3902390; doi:10.1038/srep03868 | 2: PMC7109503 | 3: PMC12769415; doi:10.1016/j.plabm.2025.e00514 | 4: PMC3433892; doi:10.1074/mcp.M111.014340 | 5: PMC5610264; doi:10.1038/s41598-017-11777-x | 6: PMC5652294; doi:10.1016/j.ebiom.2017.09.024 | 7: PMC7985364; doi:10.1038/s41598-021-85052-5 | 8: PMC3900071; doi:10.11613/BM.2013.039 | 9: PMC5898956; doi:10.11613/BM.2018.020901 | 10: PMC7346264; doi:10.1021/acsomega.0c01723,"Impact of sample processing delays on plasma markers of inflammation, chemotaxis, cell death, and blood coagulation",pmcid:PMC11527306,,0,0,0,0,0.0,,,,s_1fc96de1
Q012,Pre-centrifugation delay and transport,Which plasma markers stayed stable even when processing was delayed for up to 72 hours?,success,,raw,,,,vector,"pmc,biorxiv,medrxiv,arxiv,abstracts_only",1,10,Which plasma markers stayed stable even when processing was delayed for up to 72 hours?,,10,"1: Global Stability of Plasma Proteomes for Mass Spectrometry-Based Analyses * | 2: Impact of sample processing delays on plasma markers of inflammation, chemotaxis, cell death, and blood coagulation | 3: The holding temperature of blood during a delay to processing can affect serum and plasma protein measurements | 4: Assessing the Preanalytical Variability of Plasma and Cerebrospinal Fluid Processing and Its Effects on Inflammation-Related Protein Biomarkers | 5: The Effect of Pre-Analytical Variability on the Measurement of MRM-MS-Based Mid- to High-Abundance Plasma Protein Biomarkers and a Panel of Cytokines | 6: Multiple Reaction Monitoring-Mass Spectrometry Enables Robust Quantitation of Plasma Proteins Regardless of Whole Blood Processing Delays That May Occur in the Clinic | 7: In vitro Stability of Heat Shock Protein 27 in Serum and Plasma Under Different Pre-analytical Conditions: Implications for Large-Scale Clinical Studies | 8: Effect of Repeated Freezing and Thawing on Biomarker Stability in Plasma and Serum Samples | 9: Metabolic and lipidomic stability in EDTA plasma from hospitalized patients: impact of refrigerated storage time and additional freeze—thaw cycle | 10: Pre-analytical stability of the plasma proteomes based on the storage temperature",1: PMC3433892; doi:10.1074/mcp.M111.014340 | 2: PMC11527306; doi:10.1371/journal.pone.0311921 | 3: PMC7985364; doi:10.1038/s41598-021-85052-5 | 4: PMC8554621; doi:10.1016/j.mcpro.2021.100157 | 5: PMC3368926; doi:10.1371/journal.pone.0038290 | 6: PMC9062485; doi:10.1016/j.mcpro.2022.100212 | 7: PMC4855055; doi:10.3343/alm.2016.36.4.353 | 8: PMC4700770; doi:10.1016/j.phrp.2015.11.005 | 9: PMC13106266; doi:10.1007/s11306-026-02428-2 | 10: PMC3658880; doi:10.1186/1477-5956-11-10,"Impact of sample processing delays on plasma markers of inflammation, chemotaxis, cell death, and blood coagulation",pmcid:PMC11527306,2,0,1,1,1,0.5,"Impact of sample processing delays on plasma markers of inflammation, chemotaxis, cell death, and blood coagulation",pmcid,PMC11527306,s_f9b1d1a4
Q013,Storage temperature and duration,How much does storing serum at −20°C rather than −80°C affect metabolomic and proteomic biomarkers?,success,,raw,,,,vector,"pmc,biorxiv,medrxiv,arxiv,abstracts_only",1,10,How much does storing serum at −20°C rather than −80°C affect metabolomic and proteomic biomarkers?,,10,"1: Effect of serum sample storage temperature on metabolomic and proteomic biomarkers | 2: Effects of Long-Term Storage at −80 °C on the Human Plasma Metabolome | 3: Pre-analytical stability of the plasma proteomes based on the storage temperature | 4: Pre-Analytical Sample Quality: Metabolite Ratios as an Intrinsic Marker for Prolonged Room Temperature Exposure of Serum Samples | 5: Short-Term Stability of Serum and Liver Extracts for Untargeted Metabolomics and Lipidomics | 6: Metabolic and lipidomic stability in EDTA plasma from hospitalized patients: impact of refrigerated storage time and additional freeze—thaw cycle | 7: A Systematic Evaluation of Blood Serum and Plasma Pre-Analytics for Metabolomics Cohort Studies | 8: Stability of targeted metabolite profiles of urine samples under different storage conditions | 9: Impact of Prolonged Blood Incubation and Extended Serum Storage at Room Temperature on the Human Serum Metabolome | 10: Pre-Analytical Factors that Affect Metabolite Stability in Human Urine, Plasma, and Serum: A Review",1: PMC8930974; doi:10.1038/s41598-022-08429-0 | 2: PMC6572224; doi:10.3390/metabo9050099 | 3: PMC3658880; doi:10.1186/1477-5956-11-10 | 4: PMC4379062; doi:10.1371/journal.pone.0121495 | 5: PMC10215277; doi:10.3390/antiox12050986 | 6: PMC13106266; doi:10.1007/s11306-026-02428-2 | 7: PMC5187835; doi:10.3390/ijms17122035 | 8: PMC5126183; doi:10.1007/s11306-016-1137-z | 9: PMC5875996; doi:10.3390/metabo8010006 | 10: PMC6724180; doi:10.3390/metabo9080156,Effect of serum sample storage temperature on metabolomic and proteomic biomarkers,pmcid:PMC8930974,1,1,1,1,1,1.0,Effect of serum sample storage temperature on metabolomic and proteomic biomarkers,pmcid,PMC8930974,s_95bfb4d9
Q014,Biospecimen quality control and SOPs,"Which serum metabolite ratio can indicate storage at −20°C instead of −80°C, and what cutoff should be used?",success,,raw,,,,vector,"pmc,biorxiv,medrxiv,arxiv,abstracts_only",1,10,"Which serum metabolite ratio can indicate storage at −20°C instead of −80°C, and what cutoff should be used?",,10,1: Pre-Analytical Sample Quality: Metabolite Ratios as an Intrinsic Marker for Prolonged Room Temperature Exposure of Serum Samples | 2: Effects of Long-Term Storage at −80 °C on the Human Plasma Metabolome | 3: Effect of serum sample storage temperature on metabolomic and proteomic biomarkers | 4: Impact of Prolonged Blood Incubation and Extended Serum Storage at Room Temperature on the Human Serum Metabolome | 5: Short-Term Stability of Serum and Liver Extracts for Untargeted Metabolomics and Lipidomics | 6: A Systematic Evaluation of Blood Serum and Plasma Pre-Analytics for Metabolomics Cohort Studies | 7: Metabolite Ratios as Quality Indicators for Pre-Analytical Variation in Serum and EDTA Plasma | 8: Pitfalls of onco-metabolomics: impact of sample integrity on metabolomic investigations in more than 4500 human serum samples from ten different cohorts | 9: Stability of targeted metabolite profiles of urine samples under different storage conditions | 10: Investigation of Storage Conditions and Quality Control Markers for Metabolites and Lipids in Human Feces,1: PMC4379062; doi:10.1371/journal.pone.0121495 | 2: PMC6572224; doi:10.3390/metabo9050099 | 3: PMC8930974; doi:10.1038/s41598-022-08429-0 | 4: PMC5875996; doi:10.3390/metabo8010006 | 5: PMC10215277; doi:10.3390/antiox12050986 | 6: PMC5187835; doi:10.3390/ijms17122035 | 7: PMC8465943; doi:10.3390/metabo11090638 | 8: PMC13076171; doi:10.3389/fmolb.2026.1765747 | 9: PMC5126183; doi:10.1007/s11306-016-1137-z | 10: PMC12942472; doi:10.3390/metabo16020113,Effect of serum sample storage temperature on metabolomic and proteomic biomarkers,pmcid:PMC8930974,3,0,1,1,1,0.333333,Effect of serum sample storage temperature on metabolomic and proteomic biomarkers,pmcid,PMC8930974,s_578a29bc
Q015,Freeze-thaw and frozen storage,"After one freeze-thaw cycle, did any changed serum biomarkers exceed their allowable analytical error limits?",success,,raw,,,,vector,"pmc,biorxiv,medrxiv,arxiv,abstracts_only",1,10,"After one freeze-thaw cycle, did any changed serum biomarkers exceed their allowable analytical error limits?",,10,"1: Impact of single freeze-thaw cycles on human serum proteins: Implications for mass spectrometry biomarker validation | 2: The effect of storage time and freeze-thaw cycles on the stability of serum samples | 3: Impact of Single Freeze-Thaw Cycles on Serum Protein Stability: Implications for Clinical Biomarker Validation Using Mass Spectrometry | 4: Effect of Repeated Freezing and Thawing on Biomarker Stability in Plasma and Serum Samples | 5: The Effects of a Single Freeze-Thaw Cycle on Concentrations of Nutritional, Noncommunicable Disease, and Inflammatory Biomarkers in Serum Samples | 6: Effect of Repeated Freeze-Thaw on Serum Biomarkers Associated with Eye Disease | 7: In vitro Stability of Heat Shock Protein 27 in Serum and Plasma Under Different Pre-analytical Conditions: Implications for Large-Scale Clinical Studies | 8: Pre-Analytical Sample Quality: Metabolite Ratios as an Intrinsic Marker for Prolonged Room Temperature Exposure of Serum Samples | 9: Instability of Plasma and Serum Progastrin-Releasing Peptide During Repeated Freezing and Thawing | 10: Global Stability of Plasma Proteomes for Mass Spectrometry-Based Analyses *",1: PMC13206734; doi:10.1016/j.isci.2026.115934 | 2: PMC3900085; doi:10.11613/BM.2013.009 | 3: bio_6971918c74be; doi:10.1101/2025.04.09.647925 | 4: PMC4700770; doi:10.1016/j.phrp.2015.11.005 | 5: PMC8154350; doi:10.1055/s-0041-1726575 | 6: PMC6054774; doi:10.12659/MSM.908567 | 7: PMC4855055; doi:10.3343/alm.2016.36.4.353 | 8: PMC4379062; doi:10.1371/journal.pone.0121495 | 9: PMC5194227; doi:10.1016/j.phrp.2016.11.004 | 10: PMC3433892; doi:10.1074/mcp.M111.014340,"The Effects of a Single Freeze-Thaw Cycle on Concentrations of Nutritional, Noncommunicable Disease, and Inflammatory Biomarkers in Serum Samples",pmcid:PMC8154350,5,0,0,1,1,0.2,"The Effects of a Single Freeze-Thaw Cycle on Concentrations of Nutritional, Noncommunicable Disease, and Inflammatory Biomarkers in Serum Samples",pmcid,PMC8154350,s_f9b36bf3
Q016,Freeze-thaw and frozen storage,Which protein-related serum measurements stayed stable after one freeze-thaw cycle?,success,,raw,,,,vector,"pmc,biorxiv,medrxiv,arxiv,abstracts_only",1,10,Which protein-related serum measurements stayed stable after one freeze-thaw cycle?,,10,"1: Impact of Single Freeze-Thaw Cycles on Serum Protein Stability: Implications for Clinical Biomarker Validation Using Mass Spectrometry | 2: Impact of single freeze-thaw cycles on human serum proteins: Implications for mass spectrometry biomarker validation | 3: Effect of Repeated Freezing and Thawing on Biomarker Stability in Plasma and Serum Samples | 4: The Effects of a Single Freeze-Thaw Cycle on Concentrations of Nutritional, Noncommunicable Disease, and Inflammatory Biomarkers in Serum Samples | 5: Global Stability of Plasma Proteomes for Mass Spectrometry-Based Analyses * | 6: The effect of storage time and freeze-thaw cycles on the stability of serum samples | 7: Effects of in vitro hemolysis and repeated freeze-thaw cycles in protein abundance quantification using the SomaScan and Olink assays | 8: In vitro Stability of Heat Shock Protein 27 in Serum and Plasma Under Different Pre-analytical Conditions: Implications for Large-Scale Clinical Studies | 9: Effects of Multiple Freeze/Thaw Cycles on Measurements of Potential Novel Biomarkers Associated With Adverse Pregnancy Outcomes | 10: Effects of Long-Term Storage Time and Original Sampling Month on Biobank Plasma Protein Concentrations",1: bio_6971918c74be; doi:10.1101/2025.04.09.647925 | 2: PMC13206734; doi:10.1016/j.isci.2026.115934 | 3: PMC4700770; doi:10.1016/j.phrp.2015.11.005 | 4: PMC8154350; doi:10.1055/s-0041-1726575 | 5: PMC3433892; doi:10.1074/mcp.M111.014340 | 6: PMC3900085; doi:10.11613/BM.2013.009 | 7: bio_4fb1a15f7299; doi:10.1101/2024.09.21.613295 | 8: PMC4855055; doi:10.3343/alm.2016.36.4.353 | 9: PMC5720390 | 10: PMC5078583; doi:10.1016/j.ebiom.2016.08.038,"The Effects of a Single Freeze-Thaw Cycle on Concentrations of Nutritional, Noncommunicable Disease, and Inflammatory Biomarkers in Serum Samples",pmcid:PMC8154350,4,0,0,1,1,0.25,"The Effects of a Single Freeze-Thaw Cycle on Concentrations of Nutritional, Noncommunicable Disease, and Inflammatory Biomarkers in Serum Samples",pmcid,PMC8154350,s_14cbda8e
Q017,Storage temperature and duration,Are targeted urine metabolite profiles stable for 24 hours at 4°C or −20°C before transfer to −80°C storage?,success,,raw,,,,vector,"pmc,biorxiv,medrxiv,arxiv,abstracts_only",1,10,Are targeted urine metabolite profiles stable for 24 hours at 4°C or −20°C before transfer to −80°C storage?,,10,"1: Stability of targeted metabolite profiles of urine samples under different storage conditions | 2: Influence of Storage Conditions and Preservatives on Metabolite Fingerprints in Urine | 3: Impact of collection conditions on the metabolite content of human urine samples as analyzed by liquid chromatography coupled to mass spectrometry and nuclear magnetic resonance spectroscopy | 4: Urinary Metabolomic Profile is Minimally Impacted by Common Storage Conditions and Additives | 5: Effects of Long-Term Storage at −80 °C on the Human Plasma Metabolome | 6: Pre-Analytical Factors that Affect Metabolite Stability in Human Urine, Plasma, and Serum: A Review | 7: Short-Term Stability of Serum and Liver Extracts for Untargeted Metabolomics and Lipidomics | 8: Effects of Preanalytical Sample Collection and Handling on Comprehensive Metabolite Measurements in Human Urine Biospecimens | 9: Influence of Freezing and Storage Procedure on Human Urine Samples in NMR-Based Metabolomics | 10: Isolated Effects of Plasma Freezing versus Thawing on Metabolite Stability",1: PMC5126183; doi:10.1007/s11306-016-1137-z | 2: PMC6836253; doi:10.3390/metabo9100203 | 3: PMC4559108; doi:10.1007/s11306-014-0764-5 | 4: PMC12064589; doi:10.1007/s00192-025-06069-2 | 5: PMC6572224; doi:10.3390/metabo9050099 | 6: PMC6724180; doi:10.3390/metabo9080156 | 7: PMC10215277; doi:10.3390/antiox12050986 | 8: med_f7a5c3346ef0; doi:10.1101/2024.01.24.24301735 | 9: PMC3901271; doi:10.3390/metabo3020243 | 10: PMC9693613; doi:10.3390/metabo12111098,Stability of targeted metabolite profiles of urine samples under different storage conditions,pmcid:PMC5126183,1,1,1,1,1,1.0,Stability of targeted metabolite profiles of urine samples under different storage conditions,pmcid,PMC5126183,s_7b260a58
Q018,Freeze-thaw and frozen storage,What repeated sample-handling practice should I avoid when preparing urine samples for metabolomics?,success,,raw,,,,vector,"pmc,biorxiv,medrxiv,arxiv,abstracts_only",1,10,What repeated sample-handling practice should I avoid when preparing urine samples for metabolomics?,,10,"1: Influence of Freezing and Storage Procedure on Human Urine Samples in NMR-Based Metabolomics | 2: Recommendations and Best Practices for Standardizing the Pre-Analytical Processing of Blood and Urine Samples in Metabolomics | 3: Impact of collection conditions on the metabolite content of human urine samples as analyzed by liquid chromatography coupled to mass spectrometry and nuclear magnetic resonance spectroscopy | 4: Influence of Storage Conditions and Preservatives on Metabolite Fingerprints in Urine | 5: Effects of Preanalytical Sample Collection and Handling on Comprehensive Metabolite Measurements in Human Urine Biospecimens | 6: Systematic re-evaluation of the long-used standard protocol of urease-dependent metabolome sample preparation | 7: Pre-Analytical Factors that Affect Metabolite Stability in Human Urine, Plasma, and Serum: A Review | 8: Standardizing the experimental conditions for using urine in NMR-based metabolomic studies with a particular focus on diagnostic studies: a review | 9: Protocol for a low-volume, direct analysis urine preparation procedure for non-targeted GC-MS metabolomics | 10: Optimising a urinary extraction method for non-targeted GC–MS metabolomics",1: PMC3901271; doi:10.3390/metabo3020243 | 2: PMC7344701; doi:10.3390/metabo10060229 | 3: PMC4559108; doi:10.1007/s11306-014-0764-5 | 4: PMC6836253; doi:10.3390/metabo9100203 | 5: med_f7a5c3346ef0; doi:10.1101/2024.01.24.24301735 | 6: PMC7077817; doi:10.1371/journal.pone.0230072 | 7: PMC6724180; doi:10.3390/metabo9080156 | 8: PMC4475544; doi:10.1007/s11306-014-0746-7 | 9: PMC11609456; doi:10.1016/j.xpro.2024.103449 | 10: PMC10579216; doi:10.1038/s41598-023-44690-7,Stability of targeted metabolite profiles of urine samples under different storage conditions | Mass spectrometric based approaches in urine metabolomics and biomarker discovery,pmcid:PMC5126183 | pmid:25881008; doi:10.1002/mas.21455,,0,0,0,0,0.0,,,,s_0565160f
Q019,"Specimen, tube, and processing effects",Which blood collection tube should I avoid for measuring circulating microRNAs?,success,,raw,,,,vector,"pmc,biorxiv,medrxiv,arxiv,abstracts_only",1,10,Which blood collection tube should I avoid for measuring circulating microRNAs?,,10,"1: Study of the preanalytical variables affecting the measurement of clinically relevant free-circulating microRNAs: focus on sample matrix, platelet depletion, and storage conditions | 2: The Impact of the Anticoagulant Type in Blood Collection Tubes on Circulating Extracellular Plasma MicroRNA Profiles Revealed by Small RNA Sequencing | 3: Stability of Circulating Blood-Based MicroRNAs – Pre-Analytic Methodological Considerations | 4: Towards Clinical Applications of Blood-Borne miRNA Signatures: The Influence of the Anticoagulant EDTA on miRNA Abundance | 5: The Influence of Pre-Analytical Factors on the Analysis of Circulating MicroRNA | 6: The Impact of Tube Type, Centrifugation Conditions, and Hemolysis on Plasma Circulating MicroRNAs | 7: Evaluation of Storage Tubes for Combined Analysis of Circulating Nucleic Acids in Liquid Biopsies | 8: Centrifugation: an important pre-analytic procedure that influences plasma microRNA quantification during blood processing | 9: Choice of blood collection methods influences extracellular vesicles counts and miRNA profiling | 10: Optimized Collection Protocol for Plasma MicroRNA Measurement in Patients with Cardiovascular Disease",1: PMC6904965; doi:10.11613/BM.2020.010703 | 2: PMC9499385; doi:10.3390/ijms231810340 | 3: PMC5289450; doi:10.1371/journal.pone.0167969 | 4: PMC4658123; doi:10.1371/journal.pone.0143321 | 5: PMC6225341; doi:10.2174/2211536607666180709143335 | 6: PMC11545111; doi:10.3390/diagnostics14212369 | 7: PMC6387045; doi:10.3390/ijms20030704 | 8: PMC3870851; doi:10.5732/cjc.012.10271 | 9: PMC11494683; doi:10.1002/jex2.70008 | 10: PMC5048034; doi:10.1155/2016/2901938,Stability of Circulating Blood-Based MicroRNAs – Pre-Analytic Methodological Considerations,pmcid:PMC5289450,3,0,1,1,1,0.333333,Stability of Circulating Blood-Based MicroRNAs – Pre-Analytic Methodological Considerations,pmcid,PMC5289450,s_15e2899e
Q020,Freeze-thaw and frozen storage,How did four repeated freeze-thaw cycles affect circulating microRNA concentrations in plasma and serum?,success,,raw,,,,vector,"pmc,biorxiv,medrxiv,arxiv,abstracts_only",1,10,How did four repeated freeze-thaw cycles affect circulating microRNA concentrations in plasma and serum?,,10,"1: Impact of long-term storage and freeze-thawing on eight circulating microRNAs in plasma samples | 2: Stability of Circulating Blood-Based MicroRNAs – Pre-Analytic Methodological Considerations | 3: Stability of microRNAs in serum and plasma reveal promise as a circulating biomarker | 4: Improved Detection of Circulating miRNAs in Serum and Plasma Following Rapid Heat/Freeze Cycling | 5: miRNAs in platelet-poor blood plasma and purified RNA are highly stable: a confirmatory study | 6: Study of the preanalytical variables affecting the measurement of clinically relevant free-circulating microRNAs: focus on sample matrix, platelet depletion, and storage conditions | 7: Platelets confound the measurement of extracellular miRNA in archived plasma | 8: miRNA Stability in Frozen Plasma Samples | 9: The Influence of Pre-Analytical Factors on the Analysis of Circulating MicroRNA | 10: Quantification of microRNA levels in plasma – Impact of preanalytical and analytical conditions",1: PMC6959605; doi:10.1371/journal.pone.0227648 | 2: PMC5289450; doi:10.1371/journal.pone.0167969 | 3: PMC12414832; doi:10.1016/j.ncrna.2025.08.001 | 4: PMC6198569; doi:10.2174/2211536607666180416152112 | 5: PMC5936026; doi:10.1186/s13104-018-3378-6 | 6: PMC6904965; doi:10.11613/BM.2020.010703 | 7: PMC5020735; doi:10.1038/srep32651 | 8: PMC6331950; doi:10.3390/molecules201019030 | 9: PMC6225341; doi:10.2174/2211536607666180709143335 | 10: PMC6053236; doi:10.1371/journal.pone.0201069,Stability of Circulating Blood-Based MicroRNAs – Pre-Analytic Methodological Considerations,pmcid:PMC5289450,2,0,1,1,1,0.5,Stability of Circulating Blood-Based MicroRNAs – Pre-Analytic Methodological Considerations,pmcid,PMC5289450,s_44d86cce
Q021,Storage temperature and duration,How long can CSF samples be kept at 5–8°C without substantially affecting small-molecule metabolites?,success,,raw,,,,vector,"pmc,biorxiv,medrxiv,arxiv,abstracts_only",1,10,How long can CSF samples be kept at 5–8°C without substantially affecting small-molecule metabolites?,,10,1: Assessing the Pre-Analytical Stability of Small-Molecule Metabolites in Cerebrospinal Fluid Using Direct-Infusion Metabolomics | 2: Strategies to assess and optimize stability of endogenous amines during cerebrospinal fluid sampling | 3: Pursuing Experimental Reproducibility: An Efficient Protocol for the Preparation of Cerebrospinal Fluid Samples for NMR-Based Metabolomics and Analysis of Sample Degradation | 4: Decoding Cerebrospinal Fluid: Integrative Metabolomics Across Multiple Platforms | 5: Effects of Long-Term Storage at −80 °C on the Human Plasma Metabolome | 6: Multi-platform characterization of the human cerebrospinal fluid metabolome: a comprehensive and quantitative update | 7: Stability of Metabolomic Content during Sample Preparation: Blood and Brain Tissues | 8: Influence of Freezing and Storage Procedure on Human Urine Samples in NMR-Based Metabolomics | 9: Influence of Storage Conditions and Preservatives on Metabolite Fingerprints in Urine | 10: Ethanol contamination of cerebrospinal fluid during standardized sampling and its effect on 1 H-NMR metabolomics,1: PMC6835587; doi:10.3390/metabo9100236 | 2: PMC5838118; doi:10.1007/s11306-018-1333-0 | 3: PMC7345835; doi:10.3390/metabo10060251 | 4: PMC12821578; doi:10.3390/mps9010008 | 5: PMC6572224; doi:10.3390/metabo9050099 | 6: PMC3446266; doi:10.1186/gm337 | 7: PMC9505456; doi:10.3390/metabo12090811 | 8: PMC3901271; doi:10.3390/metabo3020243 | 9: PMC6836253; doi:10.3390/metabo9100203 | 10: PMC4446525; doi:10.1007/s00216-015-8663-9,Assessing the Pre-Analytical Stability of Small-Molecule Metabolites in Cerebrospinal Fluid Using Direct-Infusion Metabolomics,pmcid:PMC6835587,1,1,1,1,1,1.0,Assessing the Pre-Analytical Stability of Small-Molecule Metabolites in Cerebrospinal Fluid Using Direct-Infusion Metabolomics,pmcid,PMC6835587,s_d1e48f4c
Q022,Freeze-thaw and frozen storage,How many freeze-thaw cycles can CSF small-molecule metabolites tolerate without major changes?,success,,raw,,,,vector,"pmc,biorxiv,medrxiv,arxiv,abstracts_only",1,10,How many freeze-thaw cycles can CSF small-molecule metabolites tolerate without major changes?,,10,1: Assessing the Pre-Analytical Stability of Small-Molecule Metabolites in Cerebrospinal Fluid Using Direct-Infusion Metabolomics | 2: Isolated Effects of Plasma Freezing versus Thawing on Metabolite Stability | 3: Pursuing Experimental Reproducibility: An Efficient Protocol for the Preparation of Cerebrospinal Fluid Samples for NMR-Based Metabolomics and Analysis of Sample Degradation | 4: Decoding Cerebrospinal Fluid: Integrative Metabolomics Across Multiple Platforms | 5: Strategies to assess and optimize stability of endogenous amines during cerebrospinal fluid sampling | 6: Effects of Long-Term Storage at −80 °C on the Human Plasma Metabolome | 7: Multi-platform characterization of the human cerebrospinal fluid metabolome: a comprehensive and quantitative update | 8: Influence of Freezing and Storage Procedure on Human Urine Samples in NMR-Based Metabolomics | 9: Characterization of Postprandial Effects on CSF Metabolomics: A Pilot Study with Parallel Comparison to Plasma | 10: Pre-Analytical Sample Quality: Metabolite Ratios as an Intrinsic Marker for Prolonged Room Temperature Exposure of Serum Samples,1: PMC6835587; doi:10.3390/metabo9100236 | 2: PMC9693613; doi:10.3390/metabo12111098 | 3: PMC7345835; doi:10.3390/metabo10060251 | 4: PMC12821578; doi:10.3390/mps9010008 | 5: PMC5838118; doi:10.1007/s11306-018-1333-0 | 6: PMC6572224; doi:10.3390/metabo9050099 | 7: PMC3446266; doi:10.1186/gm337 | 8: PMC3901271; doi:10.3390/metabo3020243 | 9: PMC7281358; doi:10.3390/metabo10050185 | 10: PMC4379062; doi:10.1371/journal.pone.0121495,Assessing the Pre-Analytical Stability of Small-Molecule Metabolites in Cerebrospinal Fluid Using Direct-Infusion Metabolomics,pmcid:PMC6835587,1,1,1,1,1,1.0,Assessing the Pre-Analytical Stability of Small-Molecule Metabolites in Cerebrospinal Fluid Using Direct-Infusion Metabolomics,pmcid,PMC6835587,s_4f7ff461
Q023,Pre-centrifugation delay and transport,How much does extending serum clotting time from 30 to 120 minutes affect metabolite measurements?,success,,raw,,,,vector,"pmc,biorxiv,medrxiv,arxiv,abstracts_only",1,10,How much does extending serum clotting time from 30 to 120 minutes affect metabolite measurements?,,10,1: Impact of Prolonged Blood Incubation and Extended Serum Storage at Room Temperature on the Human Serum Metabolome | 2: Impact of Blood Collection Tubes and Sample Handling Time on Serum and Plasma Metabolome and Lipidome | 3: A Systematic Evaluation of Blood Serum and Plasma Pre-Analytics for Metabolomics Cohort Studies | 4: Metabolite Ratios as Quality Indicators for Pre-Analytical Variation in Serum and EDTA Plasma | 5: Effect of Delayed Centrifugation on the Levels of NMR-Measured Lipoproteins and Metabolites in Plasma and Serum Samples | 6: Pre-Analytical Sample Quality: Metabolite Ratios as an Intrinsic Marker for Prolonged Room Temperature Exposure of Serum Samples | 7: Plasma Instead of Serum Avoids Critical Confounding of Clinical Metabolomics Studies by Platelets | 8: Metabolic and lipidomic stability in EDTA plasma from hospitalized patients: impact of refrigerated storage time and additional freeze—thaw cycle | 9: Variability of human fasted venous plasma metabolomic profiles with tourniquet induced hemostasis | 10: An Overview of Pre-Analytical Factors Impacting Metabolomics Analyses of Blood Samples,1: PMC5875996; doi:10.3390/metabo8010006 | 2: PMC6316012; doi:10.3390/metabo8040088 | 3: PMC5187835; doi:10.3390/ijms17122035 | 4: PMC8465943; doi:10.3390/metabo11090638 | 5: PMC9753045; doi:10.1021/acs.analchem.2c02167 | 6: PMC4379062; doi:10.1371/journal.pone.0121495 | 7: PMC11301681; doi:10.1021/acs.jproteome.3c00761 | 8: PMC13106266; doi:10.1007/s11306-026-02428-2 | 9: PMC8712516; doi:10.1038/s41598-021-03665-2 | 10: PMC11433674; doi:10.3390/metabo14090474,Preanalytical Sample Handling Conditions and Their Effects on the Human Serum Metabolome in Epidemiologic Studies,pmcid:PMC8086237,,0,0,0,0,0.0,,,,s_c28e131d
Q024,Biospecimen quality control and SOPs,How should I handle serum samples from cases and controls in a metabolomics study to avoid bias?,success,,raw,,,,vector,"pmc,biorxiv,medrxiv,arxiv,abstracts_only",1,10,How should I handle serum samples from cases and controls in a metabolomics study to avoid bias?,,10,"1: A Systematic Evaluation of Blood Serum and Plasma Pre-Analytics for Metabolomics Cohort Studies | 2: Impact of Blood Collection Tubes and Sample Handling Time on Serum and Plasma Metabolome and Lipidome | 3: Impact of Prolonged Blood Incubation and Extended Serum Storage at Room Temperature on the Human Serum Metabolome | 4: Recommendations and Best Practices for Standardizing the Pre-Analytical Processing of Blood and Urine Samples in Metabolomics | 5: An Overview of Pre-Analytical Factors Impacting Metabolomics Analyses of Blood Samples | 6: Constrained randomization and multivariate effect projections improve information extraction and biomarker pattern discovery in metabolomics studies involving dependent samples | 7: Serum or Plasma (and Which Plasma), That Is the Question | 8: Formic Acid Pretreatment Enhances Untargeted Serum and Plasma Metabolomics | 9: A Comparison of Serum and Plasma Blood Collection Tubes for the Integration of Epidemiological and Metabolomics Data | 10: The Effect of Pre-Analytical Conditions on Blood Metabolomics in Epidemiological Studies",1: PMC5187835; doi:10.3390/ijms17122035 | 2: PMC6316012; doi:10.3390/metabo8040088 | 3: PMC5875996; doi:10.3390/metabo8010006 | 4: PMC7344701; doi:10.3390/metabo10060229 | 5: PMC11433674; doi:10.3390/metabo14090474 | 6: PMC4605978; doi:10.1007/s11306-015-0818-3 | 7: PMC8981325; doi:10.1021/acs.jproteome.1c00935 | 8: PMC12573228; doi:10.1021/acs.analchem.5c03725 | 9: PMC8295687; doi:10.3389/fmolb.2021.682134 | 10: PMC6523923; doi:10.3390/metabo9040064,Preanalytical Sample Handling Conditions and Their Effects on the Human Serum Metabolome in Epidemiologic Studies | Standard Operating Procedures for Serum and Plasma Collection: Early Detection Research Network Consensus Statement Standard Operating Procedure Integration Working Group,pmcid:PMC8086237 | pmcid:PMC2655764,,0,0,0,0,0.0,,,,s_b64e0adb
Q025,Pre-centrifugation delay and transport,What happened to several serum cytokine levels when blood was placed immediately on ice?,success,,raw,,,,vector,"pmc,biorxiv,medrxiv,arxiv,abstracts_only",1,10,What happened to several serum cytokine levels when blood was placed immediately on ice?,,10,1: The holding temperature of blood during a delay to processing can affect serum and plasma protein measurements | 2: Effects of blood sample handling procedures on measurable interleukin 6 in plasma and serum | 3: Impact of Delayed Centrifugation on Interleukin 6 Determination in Human Blood | 4: Impact of short-term storage of plasma samples on quantitation of ultra-low levels of interleukin-6 | 5: Multiplex Cytokine Concentration Measurement: How Much Do the Medium and Handling Matter? | 6: Pre-analytical sample handling effects on blood cytokine levels: quality control of a COVID-19 biobank | 7: Prerequisites for cytokine measurements in clinical trials with multiplex immunoassays | 8: Effects of processing conditions on stability of immune analytes in human blood | 9: Baseline Levels and Temporal Stability of 27 Multiplexed Serum Cytokine Concentrations in Healthy Subjects | 10: Challenges in interpreting cytokine data in COVID-19 affect patient care and management,1: PMC7985364; doi:10.1038/s41598-021-85052-5 | 2: PMC6757116; doi:10.1002/jcla.22924 | 3: PMC12109806; doi:10.3390/diagnostics15101187 | 4: PMC8593303; doi:10.1177/03000605211056846 | 5: PMC3804442; doi:10.1155/2013/890706 | 6: PMC8359910; doi:10.2217/bmm-2020-0770 | 7: PMC2761376; doi:10.1186/1471-2172-10-52 | 8: PMC7566484; doi:10.1038/s41598-020-74274-8 | 9: PMC3861126; doi:10.1371/journal.pone.0076091 | 10: PMC8372945; doi:10.1371/journal.pbio.3001373,The holding temperature of blood during a delay to processing can affect serum and plasma protein measurements,pmcid:PMC7985364,1,1,1,1,1,1.0,The holding temperature of blood during a delay to processing can affect serum and plasma protein measurements,pmcid,PMC7985364,s_be256569
Q026,Biospecimen quality control and SOPs,"Is there one best temperature for holding blood when processing is delayed, or does it depend on the analyte?",success,,raw,,,,vector,"pmc,biorxiv,medrxiv,arxiv,abstracts_only",1,10,"Is there one best temperature for holding blood when processing is delayed, or does it depend on the analyte?",,10,"1: Assessment of the stability of 20 biochemical analytes in serum and whole blood samples after storage at nonstandard temperatures | 2: Stability of 35 biochemical and immunological routine tests after 10 hours storage and transport of human whole blood at 21°C | 3: How Long can we Store Blood Samples: A Systematic Review and Meta-Analysis | 4: Stability studies of common biochemical analytes in serum separator tubes with or without gel barrier subjected to various storage conditions | 5: The impact of pre‐analytical variations on biochemical analytes stability: A systematic review | 6: Sample Management: Stability of Plasma and Serum on Different Storage Conditions | 7: Stability of pH, Blood Gas Partial Pressure, Hemoglobin Oxygen Saturation Fraction, and Lactate Concentration | 8: The holding temperature of blood during a delay to processing can affect serum and plasma protein measurements | 9: Inorganic Phosphorus and Potassium Are Putative Indicators of Delayed Separation of Whole Blood | 10: Effect of Sample Storage Temperature and Time Delay on Blood Gases, Bicarbonate and pH in Human Arterial Blood Samples",1: PMC12769415; doi:10.1016/j.plabm.2025.e00514 | 2: PMC4219582; doi:10.3109/00365513.2014.928940 | 3: PMC5652294; doi:10.1016/j.ebiom.2017.09.024 | 4: PMC4062343 | 5: PMC7755813; doi:10.1002/jcla.23551 | 6: PMC7109503 | 7: PMC7295962; doi:10.3343/alm.2020.40.6.448 | 8: PMC7985364; doi:10.1038/s41598-021-85052-5 | 9: PMC4850501; doi:10.1016/j.phrp.2015.11.003 | 10: PMC4441774; doi:10.5812/ircmj.13577,The holding temperature of blood during a delay to processing can affect serum and plasma protein measurements,pmcid:PMC7985364,8,0,0,0,1,0.125,The holding temperature of blood during a delay to processing can affect serum and plasma protein measurements,pmcid,PMC7985364,s_ba099725
Q027,Pre-centrifugation delay and transport,How did reduced and oxidized glutathione concentrations change during a three-hour plasma-preparation delay?,success,,raw,,,,vector,"pmc,biorxiv,medrxiv,arxiv,abstracts_only",1,10,How did reduced and oxidized glutathione concentrations change during a three-hour plasma-preparation delay?,,10,"1: Plasma glutathione status as indicator of pre-analytical centrifugation delay | 2: Blood Plasma Quality Control by Plasma Glutathione Status | 3: Validation of a simplified procedure for convenient and rapid quantification of reduced and oxidized glutathione in human plasma by liquid chromatography tandem mass spectrometry analysis | 4: Addressing Glutathione Redox Status in Clinical Samples by Two-Step Alkylation with N-ethylmaleimide Isotopologues | 5: An Artifact-Free Assay for the GSH/GSSG Ratio Adapted for Finger-Stick Blood Microvolumes: Simple, Sensitive, and Suitable for Any Laboratory | 6: Measurement of S -glutathionylated proteins by HPLC | 7: Measurement of Glutathione as a Tool for Oxidative Stress Studies by High Performance Liquid Chromatography | 8: Redox State of Glutathione and Cysteine in Plasma Following Acute Stroke | 9: Making bloodwork work: the impact of sample collection, processing, and storage on plasma glutathione measurement, and implications for translation | 10: Initial Glutathione Depletion During Short-Term Bed Rest: Pinpointing Synthesis and Degradation Checkpoints in the γ-Glutamyl Cycle",1: bio_97060fe06e41; doi:10.1101/2020.12.09.417386 | 2: PMC8226592; doi:10.3390/antiox10060864 | 3: PMC7507186; doi:10.1002/bmc.4854 | 4: PMC7074022; doi:10.3390/metabo10020071 | 5: PMC13113195; doi:10.3390/antiox15040483 | 6: PMC9117368; doi:10.1007/s00726-021-03015-6 | 7: PMC7571047; doi:10.3390/molecules25184196 | 8: PMC12837991; doi:10.3390/antiox15010117 | 9: PMC11420238; doi:10.1038/s41398-024-03086-5 | 10: PMC11672811; doi:10.3390/antiox13121430,Blood Plasma Quality Control by Plasma Glutathione Status,pmcid:PMC8226592,2,0,1,1,1,0.5,Blood Plasma Quality Control by Plasma Glutathione Status,pmcid,PMC8226592,s_daabba9f
Q028,Biospecimen quality control and SOPs,Which glutathione measurement can be used to estimate how long plasma preparation took?,success,,raw,,,,vector,"pmc,biorxiv,medrxiv,arxiv,abstracts_only",1,10,Which glutathione measurement can be used to estimate how long plasma preparation took?,,10,"1: Blood Plasma Quality Control by Plasma Glutathione Status | 2: Plasma glutathione status as indicator of pre-analytical centrifugation delay | 3: Validation of a simplified procedure for convenient and rapid quantification of reduced and oxidized glutathione in human plasma by liquid chromatography tandem mass spectrometry analysis | 4: Addressing Glutathione Redox Status in Clinical Samples by Two-Step Alkylation with N-ethylmaleimide Isotopologues | 5: Measurement of S -glutathionylated proteins by HPLC | 6: An Artifact-Free Assay for the GSH/GSSG Ratio Adapted for Finger-Stick Blood Microvolumes: Simple, Sensitive, and Suitable for Any Laboratory | 7: Measurement of Glutathione as a Tool for Oxidative Stress Studies by High Performance Liquid Chromatography | 8: Making bloodwork work: the impact of sample collection, processing, and storage on plasma glutathione measurement, and implications for translation | 9: An UPLC-MS/MS Assay to Measure Glutathione as Marker for Oxidative Stress in Cultured Cells | 10: Optimized Protocol for the In Situ Derivatization of Glutathione with N -Ethylmaleimide in Cultured Cells and the Simultaneous Determination of Glutathione/Glutathione Disulfide Ratio by HPLC-UV-QTOF-MS",1: PMC8226592; doi:10.3390/antiox10060864 | 2: bio_da577f656cb6; doi:10.1101/2020.12.09.417386 | 3: PMC7507186; doi:10.1002/bmc.4854 | 4: PMC7074022; doi:10.3390/metabo10020071 | 5: PMC9117368; doi:10.1007/s00726-021-03015-6 | 6: PMC13113195; doi:10.3390/antiox15040483 | 7: PMC7571047; doi:10.3390/molecules25184196 | 8: PMC11420238; doi:10.1038/s41398-024-03086-5 | 9: PMC6468779; doi:10.3390/metabo9030045 | 10: PMC7407321; doi:10.3390/metabo10070292,Blood Plasma Quality Control by Plasma Glutathione Status,pmcid:PMC8226592,1,1,1,1,1,1.0,Blood Plasma Quality Control by Plasma Glutathione Status,pmcid,PMC8226592,s_73bc6cf4
Q029,Pre-centrifugation delay and transport,Which handling conditions influence inosine and hypoxanthine levels in plasma or serum?,success,,raw,,,,vector,"pmc,biorxiv,medrxiv,arxiv,abstracts_only",1,10,Which handling conditions influence inosine and hypoxanthine levels in plasma or serum?,,10,1: Reliable Determination of ATP and Its Metabolites by LC-MS Using Blood Collection Tubes with and without Ectonucleotidase Inhibitors | 2: Metabolite Ratios as Quality Indicators for Pre-Analytical Variation in Serum and EDTA Plasma | 3: Stability of Metabolomic Content during Sample Preparation: Blood and Brain Tissues | 4: Impact of Prolonged Blood Incubation and Extended Serum Storage at Room Temperature on the Human Serum Metabolome | 5: Stability Studies of Kynurenine Pathway Metabolites in Blood Components Define Optimal Blood Processing Conditions | 6: Targeted Metabolomics Identifies Reliable and Stable Metabolites in Human Serum and Plasma Samples | 7: Pre-Analytical Sample Quality: Metabolite Ratios as an Intrinsic Marker for Prolonged Room Temperature Exposure of Serum Samples | 8: Metabolic and lipidomic stability in EDTA plasma from hospitalized patients: impact of refrigerated storage time and additional freeze—thaw cycle | 9: An Overview of Pre-Analytical Factors Impacting Metabolomics Analyses of Blood Samples | 10: Application of Liquid Chromatography Coupled to Mass Spectrometry for Direct Estimation of the Total Levels of Adenosine and Its Catabolites in Human Blood,1: PMC12707265; doi:10.1021/acsptsci.5c00446 | 2: PMC8465943; doi:10.3390/metabo11090638 | 3: PMC9505456; doi:10.3390/metabo12090811 | 4: PMC5875996; doi:10.3390/metabo8010006 | 5: PMC10725091; doi:10.1177/11786469231213521 | 6: PMC3933650; doi:10.1371/journal.pone.0089728 | 7: PMC4379062; doi:10.1371/journal.pone.0121495 | 8: PMC13106266; doi:10.1007/s11306-026-02428-2 | 9: PMC11433674; doi:10.3390/metabo14090474 | 10: PMC10974345; doi:10.3390/ph17030345,Discovery of Hypoxanthine and Inosine as Robust Biomarkers for Predicting the Preanalytical Quality of Human Plasma and Serum for Metabolomics,pmcid:PMC11670813,,0,0,0,0,0.0,,,,s_d48ed9b4
Q030,Biospecimen quality control and SOPs,Which metabolite can show whether whole blood was kept at room temperature or on ice?,success,,raw,,,,vector,"pmc,biorxiv,medrxiv,arxiv,abstracts_only",1,10,Which metabolite can show whether whole blood was kept at room temperature or on ice?,,10,1: Stability of Metabolomic Content during Sample Preparation: Blood and Brain Tissues | 2: Impact of Prolonged Blood Incubation and Extended Serum Storage at Room Temperature on the Human Serum Metabolome | 3: LacaScore: a novel plasma sample quality control tool based on ascorbic acid and lactic acid levels | 4: Pre-Analytical Sample Quality: Metabolite Ratios as an Intrinsic Marker for Prolonged Room Temperature Exposure of Serum Samples | 5: Metabolite Ratios as Quality Indicators for Pre-Analytical Variation in Serum and EDTA Plasma | 6: An Overview of Pre-Analytical Factors Impacting Metabolomics Analyses of Blood Samples | 7: Impact of Blood Collection Tubes and Sample Handling Time on Serum and Plasma Metabolome and Lipidome | 8: Effects of pre-analytical processes on blood samples used in metabolomics studies | 9: Pre-analytical sample handling standardization for reliable measurement of metabolites and lipids in LC-MS-based clinical research | 10: A Systematic Evaluation of Blood Serum and Plasma Pre-Analytics for Metabolomics Cohort Studies,1: PMC9505456; doi:10.3390/metabo12090811 | 2: PMC5875996; doi:10.3390/metabo8010006 | 3: PMC4848344; doi:10.1007/s11306-016-1038-1 | 4: PMC4379062; doi:10.1371/journal.pone.0121495 | 5: PMC8465943; doi:10.3390/metabo11090638 | 6: PMC11433674; doi:10.3390/metabo14090474 | 7: PMC6316012; doi:10.3390/metabo8040088 | 8: PMC4471316; doi:10.1007/s00216-015-8565-x | 9: PMC9975683; doi:10.1016/j.jmsacl.2023.02.002 | 10: PMC5187835; doi:10.3390/ijms17122035,Discovery of Hypoxanthine and Inosine as Robust Biomarkers for Predicting the Preanalytical Quality of Human Plasma and Serum for Metabolomics,pmcid:PMC11670813,,0,0,0,0,0.0,,,,s_68166a93
Q031,Biospecimen quality control and SOPs,"When should SOPs for collecting, processing, storing, and shipping biobank samples be established in a clinical trial?",success,,raw,,,,vector,"pmc,biorxiv,medrxiv,arxiv,abstracts_only",1,10,"When should SOPs for collecting, processing, storing, and shipping biobank samples be established in a clinical trial?",,10,1: Standard operating procedures for biobank in oncology | 2: Current standards for the storage of human samples in biobanks | 3: Establishing an academic biobank in a resource-challenged environment | 4: Quality matters: International standards for biobanking | 5: PedCRIN tool for the biosamples management in pediatric clinical trials | 6: Mini-Review of Laboratory Operations in Biobanking: Building Biobanking Resources for Translational Research | 7: Basic principles of biobanking: from biological samples to precision medicine for patients | 8: Informed Consent in the Newly Established Biobank | 9: Biobanking for Cancer Biomarker Research: Issues and Solutions | 10: Legal & ethical compliance when sharing biospecimen,1: PMC9459387; doi:10.3389/fmolb.2022.967310 | 2: PMC2988449; doi:10.1186/gm193 | 3: PMC5954164 | 4: PMC9357355; doi:10.1111/cpr.13282 | 5: PMC10175965; doi:10.1111/cts.13489 | 6: PMC7399165; doi:10.3389/fpubh.2020.00362 | 7: PMC8275637; doi:10.1007/s00428-021-03151-0 | 8: PMC6843661; doi:10.3390/ijerph16203943 | 9: PMC7594219; doi:10.1177/1177271920965522 | 10: PMC5859993; doi:10.1093/bfgp/elx008,Standard Operating Procedures for Serum and Plasma Collection: Early Detection Research Network Consensus Statement Standard Operating Procedure Integration Working Group | Current standards for the storage of human samples in biobanks,pmcid:PMC2655764 | pmcid:PMC2988449; pmid:20923579; doi:10.1186/gm193,2,0,1,1,1,0.5,Current standards for the storage of human samples in biobanks,pmcid,PMC2988449,s_9b4fae78
Q032,Biospecimen quality control and SOPs,What should be matched between case and control samples to prevent handling-related biospecimen bias?,success,,raw,,,,vector,"pmc,biorxiv,medrxiv,arxiv,abstracts_only",1,10,What should be matched between case and control samples to prevent handling-related biospecimen bias?,,10,"1: The impact of sample storage time on estimates of association in biomarker discovery studies | 2: Quality Considerations When Using Tissue Samples for Biomarker Studies in Cancer Research | 3: Biobanking for Cancer Biomarker Research: Issues and Solutions | 4: Exploring the influence of pre-analytical variables on gene expression measurements and relative expression orderings in cancer research | 5: Quality matters: International standards for biobanking | 6: Extent, impact, and mitigation of batch effects in tumor biomarker studies using tissue microarrays | 7: Reporting of pre-analytical Processes in Biobanked Biomaterials: A Missed Opportunity to Address the Replicability Crisis in Clinical Biomarker Research | 8: Quality assessment from biobank plasma and serum specimens: a systematic review | 9: Markers for early detection of cancer: Statistical guidelines for nested case-control studies | 10: Case-control studies: Increasing scientific rigor in control selection",1: PMC3131186; doi:10.1186/2043-9113-1-9 | 2: PMC8060748; doi:10.1177/11772719211009513 | 3: PMC7594219; doi:10.1177/1177271920965522 | 4: PMC11802807; doi:10.1038/s41598-025-88756-0 | 5: PMC9357355; doi:10.1111/cpr.13282 | 6: PMC8849344; doi:10.7554/eLife.71265.sa2 | 7: med_c914dad57d65; doi:10.1101/2025.02.18.25322469 | 8: PMC12514999; doi:10.7717/peerj.20122 | 9: PMC100327; doi:10.1186/1471-2288-2-4 | 10: PMC10036796; doi:10.1016/j.rpth.2023.100090,Standard Operating Procedures for Serum and Plasma Collection: Early Detection Research Network Consensus Statement Standard Operating Procedure Integration Working Group | Preanalytical Sample Handling Conditions and Their Effects on the Human Serum Metabolome in Epidemiologic Studies,pmcid:PMC2655764 | pmcid:PMC8086237; pmid:32959873,,0,0,0,0,0.0,,,,s_b976fa8b
Q033,Pre-centrifugation delay and transport,"If tissue-specific warm-ischemia data are unavailable, how quickly should tissue be snap-frozen?",success,,raw,,,,vector,"pmc,biorxiv,medrxiv,arxiv,abstracts_only",1,10,"If tissue-specific warm-ischemia data are unavailable, how quickly should tissue be snap-frozen?",,10,"1: Impact of Delay to Cryopreservation on RNA Integrity and Genome-Wide Expression Profiles in Resected Tumor Samples | 2: Pre-Analytical Determination of the Effect of Extended Warm or Cold Ischaemia on RNA Stability in the Human Ileum Mucosa | 3: Effects of Delay in the Snap Freezing of Colorectal Cancer Tissues on the Quality of DNA and RNA | 4: Effects of ex vivo ischemia time and delayed processing on quality of specimens in tissue biobank | 5: Assessing the quality of RNA isolated from human breast tissue after ambient room temperature exposure | 6: Optimizing RNA quality in cryopreserved tissues without preservatives: impact of preservatives, thawing methods and tissue aliquot sizes | 7: Tissue alkalosis in cold-ischemia time | 8: The Interference of RNA Preservative and Post-Collection Interval on RNA Integrity from Different Mice Tissues | 9: Enhanced RNA Preservation in Mouse Brain Tissue: A Strategy Combining Cardiac Perfusion with Hypersaline Immersion | 10: Impact of Cold Ischemic Time and Freeze-Thaw Cycles on RNA, DNA and Protein Quality in Colorectal Cancer Tissues Biobanking",1: PMC3835918; doi:10.1371/journal.pone.0079826 | 2: PMC4570714; doi:10.1371/journal.pone.0138214 | 3: PMC2998017; doi:10.3393/jksc.2010.26.5.316 | 4: PMC7533433; doi:10.3892/mmr.2020.11503 | 5: PMC8765617; doi:10.1371/journal.pone.0262654 | 6: PMC12584263; doi:10.1186/s12896-025-01059-0 | 7: PMC5589730; doi:10.1038/s41598-017-11284-z | 8: PMC12732537; doi:10.3390/genes16121421 | 9: PMC12547577; doi:10.1021/acsomega.5c05379 | 10: PMC6775519; doi:10.7150/jca.29372,"The procurement, storage, and quality assurance of frozen blood and tissue biospecimens in pathology, biorepository, and biobank settings",pmcid:PMC3982909,,0,0,0,0,0.0,,,,s_fe068484
Q034,Storage temperature and duration,How long can tissue be stored at −80°C before RNA degradation may become detectable?,success,,raw,,,,vector,"pmc,biorxiv,medrxiv,arxiv,abstracts_only",1,10,How long can tissue be stored at −80°C before RNA degradation may become detectable?,,10,"1: Isolated total RNA and protein are preserved after thawing for more than twenty-four hours | 2: Optimizing RNA quality in cryopreserved tissues without preservatives: impact of preservatives, thawing methods and tissue aliquot sizes | 3: The Interference of RNA Preservative and Post-Collection Interval on RNA Integrity from Different Mice Tissues | 4: Long Term Storage of Dry versus Frozen RNA for Next Generation Molecular Studies | 5: RNA degradation patterns in cardiac tissues kept at different time intervals and temperatures before RNA sequencing | 6: Effects of post-mortem and physical degradation on RNA integrity and quality | 7: Freezing tissues pre-homogenisation reduces degradation and yields improved quality RNA in the mouse lung | 8: Method Optimization for Extracting High-Quality RNA From the Human Pancreas Tissue 1 2 | 9: Assessing the quality of RNA isolated from human breast tissue after ambient room temperature exposure | 10: Determinants of RNA Quality from FFPE Samples",1: PMC3297035; doi:10.6061/clinics/2012(03)09 | 2: PMC12584263; doi:10.1186/s12896-025-01059-0 | 3: PMC12732537; doi:10.3390/genes16121421 | 4: PMC4224406; doi:10.1371/journal.pone.0111827 | 5: PMC12080774; doi:10.1371/journal.pone.0323786 | 6: PMC4822212; doi:10.1016/j.bdq.2015.08.002 | 7: PMC12803821; doi:10.1016/j.bbrep.2025.102332 | 8: PMC6060079; doi:10.1016/j.tranon.2018.04.004 | 9: PMC8765617; doi:10.1371/journal.pone.0262654 | 10: PMC2092395; doi:10.1371/journal.pone.0001261,"The procurement, storage, and quality assurance of frozen blood and tissue biospecimens in pathology, biorepository, and biobank settings",pmcid:PMC3982909,,0,0,0,0,0.0,,,,s_8efd3d35
Q035,Biospecimen quality control and SOPs,Can the serum HG and HI ratios reliably identify samples centrifuged more than one hour after collection?,success,,raw,,,,vector,"pmc,biorxiv,medrxiv,arxiv,abstracts_only",1,10,Can the serum HG and HI ratios reliably identify samples centrifuged more than one hour after collection?,,10,1: Inorganic Phosphorus and Potassium Are Putative Indicators of Delayed Separation of Whole Blood | 2: Effects of different centrifugation conditions on clinical chemistry and Immunology test results | 3: Evaluation of an alternative centrifugation protocol for reducing total turnaround time | 4: Comparative Evaluation of Centrifugation Speed and Its Impact on Diagnostic Accuracy | 5: A Reference chart for clinical biochemical tests of hemolyzed serum samples | 6: Influence of centrifugation conditions on the results of 77 routine clinical chemistry analytes using standard vacuum blood collection tubes and the new BD-Barricor tubes | 7: Determination of the Optimal Wavelength of the Hemolysis Index Measurement | 8: The Effect of Hemolysis on Biochemical Tests: Determining Interference Cutoffs and Managing Hemolytic Samples | 9: Elimination of lipaemic interference by high-speed centrifugation | 10: Comparison of Red Blood Cell Hemolysis Using Plasma and Serum Separation Tubes for Outpatient Specimens,1: PMC4850501; doi:10.1016/j.phrp.2015.11.003 | 2: PMC3123263; doi:10.1186/1472-6890-11-6 | 3: PMC11949531; doi:10.1515/almed-2024-0170 | 4: PMC12699201; doi:10.1002/jcla.70120 | 5: PMC7843283; doi:10.1002/jcla.23561 | 6: PMC5701775; doi:10.11613/BM.2018.010704 | 7: PMC10531830; doi:10.3390/jcm12185864 | 8: PMC12946476; doi:10.1155/jamc/9307894 | 9: PMC9807237; doi:10.11613/BM.2023.010703 | 10: PMC4330168; doi:10.3343/alm.2015.35.2.194,Metabolite Ratios as Quality Indicators for Pre-Analytical Variation in Serum and EDTA Plasma,pmcid:PMC8465943,,0,0,0,0,0.0,,,,s_351fda08
Q036,Biospecimen quality control and SOPs,Which eicosanoids can be used to flag a pre-centrifugation delay longer than two hours?,success,,raw,,,,vector,"pmc,biorxiv,medrxiv,arxiv,abstracts_only",1,10,Which eicosanoids can be used to flag a pre-centrifugation delay longer than two hours?,,10,"1: Stability of thromboxane in blood samples | 2: Prostanoid Metabolites as Biomarkers in Human Disease | 3: Collection and Storage of Human Plasma for Measurement of Oxylipins | 4: Metabolite Ratios as Quality Indicators for Pre-Analytical Variation in Serum and EDTA Plasma | 5: Effect of very long-term storage and multiple freeze and thaw cycles on 11-dehydro-thromboxane-B 2 and 8-iso-prostaglandin F 2α, levels in human urine samples by validated enzyme immunoassays | 6: Stability of the thromboxane B 2 biomarker of low-dose aspirin pharmacodynamics in human whole blood and in long-term stored serum samples | 7: Pre-analytical sample handling standardization for reliable measurement of metabolites and lipids in LC-MS-based clinical research | 8: Ex vivo instability of lipids in whole blood: preanalytical recommendations for clinical lipidomics studies | 9: Plasma glutathione status as indicator of pre-analytical centrifugation delay | 10: Plasma Instead of Serum Avoids Critical Confounding of Clinical Metabolomics Studies by Platelets",1: PMC6556106; doi:10.2147/VHRM.S204925 | 2: PMC9414732; doi:10.3390/metabo12080721 | 3: PMC7996814; doi:10.3390/metabo11030137 | 4: PMC8465943; doi:10.3390/metabo11090638 | 5: PMC10917770; doi:10.1038/s41598-024-55720-3 | 6: PMC11652867; doi:10.1016/j.rpth.2024.102623 | 7: PMC9975683; doi:10.1016/j.jmsacl.2023.02.002 | 8: PMC10208886; doi:10.1016/j.jlr.2023.100378 | 9: bio_da577f656cb6; doi:10.1101/2020.12.09.417386 | 10: PMC11301681; doi:10.1021/acs.jproteome.3c00761,Metabolite Ratios as Quality Indicators for Pre-Analytical Variation in Serum and EDTA Plasma,pmcid:PMC8465943,4,0,0,1,1,0.25,Metabolite Ratios as Quality Indicators for Pre-Analytical Variation in Serum and EDTA Plasma,pmcid,PMC8465943,s_6b5d2bbe
Q037,Pre-centrifugation delay and transport,What holding times at 4°C and room temperature have been evaluated for EDTA blood before plasma isolation?,success,,raw,,,,vector,"pmc,biorxiv,medrxiv,arxiv,abstracts_only",1,10,What holding times at 4°C and room temperature have been evaluated for EDTA blood before plasma isolation?,,10,1: The impact of pre-freezing storage time and temperature on gene expression of blood collected in EDTA tubes | 2: Establishment of preanalytical conditions for microRNA profile analysis of clinical plasma samples | 3: Impact of Anticoagulation and Sample Processing on the Quantification of Human Blood-Derived microRNA Signatures | 4: Whole Blood Holding Time Prior to Plasma Processing Alters microRNA Expression Profile | 5: Influence of Blood Collection Methods and Long-Term Plasma Storage on Quorum-Sensing Peptide Stability | 6: Global Stability of Plasma Proteomes for Mass Spectrometry-Based Analyses * | 7: Impact of short-term storage of plasma samples on quantitation of ultra-low levels of interleukin-6 | 8: Effects of blood sample handling procedures on measurable interleukin 6 in plasma and serum | 9: Quantification of microRNA levels in plasma – Impact of preanalytical and analytical conditions | 10: Pre-storage centrifugation conditions have significant impact on measured microRNA levels in biobanked EDTA plasma samples,1: PMC9262796; doi:10.1007/s11033-022-07320-5 | 2: PMC9750036; doi:10.1371/journal.pone.0278927 | 3: PMC7464075; doi:10.3390/cells9081915 | 4: PMC8795683; doi:10.3389/fgene.2021.818334 | 5: PMC7346264; doi:10.1021/acsomega.0c01723 | 6: PMC3433892; doi:10.1074/mcp.M111.014340 | 7: PMC8593303; doi:10.1177/03000605211056846 | 8: PMC6757116; doi:10.1002/jcla.22924 | 9: PMC6053236; doi:10.1371/journal.pone.0201069 | 10: PMC5613297; doi:10.1016/j.bbrep.2016.06.005,Global Stability of Plasma Proteomes for Mass Spectrometry-Based Analyses,pmcid:PMC3433892,6,0,0,0,1,0.166667,Global Stability of Plasma Proteomes for Mass Spectrometry-Based Analyses *,pmcid,PMC3433892,s_65ee161f
Q038,Biospecimen quality control and SOPs,Which biological pathways contained most of the plasma proteins affected by ex-vivo proteolysis during variable processing?,success,,raw,,,,vector,"pmc,biorxiv,medrxiv,arxiv,abstracts_only",1,10,Which biological pathways contained most of the plasma proteins affected by ex-vivo proteolysis during variable processing?,,10,1: Variable blood processing procedures contribute to plasma proteomic variability | 2: Global Stability of Plasma Proteomes for Mass Spectrometry-Based Analyses * | 3: Plasma degradome affected by variable storage of human blood | 4: Pre-analytical drivers of bias in bead-enriched plasma proteomics | 5: The Effect of Pre-Analytical Variability on the Measurement of MRM-MS-Based Mid- to High-Abundance Plasma Protein Biomarkers and a Panel of Cytokines | 6: The proteins cleaved by endogenous tryptic proteases in normal EDTA plasma by C18 collection of peptides for liquid chromatography micro electrospray ionization and tandem mass spectrometry | 7: Discovery of pathway biomarkers from coupled proteomics and systems biology methods | 8: Impact of Variations in Commercial Standard Operating Procedure on Plasma Proteome Recovery | 9: Benchmarking enrichment and depletion methods for quantitative plasma proteomics in different plasma types and the correlation to clinical routine assays | 10: Effects of Long-Term Storage Time and Original Sampling Month on Biobank Plasma Protein Concentrations,1: PMC7816468; doi:10.1186/s12014-021-09311-3 | 2: PMC3433892; doi:10.1074/mcp.M111.014340 | 3: PMC5037888; doi:10.1186/s12014-016-9126-9 | 4: PMC12603263; doi:10.1038/s44321-025-00309-0 | 5: PMC3368926; doi:10.1371/journal.pone.0038290 | 6: PMC5712186; doi:10.1186/s12014-017-9174-9 | 7: PMC2975409; doi:10.1186/1471-2164-11-S2-S12 | 8: PMC13054859; doi:10.1021/acs.jproteome.5c01012 | 9: bio_764746a86cee; doi:10.1101/2025.11.03.686186 | 10: PMC5078583; doi:10.1016/j.ebiom.2016.08.038,Global Stability of Plasma Proteomes for Mass Spectrometry-Based Analyses,pmcid:PMC3433892,2,0,1,1,1,0.5,Global Stability of Plasma Proteomes for Mass Spectrometry-Based Analyses *,pmcid,PMC3433892,s_324e0689
Q039,Pre-centrifugation delay and transport,What room-temperature pre-centrifugation delays have been studied for blood and CSF inflammation-related protein measurements?,success,,raw,,,,vector,"pmc,biorxiv,medrxiv,arxiv,abstracts_only",1,10,What room-temperature pre-centrifugation delays have been studied for blood and CSF inflammation-related protein measurements?,,10,1: Assessing the Preanalytical Variability of Plasma and Cerebrospinal Fluid Processing and Its Effects on Inflammation-Related Protein Biomarkers | 2: Effects of blood sample handling procedures on measurable interleukin 6 in plasma and serum | 3: The holding temperature of blood during a delay to processing can affect serum and plasma protein measurements | 4: Impact of Delayed Centrifugation on Interleukin 6 Determination in Human Blood | 5: Impact of Preanalytical Procedures on Complement Biomarkers in Cerebrospinal Fluid and Plasma from Controls and Alzheimer’s Disease Patients | 6: Seven day pre-analytical stability of serum and plasma neurofilament light chain | 7: Chasing the Effects of Pre-Analytical Confounders – A Multicenter Study on CSF-AD Biomarkers | 8: Towards a unified protocol for handling of CSF before β-amyloid measurements | 9: The Effect of Pre-Analytical Variability on the Measurement of MRM-MS-Based Mid- to High-Abundance Plasma Protein Biomarkers and a Panel of Cytokines | 10: Impact of short-term storage of plasma samples on quantitation of ultra-low levels of interleukin-6,1: PMC8554621; doi:10.1016/j.mcpro.2021.100157 | 2: PMC6757116; doi:10.1002/jcla.22924 | 3: PMC7985364; doi:10.1038/s41598-021-85052-5 | 4: PMC12109806; doi:10.3390/diagnostics15101187 | 5: PMC11492022; doi:10.3233/JAD-240287 | 6: PMC8154890; doi:10.1038/s41598-021-90639-z | 7: PMC4495343; doi:10.3389/fneur.2015.00153 | 8: PMC6642586; doi:10.1186/s13195-019-0517-9 | 9: PMC3368926; doi:10.1371/journal.pone.0038290 | 10: PMC8593303; doi:10.1177/03000605211056846,Assessing the Preanalytical Variability of Plasma and Cerebrospinal Fluid Processing and Its Effects on Inflammation-Related Protein Biomarkers,pmcid:PMC8554621,1,1,1,1,1,1.0,Assessing the Preanalytical Variability of Plasma and Cerebrospinal Fluid Processing and Its Effects on Inflammation-Related Protein Biomarkers,pmcid,PMC8554621,s_97f5dbf3
Q040,Pre-centrifugation delay and transport,Which plasma proteins rose by twofold to tenfold after blood processing was delayed for 24 hours at room temperature?,success,,raw,,,,vector,"pmc,biorxiv,medrxiv,arxiv,abstracts_only",1,10,Which plasma proteins rose by twofold to tenfold after blood processing was delayed for 24 hours at room temperature?,,10,1: Global Stability of Plasma Proteomes for Mass Spectrometry-Based Analyses * | 2: Variable blood processing procedures contribute to plasma proteomic variability | 3: Multiple Reaction Monitoring-Mass Spectrometry Enables Robust Quantitation of Plasma Proteins Regardless of Whole Blood Processing Delays That May Occur in the Clinic | 4: The holding temperature of blood during a delay to processing can affect serum and plasma protein measurements | 5: Assessing the Preanalytical Variability of Plasma and Cerebrospinal Fluid Processing and Its Effects on Inflammation-Related Protein Biomarkers | 6: Impact of Delayed Centrifugation on Interleukin 6 Determination in Human Blood | 7: Inorganic Phosphorus and Potassium Are Putative Indicators of Delayed Separation of Whole Blood | 8: The Effect of Pre-Analytical Variability on the Measurement of MRM-MS-Based Mid- to High-Abundance Plasma Protein Biomarkers and a Panel of Cytokines | 9: Pre-analytical stability of the plasma proteomes based on the storage temperature | 10: Plasma glutathione status as indicator of pre-analytical centrifugation delay,1: PMC3433892; doi:10.1074/mcp.M111.014340 | 2: PMC7816468; doi:10.1186/s12014-021-09311-3 | 3: PMC9062485; doi:10.1016/j.mcpro.2022.100212 | 4: PMC7985364; doi:10.1038/s41598-021-85052-5 | 5: PMC8554621; doi:10.1016/j.mcpro.2021.100157 | 6: PMC12109806; doi:10.3390/diagnostics15101187 | 7: PMC4850501; doi:10.1016/j.phrp.2015.11.003 | 8: PMC3368926; doi:10.1371/journal.pone.0038290 | 9: PMC3658880; doi:10.1186/1477-5956-11-10 | 10: bio_97060fe06e41; doi:10.1101/2020.12.09.417386,Assessing the Preanalytical Variability of Plasma and Cerebrospinal Fluid Processing and Its Effects on Inflammation-Related Protein Biomarkers,pmcid:PMC8554621,5,0,0,1,1,0.2,Assessing the Preanalytical Variability of Plasma and Cerebrospinal Fluid Processing and Its Effects on Inflammation-Related Protein Biomarkers,pmcid,PMC8554621,s_139d3728
Q041,Freeze-thaw and frozen storage,Which circulating proteins remained stable in plasma and serum through five freeze-thaw cycles?,success,,raw,,,,vector,"pmc,biorxiv,medrxiv,arxiv,abstracts_only",1,10,Which circulating proteins remained stable in plasma and serum through five freeze-thaw cycles?,,10,1: Impact of Single Freeze-Thaw Cycles on Serum Protein Stability: Implications for Clinical Biomarker Validation Using Mass Spectrometry | 2: Impact of single freeze-thaw cycles on human serum proteins: Implications for mass spectrometry biomarker validation | 3: Global Stability of Plasma Proteomes for Mass Spectrometry-Based Analyses * | 4: Effect of Repeated Freezing and Thawing on Biomarker Stability in Plasma and Serum Samples | 5: Impact of Freeze-thaw Cycles and Storage Time on Plasma Samples Used in Mass Spectrometry Based Biomarker Discovery Projects | 6: Effects of in vitro hemolysis and repeated freeze-thaw cycles in protein abundance quantification using the SomaScan and Olink assays | 7: The Effect of Pre-Analytical Variability on the Measurement of MRM-MS-Based Mid- to High-Abundance Plasma Protein Biomarkers and a Panel of Cytokines | 8: Tracking the Stability of Clinically Relevant Blood Plasma Proteins with Delta-S-Cys-Albumin—A Dilute-and-Shoot LC/MS-Based Marker of Specimen Exposure to Thawed Conditions | 9: Pre-analytical stability of the plasma proteomes based on the storage temperature | 10: In vitro Stability of Heat Shock Protein 27 in Serum and Plasma Under Different Pre-analytical Conditions: Implications for Large-Scale Clinical Studies,1: bio_6971918c74be; doi:10.1101/2025.04.09.647925 | 2: PMC13206734; doi:10.1016/j.isci.2026.115934 | 3: PMC3433892; doi:10.1074/mcp.M111.014340 | 4: PMC4700770; doi:10.1016/j.phrp.2015.11.005 | 5: PMC2657648 | 6: bio_4fb1a15f7299; doi:10.1101/2024.09.21.613295 | 7: PMC3368926; doi:10.1371/journal.pone.0038290 | 8: PMC9637815; doi:10.1016/j.mcpro.2022.100420 | 9: PMC3658880; doi:10.1186/1477-5956-11-10 | 10: PMC4855055; doi:10.3343/alm.2016.36.4.353,Effect of Repeated Freezing and Thawing on Biomarker Stability in Plasma and Serum Samples,pmcid:PMC4700770; pmid:26835245; doi:10.1016/j.phrp.2015.11.005,4,0,0,1,1,0.25,Effect of Repeated Freezing and Thawing on Biomarker Stability in Plasma and Serum Samples,pmcid,PMC4700770,s_b9310c2b
Q042,Freeze-thaw and frozen storage,Which circulating proteins changed significantly in both plasma and serum after repeated freeze-thaw cycles?,success,,raw,,,,vector,"pmc,biorxiv,medrxiv,arxiv,abstracts_only",1,10,Which circulating proteins changed significantly in both plasma and serum after repeated freeze-thaw cycles?,,10,1: Impact of single freeze-thaw cycles on human serum proteins: Implications for mass spectrometry biomarker validation | 2: Impact of Single Freeze-Thaw Cycles on Serum Protein Stability: Implications for Clinical Biomarker Validation Using Mass Spectrometry | 3: Global Stability of Plasma Proteomes for Mass Spectrometry-Based Analyses * | 4: Effects of in vitro hemolysis and repeated freeze-thaw cycles in protein abundance quantification using the SomaScan and Olink assays | 5: Impact of Freeze-thaw Cycles and Storage Time on Plasma Samples Used in Mass Spectrometry Based Biomarker Discovery Projects | 6: Effect of Repeated Freezing and Thawing on Biomarker Stability in Plasma and Serum Samples | 7: Effects of Long-Term Storage Time and Original Sampling Month on Biobank Plasma Protein Concentrations | 8: Plasma Proteome Profiling to detect and avoid sample‐related biases in biomarker studies | 9: A Multiplexed Quantitative Proteomics Approach to the Human Plasma Protein Signature | 10: The Effect of Pre-Analytical Variability on the Measurement of MRM-MS-Based Mid- to High-Abundance Plasma Protein Biomarkers and a Panel of Cytokines,1: PMC13206734; doi:10.1016/j.isci.2026.115934 | 2: bio_6971918c74be; doi:10.1101/2025.04.09.647925 | 3: PMC3433892; doi:10.1074/mcp.M111.014340 | 4: bio_4fb1a15f7299; doi:10.1101/2024.09.21.613295 | 5: PMC2657648 | 6: PMC4700770; doi:10.1016/j.phrp.2015.11.005 | 7: PMC5078583; doi:10.1016/j.ebiom.2016.08.038 | 8: PMC6835559; doi:10.15252/emmm.201910427 | 9: PMC11428418; doi:10.3390/biomedicines12092118 | 10: PMC3368926; doi:10.1371/journal.pone.0038290,Effect of Repeated Freezing and Thawing on Biomarker Stability in Plasma and Serum Samples,pmcid:PMC4700770; pmid:26835245; doi:10.1016/j.phrp.2015.11.005,6,0,0,0,1,0.166667,Effect of Repeated Freezing and Thawing on Biomarker Stability in Plasma and Serum Samples,pmcid,PMC4700770,s_bc5a8fc1
Q043,Storage temperature and duration,At which storage temperatures did serum and citrated-plasma biomarkers remain stable for up to 90 days?,success,,raw,,,,vector,"pmc,biorxiv,medrxiv,arxiv,abstracts_only",1,10,At which storage temperatures did serum and citrated-plasma biomarkers remain stable for up to 90 days?,,10,"1: The holding temperature of blood during a delay to processing can affect serum and plasma protein measurements | 2: In vitro Stability of Heat Shock Protein 27 in Serum and Plasma Under Different Pre-analytical Conditions: Implications for Large-Scale Clinical Studies | 3: The Effect of Pre-Analytical Variability on the Measurement of MRM-MS-Based Mid- to High-Abundance Plasma Protein Biomarkers and a Panel of Cytokines | 4: Pre-analytical stability of the plasma proteomes based on the storage temperature | 5: Effect of Repeated Freezing and Thawing on Biomarker Stability in Plasma and Serum Samples | 6: Impact of Serum Sample Storage on the Stability of TRAIL, IP-10, and CRP: Implications for Biomarker Research Employing Biobanks | 7: Global Stability of Plasma Proteomes for Mass Spectrometry-Based Analyses * | 8: Stability of Proteins in Dried Blood Spot Biobanks * | 9: Tracking the Stability of Clinically Relevant Blood Plasma Proteins with Delta-S-Cys-Albumin—A Dilute-and-Shoot LC/MS-Based Marker of Specimen Exposure to Thawed Conditions | 10: Assessment of the stability of 20 biochemical analytes in serum and whole blood samples after storage at nonstandard temperatures",1: PMC7985364; doi:10.1038/s41598-021-85052-5 | 2: PMC4855055; doi:10.3343/alm.2016.36.4.353 | 3: PMC3368926; doi:10.1371/journal.pone.0038290 | 4: PMC3658880; doi:10.1186/1477-5956-11-10 | 5: PMC4700770; doi:10.1016/j.phrp.2015.11.005 | 6: med_86811ddb753f; doi:10.1101/2025.01.22.25320787 | 7: PMC3433892; doi:10.1074/mcp.M111.014340 | 8: PMC5500761; doi:10.1074/mcp.RA117.000015 | 9: PMC9637815; doi:10.1016/j.mcpro.2022.100420 | 10: PMC12769415; doi:10.1016/j.plabm.2025.e00514,Effect of biobanking conditions on short-term stability of biomarkers in human serum and plasma,pmid:24327528; doi:10.1515/cclm-2013-0705,,0,0,0,0,0.0,,,,s_06ae0a56
Q044,Storage temperature and duration,Do brief temperature excursions during frozen storage substantially affect biomarker stability?,success,,raw,,,,vector,"pmc,biorxiv,medrxiv,arxiv,abstracts_only",1,10,Do brief temperature excursions during frozen storage substantially affect biomarker stability?,,10,1: In vitro Stability of Heat Shock Protein 27 in Serum and Plasma Under Different Pre-analytical Conditions: Implications for Large-Scale Clinical Studies | 2: The holding temperature of blood during a delay to processing can affect serum and plasma protein measurements | 3: Effect of Repeated Freezing and Thawing on Biomarker Stability in Plasma and Serum Samples | 4: Tracking the Stability of Clinically Relevant Blood Plasma Proteins with Delta-S-Cys-Albumin—A Dilute-and-Shoot LC/MS-Based Marker of Specimen Exposure to Thawed Conditions | 5: Global Stability of Plasma Proteomes for Mass Spectrometry-Based Analyses * | 6: Impact of single freeze-thaw cycles on human serum proteins: Implications for mass spectrometry biomarker validation | 7: Impact of Freeze-thaw Cycles and Storage Time on Plasma Samples Used in Mass Spectrometry Based Biomarker Discovery Projects | 8: Pre-analytical stability of the plasma proteomes based on the storage temperature | 9: Impact of Single Freeze-Thaw Cycles on Serum Protein Stability: Implications for Clinical Biomarker Validation Using Mass Spectrometry | 10: The Effect of Pre-Analytical Variability on the Measurement of MRM-MS-Based Mid- to High-Abundance Plasma Protein Biomarkers and a Panel of Cytokines,1: PMC4855055; doi:10.3343/alm.2016.36.4.353 | 2: PMC7985364; doi:10.1038/s41598-021-85052-5 | 3: PMC4700770; doi:10.1016/j.phrp.2015.11.005 | 4: PMC9637815; doi:10.1016/j.mcpro.2022.100420 | 5: PMC3433892; doi:10.1074/mcp.M111.014340 | 6: PMC13206734; doi:10.1016/j.isci.2026.115934 | 7: PMC2657648 | 8: PMC3658880; doi:10.1186/1477-5956-11-10 | 9: bio_6971918c74be; doi:10.1101/2025.04.09.647925 | 10: PMC3368926; doi:10.1371/journal.pone.0038290,Effect of biobanking conditions on short-term stability of biomarkers in human serum and plasma,pmid:24327528; doi:10.1515/cclm-2013-0705,,0,0,0,0,0.0,,,,s_d6f06687
Q045,Freeze-thaw and frozen storage,Which serum endocrine analyte increased beyond the allowable bias after four freeze-thaw cycles?,success,,raw,,,,vector,"pmc,biorxiv,medrxiv,arxiv,abstracts_only",1,10,Which serum endocrine analyte increased beyond the allowable bias after four freeze-thaw cycles?,,10,1: Inter-laboratory validation of the measurement of follicle stimulating hormone (FSH) after various lengths of frozen storage | 2: The effect of storage time and freeze-thaw cycles on the stability of serum samples | 3: The Stability of the Anti-Müllerian Hormone in Serum and Plasma Samples under Various Preanalytical Conditions | 4: Stability and validity of intact parathyroid hormone levels in different sample types and storage conditions | 5: The Clinical Impact of Sample Storage at −20 °C on Renin Reference Intervals and Aldosterone–Renin Ratio Calculations | 6: The effect of freeze‐thaw cycles on determination of immunoreactive plasma adrenocorticotrophic hormone concentrations in horses | 7: Analytical bias of automated immunoassays for six serum steroid hormones assessed by LC-MS/MS | 8: Establishing Reference Intervals for Sex Hormones on the Analytical Platforms Advia Centaur and Immulite 2000XP | 9: Effects of EDTA and Sodium Citrate on hormone measurements by fluorometric (FIA) and immunofluorometric (IFMA) methods | 10: The pre‐analytical stability of 25‐hydroxyvitamin D: Storage and mixing effects,1: PMC3009700; doi:10.1186/1477-7827-8-145 | 2: PMC3900085; doi:10.11613/BM.2013.009 | 3: PMC10137981; doi:10.3390/diagnostics13081501 | 4: PMC8183913; doi:10.1002/jcla.23771 | 5: PMC11099477; doi:10.1210/clinem/dgae057 | 6: PMC7255672; doi:10.1111/jvim.15771 | 7: PMC7394251; doi:10.11613/BM.2020.030701 | 8: PMC4697344; doi:10.3343/alm.2016.36.1.55 | 9: PMC115861; doi:10.1186/1472-6890-2-2 | 10: PMC7031638; doi:10.1002/jcla.23037,Stability of 17 endocrine analytes in serum or plasma after four cycles of repeated freezing and thawing,pmid:40243258; doi:10.1080/00365513.2025.2487989,,0,0,0,0,0.0,,,,s_d9eac656
Q046,Freeze-thaw and frozen storage,How well do endocrine analytes tolerate four freeze-thaw cycles?,success,,raw,,,,vector,"pmc,biorxiv,medrxiv,arxiv,abstracts_only",1,10,How well do endocrine analytes tolerate four freeze-thaw cycles?,,10,1: Inter-laboratory validation of the measurement of follicle stimulating hormone (FSH) after various lengths of frozen storage | 2: The Stability of the Anti-Müllerian Hormone in Serum and Plasma Samples under Various Preanalytical Conditions | 3: Improving Science by Overcoming Laboratory Pitfalls With Hormone Measurements | 4: A round robin approach to the analysis of bisphenol a (BPA) in human blood samples | 5: Cold-induced phase separation for the simple and reliable extraction of sex hormones for subsequent LC-MS/MS analysis | 6: Profiling steroid and thyroid hormones with hair analysis in a cohort of women aged 25 to 45 years old | 7: Challenges and improvements in testosterone and estradiol testing | 8: Measurement of Free Testosterone in Serum Using Equilibrium DialysisCoupled With ID-UHPLC-MS/MS: Comparison Between Equilibrium Devices | 9: Targeted metabolic profiling of urinary steroids with a focus on analytical accuracy and sample stability | 10: The effect of storage time and freeze-thaw cycles on the stability of serum samples,1: PMC3009700; doi:10.1186/1477-7827-8-145 | 2: PMC10137981; doi:10.3390/diagnostics13081501 | 3: PMC7993596; doi:10.1210/clinem/dgaa923 | 4: PMC4066311; doi:10.1186/1476-069X-13-25 | 5: PMC8953666; doi:10.1016/j.jlr.2021.100158 | 6: PMC8942333; doi:10.1530/EJE-22-0081 | 7: PMC3955326; doi:10.4103/1008-682X.122338 | 8: PMC8090003; doi:10.1210/jendso/bvab048.1545 | 9: PMC9334310; doi:10.1016/j.jmsacl.2022.07.006 | 10: PMC3900085; doi:10.11613/BM.2013.009,Stability of 17 endocrine analytes in serum or plasma after four cycles of repeated freezing and thawing,pmid:40243258; doi:10.1080/00365513.2025.2487989,,0,0,0,0,0.0,,,,s_c44eba24
Q047,"Specimen, tube, and processing effects",What centrifugation time and force should be used for validated serum and plasma preparation?,success,,raw,,,,vector,"pmc,biorxiv,medrxiv,arxiv,abstracts_only",1,10,What centrifugation time and force should be used for validated serum and plasma preparation?,,10,1: Effects of different centrifugation conditions on clinical chemistry and Immunology test results | 2: Influence of centrifugation conditions on the results of 77 routine clinical chemistry analytes using standard vacuum blood collection tubes and the new BD-Barricor tubes | 3: Evaluation of an alternative centrifugation protocol for reducing total turnaround time | 4: Does centrifugation matter? Centrifugal force and spinning time alter the plasma metabolome | 5: Impact of Centrifugation Time Reduction in GLP Systems | 6: Comparative Evaluation of Centrifugation Speed and Its Impact on Diagnostic Accuracy | 7: Centrifugation: an important pre-analytic procedure that influences plasma microRNA quantification during blood processing | 8: Effect of Delayed Centrifugation on the Levels of NMR-Measured Lipoproteins and Metabolites in Plasma and Serum Samples | 9: Comparison of pre-analytical conditions for quantification of serotonin in platelet-poor plasma | 10: Quantities and units for centrifugation in the clinical laboratory,1: PMC3123263; doi:10.1186/1472-6890-11-6 | 2: PMC5701775; doi:10.11613/BM.2018.010704 | 3: PMC11949531; doi:10.1515/almed-2024-0170 | 4: PMC5025507; doi:10.1007/s11306-016-1109-3 | 5: PMC12519673 | 6: PMC12699201; doi:10.1002/jcla.70120 | 7: PMC3870851; doi:10.5732/cjc.012.10271 | 8: PMC9753045; doi:10.1021/acs.analchem.2c02167 | 9: PMC6804510; doi:10.1016/j.plabm.2019.e00136 | 10: PMC2547964; doi:10.1155/S1463924692000208,"Method validation for preparing serum and plasma samples from human blood for downstream proteomic, metabolomic, and circulating nucleic acid-based applications",pmid:25075813; doi:10.1089/bio.2014.0003,,0,0,0,0,0.0,,,,s_adc525e3
Q048,Pre-centrifugation delay and transport,"After blood waited two hours before centrifugation, which measurements stayed stable at both temperatures and which did not?",success,,raw,,,,vector,"pmc,biorxiv,medrxiv,arxiv,abstracts_only",1,10,"After blood waited two hours before centrifugation, which measurements stayed stable at both temperatures and which did not?",,10,"1: Assessment of the stability of 20 biochemical analytes in serum and whole blood samples after storage at nonstandard temperatures | 2: How Long can we Store Blood Samples: A Systematic Review and Meta-Analysis | 3: Stability of hematological analytes during 48 hours storage at three temperatures using Cell-Dyn hematology analyzer | 4: Stability of 35 biochemical and immunological routine tests after 10 hours storage and transport of human whole blood at 21°C | 5: Storage stability of commonly used haematological parameters at 33 °C | 6: Stability studies of common biochemical analytes in serum separator tubes with or without gel barrier subjected to various storage conditions | 7: The stability of quantitative blood count parameters using the ADVIA 2120i hematology analyzer | 8: Effect of sample type, centrifugation and storage conditions on vitamin D concentration | 9: Effect of storage temperature and time on erythrocyte sedimentation rate | 10: Biochemical analytes in centrifuged blood samples could be affected by the age of subjects in different time periods and storage temperatures",1: PMC12769415; doi:10.1016/j.plabm.2025.e00514 | 2: PMC5652294; doi:10.1016/j.ebiom.2017.09.024 | 3: PMC8199497; doi:10.5937/jomb0-27945 | 4: PMC4219582; doi:10.3109/00365513.2014.928940 | 5: PMC5898956; doi:10.11613/BM.2018.020901 | 6: PMC4062343 | 7: PMC5574499; doi:10.1016/j.plabm.2015.12.001 | 8: PMC3900071; doi:10.11613/BM.2013.039 | 9: PMC9148503; doi:10.1186/s40001-022-00701-3 | 10: PMC12364043; doi:10.4103/ajts.ajts_178_21,"Method validation for preparing serum and plasma samples from human blood for downstream proteomic, metabolomic, and circulating nucleic acid-based applications",pmid:25075813; doi:10.1089/bio.2014.0003,,0,0,0,0,0.0,,,,s_29034966
Q049,Storage temperature and duration,"What temperatures have been considered for long-term storage of human fluid, cell, and tissue biospecimens?",success,,raw,,,,vector,"pmc,biorxiv,medrxiv,arxiv,abstracts_only",1,10,"What temperatures have been considered for long-term storage of human fluid, cell, and tissue biospecimens?",,10,1: Current standards for the storage of human samples in biobanks | 2: Roadmap for low-carbon ultra-low temperature storage in biobanking | 3: Current State and Challenges of Tissue and Organ Cryopreservation in Biobanking | 4: Repository of Human Blood Derivative Biospecimens in Biobank: Technical Implications | 5: Indicator Tubes: A Novel Solution for Monitoring Temperature Excursions in Biobank Storage | 6: Nitrogen Biobank for Cardiovascular Research | 7: Tissue Preservation and Access: Modern Innovation in Biobanking Moving Forwards a Personalized Treatment | 8: Quality assessment from biobank plasma and serum specimens: a systematic review | 9: Long-term Cryopreservation of Human and other Mammalian Cells at −80 °C for 8 Years | 10: Biobanking of Biological Samples at Room Temperature,1: PMC2988449; doi:10.1186/gm193 | 2: PMC11308585; doi:10.1186/s12967-024-05383-5 | 3: PMC11508709; doi:10.3390/ijms252011124 | 4: PMC4430793 | 5: PMC12566185; doi:10.3390/mps8050120 | 6: PMC3780350; doi:10.2174/1573403X113099990035 | 7: PMC12113189; doi:10.3390/jpm15050190 | 8: PMC12514999; doi:10.7717/peerj.20122 | 9: PMC6172990; doi:10.1177/2155179017733148 | 10: bio_30e13aa373de; doi:10.1101/2025.04.08.646969,Storage of human biospecimens: selection of the optimal storage temperature,pmid:24918763; doi:10.1089/bio.2013.0084,,0,0,0,0,0.0,,,,s_5062551c
Q050,Storage temperature and duration,Why can two biospecimens have different quality after thawing even if they were processed in the same way?,success,,raw,,,,vector,"pmc,biorxiv,medrxiv,arxiv,abstracts_only",1,10,Why can two biospecimens have different quality after thawing even if they were processed in the same way?,,10,1: An overview of Synlab SDN Biobank’s quality control system | 2: Example for process validation in biobanking: Fit for purpose testing of a cryopreservation method without isopentane | 3: Toward Optimal Cryopreservation and Storage for Achievement of High Cell Recovery and Maintenance of Cell Viability and T Cell Functionality | 4: In search of an evidence-based strategy for quality assessment of human tissue samples: report of the tissue Biospecimen Research Working Group of the Spanish Biobank Network | 5: Quality assessment from biobank plasma and serum specimens: a systematic review | 6: Tumor Banks: A Quality Control Scheme Proposal | 7: Indicator Tubes: A Novel Solution for Monitoring Temperature Excursions in Biobank Storage | 8: Current standards for the storage of human samples in biobanks | 9: Applied Molecular-Based Quality Control of Biobanked Samples for Multi-Omics Approach | 10: Quality Considerations When Using Tissue Samples for Biomarker Studies in Cancer Research,1: PMC11335955; doi:10.1038/s41598-024-70263-3 | 2: PMC9562646; doi:10.3389/fmolb.2022.876670 | 3: PMC5180082; doi:10.1089/bio.2016.0046 | 4: PMC6852937; doi:10.1186/s12967-019-2124-8 | 5: PMC12514999; doi:10.7717/peerj.20122 | 6: PMC6811598; doi:10.3389/fmed.2019.00225 | 7: PMC12566185; doi:10.3390/mps8050120 | 8: PMC2988449; doi:10.1186/gm193 | 9: PMC10378006; doi:10.3390/cancers15143742 | 10: PMC8060748; doi:10.1177/11772719211009513,Storage of human biospecimens: selection of the optimal storage temperature | Biospecimen Reporting for Improved Study Quality,pmid:24918763; doi:10.1089/bio.2013.0084 | pmcid:PMC3142856; pmid:21826252; doi:10.1089/bio.2010.0036,,0,0,0,0,0.0,,,,s_0c928e26
Q051,"Specimen, tube, and processing effects",Does a polymeric gel collection tube affect metabolite levels more in serum or plasma?,success,,raw,,,,vector,"pmc,biorxiv,medrxiv,arxiv,abstracts_only",1,10,Does a polymeric gel collection tube affect metabolite levels more in serum or plasma?,,10,"1: Impact of Blood Collection Tubes and Sample Handling Time on Serum and Plasma Metabolome and Lipidome | 2: Global biochemical analysis of plasma, serum and whole blood collected using various anticoagulant additives | 3: Comparative metabolomics studies of blood collected in streck and heparin tubes from lung cancer patients | 4: An Overview of Pre-Analytical Factors Impacting Metabolomics Analyses of Blood Samples | 5: Targeted Metabolomics Identifies Reliable and Stable Metabolites in Human Serum and Plasma Samples | 6: Impact of Prolonged Blood Incubation and Extended Serum Storage at Room Temperature on the Human Serum Metabolome | 7: Plasma Instead of Serum Avoids Critical Confounding of Clinical Metabolomics Studies by Platelets | 8: A Comparison of Serum and Plasma Blood Collection Tubes for the Integration of Epidemiological and Metabolomics Data | 9: Differences between Human Plasma and Serum Metabolite Profiles | 10: Serum or Plasma (and Which Plasma), That Is the Question",1: PMC6316012; doi:10.3390/metabo8040088 | 2: PMC8031419; doi:10.1371/journal.pone.0249797.r004 | 3: PMC8064553; doi:10.1371/journal.pone.0249648 | 4: PMC11433674; doi:10.3390/metabo14090474 | 5: PMC3933650; doi:10.1371/journal.pone.0089728 | 6: PMC5875996; doi:10.3390/metabo8010006 | 7: PMC11301681; doi:10.1021/acs.jproteome.3c00761 | 8: PMC8295687; doi:10.3389/fmolb.2021.682134 | 9: PMC3132215; doi:10.1371/journal.pone.0021230 | 10: PMC8981325; doi:10.1021/acs.jproteome.1c00935,Influence of the collection tube on metabolomic changes in serum and plasma,pmid:26838459; doi:10.1016/j.talanta.2015.12.079,,0,0,0,0,0.0,,,,s_0fb114f3
Q052,"Specimen, tube, and processing effects",Which amino acids were affected when serum was collected in polymeric gel tubes?,success,,raw,,,,vector,"pmc,biorxiv,medrxiv,arxiv,abstracts_only",1,10,Which amino acids were affected when serum was collected in polymeric gel tubes?,,10,"1: Stability of amino acids and related amines in human serum under different preprocessing and pre-storage conditions based on iTRAQ ® -LC-MS/MS | 2: Ex-vivo changes in amino acid concentrations from blood stored at room temperature or on ice: implications for arginine and taurine measurements | 3: Impact of Blood Collection Tubes and Sample Handling Time on Serum and Plasma Metabolome and Lipidome | 4: Stability studies of common biochemical analytes in serum separator tubes with or without gel barrier subjected to various storage conditions | 5: Impact of Prolonged Blood Incubation and Extended Serum Storage at Room Temperature on the Human Serum Metabolome | 6: Important Lessons on Long-Term Stability of Amino Acids in Stored Dried Blood Spots | 7: Pre-analytic decrease of phenylalanine in plasma of patients with phenylketonuria treated with pegvaliase | 8: Global biochemical analysis of plasma, serum and whole blood collected using various anticoagulant additives | 9: Effect of blood contamination of cerebrospinal fluid on amino acids, biogenic amines, pterins and vitamins | 10: Analytical Validation of an Assay for Concurrent Measurement of Amino Acids in Dog Serum and Comparison of Amino Acid Concentrations between Whole Blood, Plasma, and Serum from Dogs",1: PMC7928226; doi:10.1242/bio.055020 | 2: PMC2785822; doi:10.1186/1472-6890-9-10 | 3: PMC6316012; doi:10.3390/metabo8040088 | 4: PMC4062343 | 5: PMC5875996; doi:10.3390/metabo8010006 | 6: PMC10366855; doi:10.3390/ijns9030034 | 7: PMC11252920; doi:10.1016/j.ymgmr.2024.101110 | 8: PMC8031419; doi:10.1371/journal.pone.0249797.r004 | 9: PMC6857153; doi:10.1186/s12987-019-0154-5 | 10: PMC9608751; doi:10.3390/metabo12100891,Influence of the collection tube on metabolomic changes in serum and plasma,pmid:26838459; doi:10.1016/j.talanta.2015.12.079,,0,0,0,0,0.0,,,,s_45226aa7
Q053,Pre-centrifugation delay and transport,What post-centrifugation holding times and temperatures have been evaluated for serum and EDTA plasma before storage?,success,,raw,,,,vector,"pmc,biorxiv,medrxiv,arxiv,abstracts_only",1,10,What post-centrifugation holding times and temperatures have been evaluated for serum and EDTA plasma before storage?,,10,"1: Assessment of the stability of 20 biochemical analytes in serum and whole blood samples after storage at nonstandard temperatures | 2: Sample Management: Stability of Plasma and Serum on Different Storage Conditions | 3: Effect of sample type, centrifugation and storage conditions on vitamin D concentration | 4: The impact of pre‐analytical variations on biochemical analytes stability: A systematic review | 5: Stability of 35 biochemical and immunological routine tests after 10 hours storage and transport of human whole blood at 21°C | 6: Stability studies of common biochemical analytes in serum separator tubes with or without gel barrier subjected to various storage conditions | 7: The effect of storage time and freeze-thaw cycles on the stability of serum samples | 8: How Long can we Store Blood Samples: A Systematic Review and Meta-Analysis | 9: Time collection and storage conditions of lipid profile | 10: The influence of various sample storage conditions and sample bacterial contamination on concentrations of routine biochemical parameters",1: PMC12769415; doi:10.1016/j.plabm.2025.e00514 | 2: PMC7109503 | 3: PMC3900071; doi:10.11613/BM.2013.039 | 4: PMC7755813; doi:10.1002/jcla.23551 | 5: PMC4219582; doi:10.3109/00365513.2014.928940 | 6: PMC4062343 | 7: PMC3900085; doi:10.11613/BM.2013.009 | 8: PMC5652294; doi:10.1016/j.ebiom.2017.09.024 | 9: PMC5769759; doi:10.1590/1414-431X20176955 | 10: PMC11318062; doi:10.5937/jomb0-40360,Profiling post-centrifugation delay of serum and plasma with antibody bead arrays,pmid:23631827; doi:10.1016/j.jprot.2013.04.020,,0,0,0,0,0.0,,,,s_e3033c1c
Q054,Pre-centrifugation delay and transport,Which protein decreased when EDTA plasma was left for a long time after centrifugation?,success,,raw,,,,vector,"pmc,biorxiv,medrxiv,arxiv,abstracts_only",1,10,Which protein decreased when EDTA plasma was left for a long time after centrifugation?,,10,1: Influence of Anticoagulants on the Dissociation of Cardiac Troponin Complex in Blood Samples | 2: Impact of Delayed Centrifugation on Interleukin 6 Determination in Human Blood | 3: Effects of blood sample handling procedures on measurable interleukin 6 in plasma and serum | 4: Plasma glutathione status as indicator of pre-analytical centrifugation delay | 5: Effects of different centrifugation conditions on clinical chemistry and Immunology test results | 6: Impact of short-term storage of plasma samples on quantitation of ultra-low levels of interleukin-6 | 7: Global Stability of Plasma Proteomes for Mass Spectrometry-Based Analyses * | 8: Time-dependent variation of ionized calcium in serum samples | 9: Pre-analytical stability of the plasma proteomes based on the storage temperature | 10: Comparison of pre-analytical conditions for quantification of serotonin in platelet-poor plasma,1: PMC11354535; doi:10.3390/ijms25168919 | 2: PMC12109806; doi:10.3390/diagnostics15101187 | 3: PMC6757116; doi:10.1002/jcla.22924 | 4: bio_da577f656cb6; doi:10.1101/2020.12.09.417386 | 5: PMC3123263; doi:10.1186/1472-6890-11-6 | 6: PMC8593303; doi:10.1177/03000605211056846 | 7: PMC3433892; doi:10.1074/mcp.M111.014340 | 8: PMC6784427; doi:10.11613/BM.2019.030708 | 9: PMC3658880; doi:10.1186/1477-5956-11-10 | 10: PMC6804510; doi:10.1016/j.plabm.2019.e00136,Profiling post-centrifugation delay of serum and plasma with antibody bead arrays,pmid:23631827; doi:10.1016/j.jprot.2013.04.020,,0,0,0,0,0.0,,,,s_c93890d7
Q055,Freeze-thaw and frozen storage,Which analyte was the exception when pooled EDTA plasma showed little change during the first ten freeze-thaw cycles?,success,,raw,,,,vector,"pmc,biorxiv,medrxiv,arxiv,abstracts_only",1,10,Which analyte was the exception when pooled EDTA plasma showed little change during the first ten freeze-thaw cycles?,,10,"1: The effect of storage time and freeze-thaw cycles on the stability of serum samples | 2: Effect of Repeated Freezing and Thawing on Biomarker Stability in Plasma and Serum Samples | 3: Global Stability of Plasma Proteomes for Mass Spectrometry-Based Analyses * | 4: EDTA Improves Stability of Whole Blood C-Peptide and Insulin to Over 24 Hours at Room Temperature | 5: Sample Management: Stability of Plasma and Serum on Different Storage Conditions | 6: Isolated Effects of Plasma Freezing versus Thawing on Metabolite Stability | 7: The Effects of a Single Freeze-Thaw Cycle on Concentrations of Nutritional, Noncommunicable Disease, and Inflammatory Biomarkers in Serum Samples | 8: Factors affecting stability of plasma brain-derived neurotrophic factor | 9: Stability of 35 biochemical and immunological routine tests after 10 hours storage and transport of human whole blood at 21°C | 10: Instability of Plasma and Serum Progastrin-Releasing Peptide During Repeated Freezing and Thawing",1: PMC3900085; doi:10.11613/BM.2013.009 | 2: PMC4700770; doi:10.1016/j.phrp.2015.11.005 | 3: PMC3433892; doi:10.1074/mcp.M111.014340 | 4: PMC3408407; doi:10.1371/journal.pone.0042084 | 5: PMC7109503 | 6: PMC9693613; doi:10.3390/metabo12111098 | 7: PMC8154350; doi:10.1055/s-0041-1726575 | 8: PMC7677545; doi:10.1038/s41598-020-77046-6 | 9: PMC4219582; doi:10.3109/00365513.2014.928940 | 10: PMC5194227; doi:10.1016/j.phrp.2016.11.004,Evaluation of Freeze Thaw Cycles on stored plasma in the Biobank of the Norwegian Mother and Child Cohort Study,pmcid:PMC2860294; pmid:20428472; doi:10.1089/cpt.2008.0012,,0,0,0,0,0.0,,,,s_e1785c6b
Q056,Freeze-thaw and frozen storage,Which plasma analytes are most sensitive to extensive repeated freeze-thawing?,success,,raw,,,,vector,"pmc,biorxiv,medrxiv,arxiv,abstracts_only",1,10,Which plasma analytes are most sensitive to extensive repeated freeze-thawing?,,10,1: The effect of storage time and freeze-thaw cycles on the stability of serum samples | 2: Effect of Repeated Freezing and Thawing on Biomarker Stability in Plasma and Serum Samples | 3: Global Stability of Plasma Proteomes for Mass Spectrometry-Based Analyses * | 4: Instability of Plasma and Serum Progastrin-Releasing Peptide During Repeated Freezing and Thawing | 5: Quality assurance of add-on testing in plasma samples: stability limit for 29 biochemical analytes | 6: In vitro Stability of Heat Shock Protein 27 in Serum and Plasma Under Different Pre-analytical Conditions: Implications for Large-Scale Clinical Studies | 7: Isolated Effects of Plasma Freezing versus Thawing on Metabolite Stability | 8: Metabolic and lipidomic stability in EDTA plasma from hospitalized patients: impact of refrigerated storage time and additional freeze—thaw cycle | 9: Sample Management: Stability of Plasma and Serum on Different Storage Conditions | 10: The influence of various sample storage conditions and sample bacterial contamination on concentrations of routine biochemical parameters,1: PMC3900085; doi:10.11613/BM.2013.009 | 2: PMC4700770; doi:10.1016/j.phrp.2015.11.005 | 3: PMC3433892; doi:10.1074/mcp.M111.014340 | 4: PMC5194227; doi:10.1016/j.phrp.2016.11.004 | 5: PMC11042558; doi:10.11613/BM.2024.020704 | 6: PMC4855055; doi:10.3343/alm.2016.36.4.353 | 7: PMC9693613; doi:10.3390/metabo12111098 | 8: PMC13106266; doi:10.1007/s11306-026-02428-2 | 9: PMC7109503 | 10: PMC11318062; doi:10.5937/jomb0-40360,Evaluation of Freeze Thaw Cycles on stored plasma in the Biobank of the Norwegian Mother and Child Cohort Study,pmcid:PMC2860294; pmid:20428472; doi:10.1089/cpt.2008.0012,,0,0,0,0,0.0,,,,s_db4a7346
Q057,Freeze-thaw and frozen storage,Which endocrine parameter showed a significant and clinically relevant increase after repeated freeze-thaw cycles?,success,,raw,,,,vector,"pmc,biorxiv,medrxiv,arxiv,abstracts_only",1,10,Which endocrine parameter showed a significant and clinically relevant increase after repeated freeze-thaw cycles?,,10,1: The effect of freeze‐thaw cycles on determination of immunoreactive plasma adrenocorticotrophic hormone concentrations in horses | 2: Inter-laboratory validation of the measurement of follicle stimulating hormone (FSH) after various lengths of frozen storage | 3: Stability and validity of intact parathyroid hormone levels in different sample types and storage conditions | 4: The Stability of the Anti-Müllerian Hormone in Serum and Plasma Samples under Various Preanalytical Conditions | 5: The Clinical Impact of Sample Storage at −20 °C on Renin Reference Intervals and Aldosterone–Renin Ratio Calculations | 6: The effect of storage time and freeze-thaw cycles on the stability of serum samples | 7: Improving Science by Overcoming Laboratory Pitfalls With Hormone Measurements | 8: Stability of adrenocorticotropic hormone in whole blood samples: effects of storage conditions | 9: Measurement of serum anti-Müllerian hormone by revised Gen II or automated assay: Reproducibility under various blood/serum storage conditions | 10: Instability of Plasma and Serum Progastrin-Releasing Peptide During Repeated Freezing and Thawing,1: PMC7255672; doi:10.1111/jvim.15771 | 2: PMC3009700; doi:10.1186/1477-7827-8-145 | 3: PMC8183913; doi:10.1002/jcla.23771 | 4: PMC10137981; doi:10.3390/diagnostics13081501 | 5: PMC11099477; doi:10.1210/clinem/dgae057 | 6: PMC3900085; doi:10.11613/BM.2013.009 | 7: PMC7993596; doi:10.1210/clinem/dgaa923 | 8: PMC11334200; doi:10.11613/BM.2024.030702 | 9: PMC10258520; doi:10.5653/cerm.2022.05687 | 10: PMC5194227; doi:10.1016/j.phrp.2016.11.004,Effects of repeated freeze-thaw cycles on endocrine parameters in plasma and serum,pmid:27303059; doi:10.1177/0004563216657361,,0,0,0,0,0.0,,,,s_7646154a
Q058,Freeze-thaw and frozen storage,Which endocrine measurement showed a small decrease after repeated freeze-thaw cycles?,success,,raw,,,,vector,"pmc,biorxiv,medrxiv,arxiv,abstracts_only",1,10,Which endocrine measurement showed a small decrease after repeated freeze-thaw cycles?,,10,1: The effect of freeze‐thaw cycles on determination of immunoreactive plasma adrenocorticotrophic hormone concentrations in horses | 2: Inter-laboratory validation of the measurement of follicle stimulating hormone (FSH) after various lengths of frozen storage | 3: The Stability of the Anti-Müllerian Hormone in Serum and Plasma Samples under Various Preanalytical Conditions | 4: The effect of storage time and freeze-thaw cycles on the stability of serum samples | 5: Stability and validity of intact parathyroid hormone levels in different sample types and storage conditions | 6: Improving Science by Overcoming Laboratory Pitfalls With Hormone Measurements | 7: Measurement of serum anti-Müllerian hormone by revised Gen II or automated assay: Reproducibility under various blood/serum storage conditions | 8: The validation of a commercial enzyme-linked immunosorbent assay and the effect of freeze-thaw cycles of serum on the stability of cortisol and testosterone concentrations in Aceh cattle | 9: Stability of glucagon-like peptide 1 and glucagon in human plasma | 10: Stability of adrenocorticotropic hormone in whole blood samples: effects of storage conditions,1: PMC7255672; doi:10.1111/jvim.15771 | 2: PMC3009700; doi:10.1186/1477-7827-8-145 | 3: PMC10137981; doi:10.3390/diagnostics13081501 | 4: PMC3900085; doi:10.11613/BM.2013.009 | 5: PMC8183913; doi:10.1002/jcla.23771 | 6: PMC7993596; doi:10.1210/clinem/dgaa923 | 7: PMC10258520; doi:10.5653/cerm.2022.05687 | 8: PMC7047911; doi:10.5256/f1000research.21725.r52712 | 9: PMC4317691; doi:10.1530/EC-14-0126 | 10: PMC11334200; doi:10.11613/BM.2024.030702,Effects of repeated freeze-thaw cycles on endocrine parameters in plasma and serum,pmid:27303059; doi:10.1177/0004563216657361,,0,0,0,0,0.0,,,,s_1433d47f
Q059,"Specimen, tube, and processing effects",How can aliquots be taken from a frozen plasma sample without thawing the original sample?,success,,raw,,,,vector,"pmc,biorxiv,medrxiv,arxiv,abstracts_only",1,10,How can aliquots be taken from a frozen plasma sample without thawing the original sample?,,10,"1: Automated processing of whole blood samples into microliter aliquots of plasma | 2: Isolated Effects of Plasma Freezing versus Thawing on Metabolite Stability | 3: Impact of Freeze-thaw Cycles and Storage Time on Plasma Samples Used in Mass Spectrometry Based Biomarker Discovery Projects | 4: Influence of Isolation Techniques on the Quality of Plasma Samples: Implications for Cancer Biobanking | 5: Global Stability of Plasma Proteomes for Mass Spectrometry-Based Analyses * | 6: Effect of Repeated Freezing and Thawing on Biomarker Stability in Plasma and Serum Samples | 7: Evaluation of Citrated Plasma After Thawing for Routine Coagulation Testing | 8: Protocol for the processing, cryopreservation, and biobanking of patient-derived cells and tissues | 9: miRNA Stability in Frozen Plasma Samples | 10: Delta-S-Cys-Albumin: A Lab Test that Quantifies Cumulative Exposure of Archived Human Blood Plasma and Serum Samples to Thawed Conditions *",1: PMC2547732; doi:10.1155/S1463924688000045 | 2: PMC9693613; doi:10.3390/metabo12111098 | 3: PMC2657648 | 4: PMC12610171; doi:10.3390/ijms262110281 | 5: PMC3433892; doi:10.1074/mcp.M111.014340 | 6: PMC4700770; doi:10.1016/j.phrp.2015.11.005 | 7: PMC10326361; doi:10.7759/cureus.40023 | 8: PMC11467654; doi:10.1016/j.xpro.2024.103287 | 9: PMC6331950; doi:10.3390/molecules201019030 | 10: PMC6773563; doi:10.1074/mcp.TIR119.001659,Demonstration of a frozen sample aliquotter to prepare plasma and serum aliquots without thawing frozen parent samples,pmcid:PMC4077011; pmid:24850092; doi:10.1089/bio.2012.0049,,0,0,0,0,0.0,,,,s_8d2954b6
Q060,Biospecimen quality control and SOPs,How reproducible are biochemical measurements in plasma aliquots taken without thawing the parent sample?,success,,raw,,,,vector,"pmc,biorxiv,medrxiv,arxiv,abstracts_only",1,10,How reproducible are biochemical measurements in plasma aliquots taken without thawing the parent sample?,,10,1: The effect of storage time and freeze-thaw cycles on the stability of serum samples | 2: Quality assurance of add-on testing in plasma samples: stability limit for 29 biochemical analytes | 3: Pre‐analytical stability of selected biochemical analytes in serum of horses and oxen stored at −20°C | 4: The influence of various sample storage conditions and sample bacterial contamination on concentrations of routine biochemical parameters | 5: Sample Management: Stability of Plasma and Serum on Different Storage Conditions | 6: Influence of temperature and storage time on the stability of biochemical parameters in broilers | 7: Comparison of glucose concentrations in samples frozen for varying durations and subjected to freeze-thaw cycles using 2 assay systems | 8: Study of the Stability of Various Biochemical Analytes in Samples Stored at Different Predefined Storage Conditions at an Accredited Laboratory of India | 9: Stability studies of common biochemical analytes in serum separator tubes with or without gel barrier subjected to various storage conditions | 10: Assessment of the stability of 20 biochemical analytes in serum and whole blood samples after storage at nonstandard temperatures,1: PMC3900085; doi:10.11613/BM.2013.009 | 2: PMC11042558; doi:10.11613/BM.2024.020704 | 3: PMC10867542; doi:10.1002/vms3.1368 | 4: PMC11318062; doi:10.5937/jomb0-40360 | 5: PMC7109503 | 6: PMC12332929; doi:10.1016/j.psj.2025.105568 | 7: PMC12848267; doi:10.3168/jdsc.2024-0729 | 8: PMC5015491; doi:10.4103/0974-2727.187928 | 9: PMC4062343 | 10: PMC12769415; doi:10.1016/j.plabm.2025.e00514,Demonstration of a frozen sample aliquotter to prepare plasma and serum aliquots without thawing frozen parent samples,pmcid:PMC4077011; pmid:24850092; doi:10.1089/bio.2012.0049,,0,0,0,0,0.0,,,,s_670d2ba8
Q061,Pre-centrifugation delay and transport,What room-temperature delays before centrifugation have been evaluated for NMR metabolite measurements in serum and plasma?,success,,raw,,,,vector,"pmc,biorxiv,medrxiv,arxiv,abstracts_only",1,10,What room-temperature delays before centrifugation have been evaluated for NMR metabolite measurements in serum and plasma?,,10,"1: Effect of Delayed Centrifugation on the Levels of NMR-Measured Lipoproteins and Metabolites in Plasma and Serum Samples | 2: A Systematic Evaluation of Blood Serum and Plasma Pre-Analytics for Metabolomics Cohort Studies | 3: Preanalytical (Mis)Handling of Plasma Investigated by 1 H NMR Metabolomics | 4: Does centrifugation matter? Centrifugal force and spinning time alter the plasma metabolome | 5: Influence of Freezing and Storage Procedure on Human Urine Samples in NMR-Based Metabolomics | 6: Impact of Prolonged Blood Incubation and Extended Serum Storage at Room Temperature on the Human Serum Metabolome | 7: Recommendations for sample selection, collection and preparation for NMR-based metabolomics studies of blood | 8: Quantitating Metabolites in Protein Precipitated Serum Using NMR Spectroscopy | 9: Evaluation of Saliva Stability for NMR Metabolomics: Collection and Handling Protocols | 10: Validating Centralized Biobanking Workflows for NMR Metabolomics Using the PRIMA Panel",1: PMC9753045; doi:10.1021/acs.analchem.2c02167 | 2: PMC5187835; doi:10.3390/ijms17122035 | 3: PMC11635485; doi:10.1021/acsomega.4c08215 | 4: PMC5025507; doi:10.1007/s11306-016-1109-3 | 5: PMC3901271; doi:10.3390/metabo3020243 | 6: PMC5875996; doi:10.3390/metabo8010006 | 7: PMC12065766; doi:10.1007/s11306-025-02259-7 | 8: PMC4045325; doi:10.1021/ac5005103 | 9: PMC7766053; doi:10.3390/metabo10120515 | 10: PMC11822734; doi:10.1021/acs.analchem.4c04938,Effect of Delayed Centrifugation on the Levels of NMR-Measured Lipoproteins and Metabolites in Plasma and Serum Samples,pmcid:PMC9753045; pmid:36454175; doi:10.1021/acs.analchem.2c02167,1,1,1,1,1,1.0,Effect of Delayed Centrifugation on the Levels of NMR-Measured Lipoproteins and Metabolites in Plasma and Serum Samples,pmcid,PMC9753045,s_252501b5
Q062,Pre-centrifugation delay and transport,"During delayed centrifugation, which is more stable for metabolites—plasma or serum—and what about lipoprotein subfractions?",success,,raw,,,,vector,"pmc,biorxiv,medrxiv,arxiv,abstracts_only",1,10,"During delayed centrifugation, which is more stable for metabolites—plasma or serum—and what about lipoprotein subfractions?",,10,"1: Effect of Delayed Centrifugation on the Levels of NMR-Measured Lipoproteins and Metabolites in Plasma and Serum Samples | 2: Impact of Blood Collection Tubes and Sample Handling Time on Serum and Plasma Metabolome and Lipidome | 3: Does centrifugation matter? Centrifugal force and spinning time alter the plasma metabolome | 4: A Systematic Evaluation of Blood Serum and Plasma Pre-Analytics for Metabolomics Cohort Studies | 5: Metabolic and lipidomic stability in EDTA plasma from hospitalized patients: impact of refrigerated storage time and additional freeze—thaw cycle | 6: Serum or Plasma (and Which Plasma), That Is the Question | 7: Pre-analytical processing of plasma and serum samples for combined proteome and metabolome analysis | 8: An Overview of Pre-Analytical Factors Impacting Metabolomics Analyses of Blood Samples | 9: Plasma Instead of Serum Avoids Critical Confounding of Clinical Metabolomics Studies by Platelets | 10: Pre-Analytical Factors that Affect Metabolite Stability in Human Urine, Plasma, and Serum: A Review",1: PMC9753045; doi:10.1021/acs.analchem.2c02167 | 2: PMC6316012; doi:10.3390/metabo8040088 | 3: PMC5025507; doi:10.1007/s11306-016-1109-3 | 4: PMC5187835; doi:10.3390/ijms17122035 | 5: PMC13106266; doi:10.1007/s11306-026-02428-2 | 6: PMC8981325; doi:10.1021/acs.jproteome.1c00935 | 7: PMC9808085; doi:10.3389/fmolb.2022.961448 | 8: PMC11433674; doi:10.3390/metabo14090474 | 9: PMC11301681; doi:10.1021/acs.jproteome.3c00761 | 10: PMC6724180; doi:10.3390/metabo9080156,Effect of Delayed Centrifugation on the Levels of NMR-Measured Lipoproteins and Metabolites in Plasma and Serum Samples,pmcid:PMC9753045; pmid:36454175; doi:10.1021/acs.analchem.2c02167,1,1,1,1,1,1.0,Effect of Delayed Centrifugation on the Levels of NMR-Measured Lipoproteins and Metabolites in Plasma and Serum Samples,pmcid,PMC9753045,s_0c02d7f0
Q063,Pre-centrifugation delay and transport,Which biochemical analyte became unstable after serum gel tubes were left at room temperature for eight hours before centrifugation?,success,,raw,,,,vector,"pmc,biorxiv,medrxiv,arxiv,abstracts_only",1,10,Which biochemical analyte became unstable after serum gel tubes were left at room temperature for eight hours before centrifugation?,,10,1: Stability studies of common biochemical analytes in serum separator tubes with or without gel barrier subjected to various storage conditions | 2: Stability of 35 biochemical and immunological routine tests after 10 hours storage and transport of human whole blood at 21°C | 3: Assessment of the stability of 20 biochemical analytes in serum and whole blood samples after storage at nonstandard temperatures | 4: The impact of pre‐analytical variations on biochemical analytes stability: A systematic review | 5: A comparison of stability of chemical analytes in plasma from the BD Vacutainer ® Barricor™ tube with mechanical separator versus tubes containing gel separator | 6: Study of the Stability of Various Biochemical Analytes in Samples Stored at Different Predefined Storage Conditions at an Accredited Laboratory of India | 7: The effect of storage time and freeze-thaw cycles on the stability of serum samples | 8: Stability of plasma electrolytes in Barricor and PST II tubes under different storage conditions | 9: Thrombin-Accelerated Quick Clotting Serum Tubes: An Evaluation with 22 Common Biochemical Analytes | 10: Sample Management: Stability of Plasma and Serum on Different Storage Conditions,1: PMC4062343 | 2: PMC4219582; doi:10.3109/00365513.2014.928940 | 3: PMC12769415; doi:10.1016/j.plabm.2025.e00514 | 4: PMC7755813; doi:10.1002/jcla.23551 | 5: PMC7031586; doi:10.1002/jcla.23060 | 6: PMC5015491; doi:10.4103/0974-2727.187928 | 7: PMC3900085; doi:10.11613/BM.2013.009 | 8: PMC5382866; doi:10.11613/BM.2017.024 | 9: PMC3638693; doi:10.1155/2013/769479 | 10: PMC7109503,Impact of delayed centrifugation on the stability of 32 biochemical analytes in blood samples collected in serum gel tubes and stored at room temperature,pmid:40079584; doi:10.1515/cclm-2025-0109,,0,0,0,0,0.0,,,,s_c86d0cab
Q064,Pre-centrifugation delay and transport,Which serum analytes became unstable after a four-hour delay before centrifugation at room temperature?,success,,raw,,,,vector,"pmc,biorxiv,medrxiv,arxiv,abstracts_only",1,10,Which serum analytes became unstable after a four-hour delay before centrifugation at room temperature?,,10,1: Assessment of the stability of 20 biochemical analytes in serum and whole blood samples after storage at nonstandard temperatures | 2: Stability studies of common biochemical analytes in serum separator tubes with or without gel barrier subjected to various storage conditions | 3: Stability of 35 biochemical and immunological routine tests after 10 hours storage and transport of human whole blood at 21°C | 4: Inorganic Phosphorus and Potassium Are Putative Indicators of Delayed Separation of Whole Blood | 5: The effect of storage time and freeze-thaw cycles on the stability of serum samples | 6: The impact of pre‐analytical variations on biochemical analytes stability: A systematic review | 7: Impact of serum-clot contact time on lactate dehydrogenase and inorganic phosphorus serum levels | 8: Effects of different centrifugation conditions on clinical chemistry and Immunology test results | 9: Influence of centrifugation conditions on the results of 77 routine clinical chemistry analytes using standard vacuum blood collection tubes and the new BD-Barricor tubes | 10: Evaluation of an alternative centrifugation protocol for reducing total turnaround time,1: PMC12769415; doi:10.1016/j.plabm.2025.e00514 | 2: PMC4062343 | 3: PMC4219582; doi:10.3109/00365513.2014.928940 | 4: PMC4850501; doi:10.1016/j.phrp.2015.11.003 | 5: PMC3900085; doi:10.11613/BM.2013.009 | 6: PMC7755813; doi:10.1002/jcla.23551 | 7: PMC5575367; doi:10.1016/j.plabm.2017.01.002 | 8: PMC3123263; doi:10.1186/1472-6890-11-6 | 9: PMC5701775; doi:10.11613/BM.2018.010704 | 10: PMC11949531; doi:10.1515/almed-2024-0170,Impact of delayed centrifugation on the stability of 32 biochemical analytes in blood samples collected in serum gel tubes and stored at room temperature,pmid:40079584; doi:10.1515/cclm-2025-0109,,0,0,0,0,0.0,,,,s_f0f23fc7
Q065,Freeze-thaw and frozen storage,What happens to proGRP concentrations as the number of freeze-thaw cycles increases?,success,,raw,,,,vector,"pmc,biorxiv,medrxiv,arxiv,abstracts_only",1,10,What happens to proGRP concentrations as the number of freeze-thaw cycles increases?,,10,"1: Instability of Plasma and Serum Progastrin-Releasing Peptide During Repeated Freezing and Thawing | 2: The influence of different blood samples treatment methods on pro-gastrin-releasing peptide | 3: Effect of Repeated Freezing and Thawing on Biomarker Stability in Plasma and Serum Samples | 4: Plasma proGRP Concentration is Sensitive and Specific for Discriminating Small Cell Lung Cancer from Nonmalignant Conditions or Non-small Cell Lung Cancer | 5: Pro-gastrin-releasing peptide (ProGRP) as a biomarker in small-cell lung cancer diagnosis, monitoring and evaluation of treatment response | 6: Impact of single freeze-thaw cycles on human serum proteins: Implications for mass spectrometry biomarker validation | 7: Evaluation of chemiluminescent immunoassay quantitative detection for pro-gastrin-releasing peptide (ProGRP) in serum and plasma | 8: Circulating progastrin-releasing peptide in the diagnosis of Small Cell Lung Cancer (SCLC) and in therapeutic monitoring | 9: Impact of Single Freeze-Thaw Cycles on Serum Protein Stability: Implications for Clinical Biomarker Validation Using Mass Spectrometry | 10: New ARCHITECT plasma pro-gastrin-releasing peptide assay for diagnosing and monitoring small-cell lung cancer",1: PMC5194227; doi:10.1016/j.phrp.2016.11.004 | 2: PMC6617394; doi:10.1097/MD.0000000000016130 | 3: PMC4700770; doi:10.1016/j.phrp.2015.11.005 | 4: PMC3082113; doi:10.3346/jkms.2011.26.5.625 | 5: PMC5716401; doi:10.2147/LCTT.S149516 | 6: PMC13206734; doi:10.1016/j.isci.2026.115934 | 7: PMC7607052; doi:10.1177/0300060519882802 | 8: PMC8267854; doi:10.33393/jcb.2021.2212 | 9: bio_6971918c74be; doi:10.1101/2025.04.09.647925 | 10: PMC4815781; doi:10.1038/bjc.2016.7,Instability of Plasma and Serum Progastrin-Releasing Peptide During Repeated Freezing and Thawing,pmcid:PMC5194227; pmid:28053839; doi:10.1016/j.phrp.2016.11.004,1,1,1,1,1,1.0,Instability of Plasma and Serum Progastrin-Releasing Peptide During Repeated Freezing and Thawing,pmcid,PMC5194227,s_882272f4
Q066,Freeze-thaw and frozen storage,By what percentage did serum proGRP fall after four freeze-thaw cycles?,success,,raw,,,,vector,"pmc,biorxiv,medrxiv,arxiv,abstracts_only",1,10,By what percentage did serum proGRP fall after four freeze-thaw cycles?,,10,"1: Instability of Plasma and Serum Progastrin-Releasing Peptide During Repeated Freezing and Thawing | 2: The influence of different blood samples treatment methods on pro-gastrin-releasing peptide | 3: Plasma proGRP Concentration is Sensitive and Specific for Discriminating Small Cell Lung Cancer from Nonmalignant Conditions or Non-small Cell Lung Cancer | 4: Circulating progastrin-releasing peptide in the diagnosis of Small Cell Lung Cancer (SCLC) and in therapeutic monitoring | 5: Enzyme‐linked Immunosorbent Assay of Pro‐gastrin‐releasing Peptide for Small Cell Lung Cancer Patients in Comparison with Neuron‐specific Enolase Measurement | 6: Decline in serum progastrin-releasing peptide predicts the response of patients with small cell lung cancer to chemotherapy | 7: New ARCHITECT plasma pro-gastrin-releasing peptide assay for diagnosing and monitoring small-cell lung cancer | 8: Pro-gastrin-releasing peptide (ProGRP) as a biomarker in small-cell lung cancer diagnosis, monitoring and evaluation of treatment response | 9: Increased Progastrin-Releasing Peptide Expression is Associated with Progression in Gastric Cancer Patients | 10: Pro-gastrin-releasing peptide (31-98) as a tumour marker of small-cell lung cancer: comparative evaluation with neuron-specific enolase.",1: PMC5194227; doi:10.1016/j.phrp.2016.11.004 | 2: PMC6617394; doi:10.1097/MD.0000000000016130 | 3: PMC3082113; doi:10.3346/jkms.2011.26.5.625 | 4: PMC8267854; doi:10.33393/jcb.2021.2212 | 5: PMC5920889; doi:10.1111/j.1349-7006.1995.tb02455.x | 6: PMC7577081; doi:10.3892/ol.2020.12164 | 7: PMC4815781; doi:10.1038/bjc.2016.7 | 8: PMC5716401; doi:10.2147/LCTT.S149516 | 9: PMC6938777; doi:10.3349/ymj.2020.61.1.15 | 10: PMC2074511,Instability of Plasma and Serum Progastrin-Releasing Peptide During Repeated Freezing and Thawing,pmcid:PMC5194227; pmid:28053839; doi:10.1016/j.phrp.2016.11.004,1,1,1,1,1,1.0,Instability of Plasma and Serum Progastrin-Releasing Peptide During Repeated Freezing and Thawing,pmcid,PMC5194227,s_e136ee66
Q067,Pre-centrifugation delay and transport,For how long did most investigated analytes remain stable before centrifugation under all tested storage conditions?,success,,raw,,,,vector,"pmc,biorxiv,medrxiv,arxiv,abstracts_only",1,10,For how long did most investigated analytes remain stable before centrifugation under all tested storage conditions?,,10,"1: Stability of 35 biochemical and immunological routine tests after 10 hours storage and transport of human whole blood at 21°C | 2: Assessment of the stability of 20 biochemical analytes in serum and whole blood samples after storage at nonstandard temperatures | 3: Stability studies of common biochemical analytes in serum separator tubes with or without gel barrier subjected to various storage conditions | 4: The impact of pre‐analytical variations on biochemical analytes stability: A systematic review | 5: Sample Management: Stability of Plasma and Serum on Different Storage Conditions | 6: Effect of sample type, centrifugation and storage conditions on vitamin D concentration | 7: Effects of different centrifugation conditions on clinical chemistry and Immunology test results | 8: The effect of storage time and freeze-thaw cycles on the stability of serum samples | 9: Stability of plasma electrolytes in Barricor and PST II tubes under different storage conditions | 10: Influence of centrifugation conditions on the results of 77 routine clinical chemistry analytes using standard vacuum blood collection tubes and the new BD-Barricor tubes",1: PMC4219582; doi:10.3109/00365513.2014.928940 | 2: PMC12769415; doi:10.1016/j.plabm.2025.e00514 | 3: PMC4062343 | 4: PMC7755813; doi:10.1002/jcla.23551 | 5: PMC7109503 | 6: PMC3900071; doi:10.11613/BM.2013.039 | 7: PMC3123263; doi:10.1186/1472-6890-11-6 | 8: PMC3900085; doi:10.11613/BM.2013.009 | 9: PMC5382866; doi:10.11613/BM.2017.024 | 10: PMC5701775; doi:10.11613/BM.2018.010704,"Stability study of 81 analytes in human whole blood, in serum and in plasma",pmid:22285385; doi:10.1016/j.clinbiochem.2012.01.012,,0,0,0,0,0.0,,,,s_3263e593
Q068,"Specimen, tube, and processing effects","Which pre-analytical factors had a significant effect on some analytes in whole blood, serum, or plasma?",success,,raw,,,,vector,"pmc,biorxiv,medrxiv,arxiv,abstracts_only",1,10,"Which pre-analytical factors had a significant effect on some analytes in whole blood, serum, or plasma?",,10,"1: The impact of pre‐analytical variations on biochemical analytes stability: A systematic review | 2: An Overview of Pre-Analytical Factors Impacting Metabolomics Analyses of Blood Samples | 3: Effects of pre-analytical processes on blood samples used in metabolomics studies | 4: Stability of 35 biochemical and immunological routine tests after 10 hours storage and transport of human whole blood at 21°C | 5: Assessment of the stability of 20 biochemical analytes in serum and whole blood samples after storage at nonstandard temperatures | 6: Preanalytical Variables and Their Influence on the Quality of Laboratory Results | 7: Ex vivo instability of lipids in whole blood: preanalytical recommendations for clinical lipidomics studies | 8: Impact of pre-analytical variables - temperature, agitation, storage duration, and blood-to-anticoagulant ratio - on complete blood count test reliability | 9: Stability studies of common biochemical analytes in serum separator tubes with or without gel barrier subjected to various storage conditions | 10: Pre-Analytical Parameters Affecting Vascular Endothelial Growth Factor Measurement in Plasma: Identifying Confounders",1: PMC7755813; doi:10.1002/jcla.23551 | 2: PMC11433674; doi:10.3390/metabo14090474 | 3: PMC4471316; doi:10.1007/s00216-015-8565-x | 4: PMC4219582; doi:10.3109/00365513.2014.928940 | 5: PMC12769415; doi:10.1016/j.plabm.2025.e00514 | 6: PMC6238383 | 7: PMC10208886; doi:10.1016/j.jlr.2023.100378 | 8: PMC12600060; doi:10.15386/mpr-2880 | 9: PMC4062343 | 10: PMC4711588; doi:10.1371/journal.pone.0145375,"Stability study of 81 analytes in human whole blood, in serum and in plasma",pmid:22285385; doi:10.1016/j.clinbiochem.2012.01.012,,0,0,0,0,0.0,,,,s_50b0bc6d
Q069,Freeze-thaw and frozen storage,Which 12 serum components remained stable after ten freeze-thaw cycles?,success,,raw,,,,vector,"pmc,biorxiv,medrxiv,arxiv,abstracts_only",1,10,Which 12 serum components remained stable after ten freeze-thaw cycles?,,10,"1: Impact of Single Freeze-Thaw Cycles on Serum Protein Stability: Implications for Clinical Biomarker Validation Using Mass Spectrometry | 2: Impact of single freeze-thaw cycles on human serum proteins: Implications for mass spectrometry biomarker validation | 3: The effect of storage time and freeze-thaw cycles on the stability of serum samples | 4: Effect of Repeated Freezing and Thawing on Biomarker Stability in Plasma and Serum Samples | 5: Global Stability of Plasma Proteomes for Mass Spectrometry-Based Analyses * | 6: Effect of Repeated Freeze-Thaw on Serum Biomarkers Associated with Eye Disease | 7: The Effects of a Single Freeze-Thaw Cycle on Concentrations of Nutritional, Noncommunicable Disease, and Inflammatory Biomarkers in Serum Samples | 8: Isolated Effects of Plasma Freezing versus Thawing on Metabolite Stability | 9: Stability of amino acids and related amines in human serum under different preprocessing and pre-storage conditions based on iTRAQ ® -LC-MS/MS | 10: Targeted Metabolomics Identifies Reliable and Stable Metabolites in Human Serum and Plasma Samples",1: bio_6971918c74be; doi:10.1101/2025.04.09.647925 | 2: PMC13206734; doi:10.1016/j.isci.2026.115934 | 3: PMC3900085; doi:10.11613/BM.2013.009 | 4: PMC4700770; doi:10.1016/j.phrp.2015.11.005 | 5: PMC3433892; doi:10.1074/mcp.M111.014340 | 6: PMC6054774; doi:10.12659/MSM.908567 | 7: PMC8154350; doi:10.1055/s-0041-1726575 | 8: PMC9693613; doi:10.3390/metabo12111098 | 9: PMC7928226; doi:10.1242/bio.055020 | 10: PMC3933650; doi:10.1371/journal.pone.0089728,Effect of multiple freeze-thaw cycles on selected biochemical serum components,pmid:27987362; doi:10.1515/cclm-2016-0892,,0,0,0,0,0.0,,,,s_ac16f426
Q070,Freeze-thaw and frozen storage,Which serum components changed significantly after repeated thawing?,success,,raw,,,,vector,"pmc,biorxiv,medrxiv,arxiv,abstracts_only",1,10,Which serum components changed significantly after repeated thawing?,,10,"1: Impact of single freeze-thaw cycles on human serum proteins: Implications for mass spectrometry biomarker validation | 2: Impact of Single Freeze-Thaw Cycles on Serum Protein Stability: Implications for Clinical Biomarker Validation Using Mass Spectrometry | 3: Effect of Repeated Freezing and Thawing on Biomarker Stability in Plasma and Serum Samples | 4: The effect of storage time and freeze-thaw cycles on the stability of serum samples | 5: The Effects of a Single Freeze-Thaw Cycle on Concentrations of Nutritional, Noncommunicable Disease, and Inflammatory Biomarkers in Serum Samples | 6: Effect of Repeated Freeze–Thaw Cycles on Influenza Virus Antibodies | 7: Global Stability of Plasma Proteomes for Mass Spectrometry-Based Analyses * | 8: Effects of Multiple Freeze/Thaw Cycles on Measurements of Potential Novel Biomarkers Associated With Adverse Pregnancy Outcomes | 9: Impact of Freeze-thaw Cycles and Storage Time on Plasma Samples Used in Mass Spectrometry Based Biomarker Discovery Projects | 10: Effects of sample handling and storage on quantitative lipid analysis in human serum",1: PMC13206734; doi:10.1016/j.isci.2026.115934 | 2: bio_6971918c74be; doi:10.1101/2025.04.09.647925 | 3: PMC4700770; doi:10.1016/j.phrp.2015.11.005 | 4: PMC3900085; doi:10.11613/BM.2013.009 | 5: PMC8154350; doi:10.1055/s-0041-1726575 | 6: PMC8002830; doi:10.3390/vaccines9030267 | 7: PMC3433892; doi:10.1074/mcp.M111.014340 | 8: PMC5720390 | 9: PMC2657648 | 10: PMC2794342; doi:10.1007/s11306-009-0174-2,Effect of multiple freeze-thaw cycles on selected biochemical serum components,pmid:27987362; doi:10.1515/cclm-2016-0892,,0,0,0,0,0.0,,,,s_9e1b6675
Q071,Pre-centrifugation delay and transport,What collection-to-processing delay window has been evaluated for serum and plasma metabolomics?,success,,raw,,,,vector,"pmc,biorxiv,medrxiv,arxiv,abstracts_only",1,10,What collection-to-processing delay window has been evaluated for serum and plasma metabolomics?,,10,"1: A Systematic Evaluation of Blood Serum and Plasma Pre-Analytics for Metabolomics Cohort Studies | 2: Impact of Blood Collection Tubes and Sample Handling Time on Serum and Plasma Metabolome and Lipidome | 3: Impact of Prolonged Blood Incubation and Extended Serum Storage at Room Temperature on the Human Serum Metabolome | 4: Recommendations and Best Practices for Standardizing the Pre-Analytical Processing of Blood and Urine Samples in Metabolomics | 5: An Overview of Pre-Analytical Factors Impacting Metabolomics Analyses of Blood Samples | 6: Effects of pre-analytical processes on blood samples used in metabolomics studies | 7: Pre-Analytical Factors that Affect Metabolite Stability in Human Urine, Plasma, and Serum: A Review | 8: Targeted Metabolomics Identifies Reliable and Stable Metabolites in Human Serum and Plasma Samples | 9: Pre-analytical processing of plasma and serum samples for combined proteome and metabolome analysis | 10: Effects of Long-Term Storage at −80 °C on the Human Plasma Metabolome",1: PMC5187835; doi:10.3390/ijms17122035 | 2: PMC6316012; doi:10.3390/metabo8040088 | 3: PMC5875996; doi:10.3390/metabo8010006 | 4: PMC7344701; doi:10.3390/metabo10060229 | 5: PMC11433674; doi:10.3390/metabo14090474 | 6: PMC4471316; doi:10.1007/s00216-015-8565-x | 7: PMC6724180; doi:10.3390/metabo9080156 | 8: PMC3933650; doi:10.1371/journal.pone.0089728 | 9: PMC9808085; doi:10.3389/fmolb.2022.961448 | 10: PMC6572224; doi:10.3390/metabo9050099,Standard operating procedures for pre-analytical handling of blood and urine for metabolomic studies and biobanks,pmid:21380509; doi:10.1007/s10858-011-9489-1,,0,0,0,0,0.0,,,,s_cfdccd7e
Q072,"Specimen, tube, and processing effects",Which urine pretreatments were tested before biobank storage for metabolomics?,success,,raw,,,,vector,"pmc,biorxiv,medrxiv,arxiv,abstracts_only",1,10,Which urine pretreatments were tested before biobank storage for metabolomics?,,10,"1: Urinary Metabolomic Profile is Minimally Impacted by Common Storage Conditions and Additives | 2: Influence of Storage Conditions and Preservatives on Metabolite Fingerprints in Urine | 3: Stability of targeted metabolite profiles of urine samples under different storage conditions | 4: Influence of Freezing and Storage Procedure on Human Urine Samples in NMR-Based Metabolomics | 5: Impact of collection conditions on the metabolite content of human urine samples as analyzed by liquid chromatography coupled to mass spectrometry and nuclear magnetic resonance spectroscopy | 6: Effects of Preanalytical Sample Collection and Handling on Comprehensive Metabolite Measurements in Human Urine Biospecimens | 7: Pre-Analytical Factors that Affect Metabolite Stability in Human Urine, Plasma, and Serum: A Review | 8: Recommendations and Best Practices for Standardizing the Pre-Analytical Processing of Blood and Urine Samples in Metabolomics | 9: A Systematic Evaluation of Blood Serum and Plasma Pre-Analytics for Metabolomics Cohort Studies | 10: Validating Centralized Biobanking Workflows for NMR Metabolomics Using the PRIMA Panel",1: PMC12064589; doi:10.1007/s00192-025-06069-2 | 2: PMC6836253; doi:10.3390/metabo9100203 | 3: PMC5126183; doi:10.1007/s11306-016-1137-z | 4: PMC3901271; doi:10.3390/metabo3020243 | 5: PMC4559108; doi:10.1007/s11306-014-0764-5 | 6: med_f7a5c3346ef0; doi:10.1101/2024.01.24.24301735 | 7: PMC6724180; doi:10.3390/metabo9080156 | 8: PMC7344701; doi:10.3390/metabo10060229 | 9: PMC5187835; doi:10.3390/ijms17122035 | 10: PMC11822734; doi:10.1021/acs.analchem.4c04938,Standard operating procedures for pre-analytical handling of blood and urine for metabolomic studies and biobanks,pmid:21380509; doi:10.1007/s10858-011-9489-1,,0,0,0,0,0.0,,,,s_b071bb1b
Q073,"Specimen, tube, and processing effects",Which urine preservative has the largest effect on the metabolomic profile?,success,,raw,,,,vector,"pmc,biorxiv,medrxiv,arxiv,abstracts_only",1,10,Which urine preservative has the largest effect on the metabolomic profile?,,10,"1: Influence of Storage Conditions and Preservatives on Metabolite Fingerprints in Urine | 2: Urinary Metabolomic Profile is Minimally Impacted by Common Storage Conditions and Additives | 3: Effects of Preanalytical Sample Collection and Handling on Comprehensive Metabolite Measurements in Human Urine Biospecimens | 4: Impact of collection conditions on the metabolite content of human urine samples as analyzed by liquid chromatography coupled to mass spectrometry and nuclear magnetic resonance spectroscopy | 5: Stability of targeted metabolite profiles of urine samples under different storage conditions | 6: Pre-Analytical Factors that Affect Metabolite Stability in Human Urine, Plasma, and Serum: A Review | 7: Influence of Freezing and Storage Procedure on Human Urine Samples in NMR-Based Metabolomics | 8: Optimising a urinary extraction method for non-targeted GC–MS metabolomics | 9: Impact of Blood Collection Tubes and Sample Handling Time on Serum and Plasma Metabolome and Lipidome | 10: A Systematic Evaluation of Blood Serum and Plasma Pre-Analytics for Metabolomics Cohort Studies",1: PMC6836253; doi:10.3390/metabo9100203 | 2: PMC12064589; doi:10.1007/s00192-025-06069-2 | 3: med_f7a5c3346ef0; doi:10.1101/2024.01.24.24301735 | 4: PMC4559108; doi:10.1007/s11306-014-0764-5 | 5: PMC5126183; doi:10.1007/s11306-016-1137-z | 6: PMC6724180; doi:10.3390/metabo9080156 | 7: PMC3901271; doi:10.3390/metabo3020243 | 8: PMC10579216; doi:10.1038/s41598-023-44690-7 | 9: PMC6316012; doi:10.3390/metabo8040088 | 10: PMC5187835; doi:10.3390/ijms17122035,Effects of preanalytical sample collection and handling on comprehensive metabolite measurements in human urine biospecimens,pmid:39284767; doi:10.1093/aje/kwae347,3,0,1,1,1,0.333333,Effects of Preanalytical Sample Collection and Handling on Comprehensive Metabolite Measurements in Human Urine Biospecimens,title,Effects of Preanalytical Sample Collection and Handling on Comprehensive Metabolite Measurements in Human Urine Biospecimens,s_e3599aec
Q074,"Specimen, tube, and processing effects",Were pre-analytical handling effects larger in urine or serum metabolomics?,success,,raw,,,,vector,"pmc,biorxiv,medrxiv,arxiv,abstracts_only",1,10,Were pre-analytical handling effects larger in urine or serum metabolomics?,,10,"1: A Systematic Evaluation of Blood Serum and Plasma Pre-Analytics for Metabolomics Cohort Studies | 2: Effects of Preanalytical Sample Collection and Handling on Comprehensive Metabolite Measurements in Human Urine Biospecimens | 3: Impact of Blood Collection Tubes and Sample Handling Time on Serum and Plasma Metabolome and Lipidome | 4: Recommendations and Best Practices for Standardizing the Pre-Analytical Processing of Blood and Urine Samples in Metabolomics | 5: Pre-Analytical Factors that Affect Metabolite Stability in Human Urine, Plasma, and Serum: A Review | 6: Impact of Prolonged Blood Incubation and Extended Serum Storage at Room Temperature on the Human Serum Metabolome | 7: Preanalytical (Mis)Handling of Plasma Investigated by 1 H NMR Metabolomics | 8: An Overview of Pre-Analytical Factors Impacting Metabolomics Analyses of Blood Samples | 9: Urinary Metabolomic Profile is Minimally Impacted by Common Storage Conditions and Additives | 10: Influence of Freezing and Storage Procedure on Human Urine Samples in NMR-Based Metabolomics",1: PMC5187835; doi:10.3390/ijms17122035 | 2: PMC10896411; doi:10.1101/2024.01.24.24301735 | 3: PMC6316012; doi:10.3390/metabo8040088 | 4: PMC7344701; doi:10.3390/metabo10060229 | 5: PMC6724180; doi:10.3390/metabo9080156 | 6: PMC5875996; doi:10.3390/metabo8010006 | 7: PMC11635485; doi:10.1021/acsomega.4c08215 | 8: PMC11433674; doi:10.3390/metabo14090474 | 9: PMC12064589; doi:10.1007/s00192-025-06069-2 | 10: PMC3901271; doi:10.3390/metabo3020243,Effects of preanalytical sample collection and handling on comprehensive metabolite measurements in human urine biospecimens,pmid:39284767; doi:10.1093/aje/kwae347,2,0,1,1,1,0.5,Effects of Preanalytical Sample Collection and Handling on Comprehensive Metabolite Measurements in Human Urine Biospecimens,title,Effects of Preanalytical Sample Collection and Handling on Comprehensive Metabolite Measurements in Human Urine Biospecimens,s_afa45cb3
Q075,Pre-centrifugation delay and transport,How long can fresh colon cancer tissue stay at room temperature or on ice before snap-freezing without reducing RNA quality?,success,,raw,,,,vector,"pmc,biorxiv,medrxiv,arxiv,abstracts_only",1,10,How long can fresh colon cancer tissue stay at room temperature or on ice before snap-freezing without reducing RNA quality?,,10,"1: Effects of Delay in the Snap Freezing of Colorectal Cancer Tissues on the Quality of DNA and RNA | 2: Biobanking of Fresh-Frozen Human Adenocarcinomatous and Normal Colon Tissues: Which Parameters Influence RNA Quality? | 3: Pre-Analytical Determination of the Effect of Extended Warm or Cold Ischaemia on RNA Stability in the Human Ileum Mucosa | 4: Impact of Cold Ischemic Time and Freeze-Thaw Cycles on RNA, DNA and Protein Quality in Colorectal Cancer Tissues Biobanking | 5: Assessing the quality of RNA isolated from human breast tissue after ambient room temperature exposure | 6: The focus on sample quality: Influence of colon tissue collection on reliability of qPCR data | 7: Multicenter fresh frozen tissue sampling in colorectal cancer: does the quality meet the standards for state of the art biomarker research? | 8: Method Optimization for Extracting High-Quality RNA From the Human Pancreas Tissue 1 2 | 9: Effects of ex vivo ischemia time and delayed processing on quality of specimens in tissue biobank | 10: Impact of Delay to Cryopreservation on RNA Integrity and Genome-Wide Expression Profiles in Resected Tumor Samples",1: PMC2998017; doi:10.3393/jksc.2010.26.5.316 | 2: PMC4849710; doi:10.1371/journal.pone.0154326 | 3: PMC4570714; doi:10.1371/journal.pone.0138214 | 4: PMC6775519; doi:10.7150/jca.29372 | 5: PMC8765617; doi:10.1371/journal.pone.0262654 | 6: PMC4935944; doi:10.1038/srep29023 | 7: PMC5587614; doi:10.1007/s10561-017-9613-x | 8: PMC6060079; doi:10.1016/j.tranon.2018.04.004 | 9: PMC7533433; doi:10.3892/mmr.2020.11503 | 10: PMC3835918; doi:10.1371/journal.pone.0079826,Biobanking of fresh-frozen human colon tissues: impact of tissue ex-vivo ischemia times and storage periods on RNA quality,pmid:22711177; doi:10.1245/s10434-012-2440-1,,0,0,0,0,0.0,,,,s_81539300
Q076,Storage temperature and duration,Does storing frozen colon tissue for up to 40 months reduce RNA quality?,success,,raw,,,,vector,"pmc,biorxiv,medrxiv,arxiv,abstracts_only",1,10,Does storing frozen colon tissue for up to 40 months reduce RNA quality?,,10,"1: Biobanking of Fresh-Frozen Human Adenocarcinomatous and Normal Colon Tissues: Which Parameters Influence RNA Quality? | 2: Effects of Delay in the Snap Freezing of Colorectal Cancer Tissues on the Quality of DNA and RNA | 3: The focus on sample quality: Influence of colon tissue collection on reliability of qPCR data | 4: Impact of Cold Ischemic Time and Freeze-Thaw Cycles on RNA, DNA and Protein Quality in Colorectal Cancer Tissues Biobanking | 5: Pre-Analytical Determination of the Effect of Extended Warm or Cold Ischaemia on RNA Stability in the Human Ileum Mucosa | 6: Optimizing RNA quality in cryopreserved tissues without preservatives: impact of preservatives, thawing methods and tissue aliquot sizes | 7: Isolated total RNA and protein are preserved after thawing for more than twenty-four hours | 8: The Interference of RNA Preservative and Post-Collection Interval on RNA Integrity from Different Mice Tissues | 9: Assessing the quality of RNA isolated from human breast tissue after ambient room temperature exposure | 10: Long Term Storage of Dry versus Frozen RNA for Next Generation Molecular Studies",1: PMC4849710; doi:10.1371/journal.pone.0154326 | 2: PMC2998017; doi:10.3393/jksc.2010.26.5.316 | 3: PMC4935944; doi:10.1038/srep29023 | 4: PMC6775519; doi:10.7150/jca.29372 | 5: PMC4570714; doi:10.1371/journal.pone.0138214 | 6: PMC12584263; doi:10.1186/s12896-025-01059-0 | 7: PMC3297035; doi:10.6061/clinics/2012(03)09 | 8: PMC12732537; doi:10.3390/genes16121421 | 9: PMC8765617; doi:10.1371/journal.pone.0262654 | 10: PMC4224406; doi:10.1371/journal.pone.0111827,Biobanking of fresh-frozen human colon tissues: impact of tissue ex-vivo ischemia times and storage periods on RNA quality,pmid:22711177; doi:10.1245/s10434-012-2440-1,,0,0,0,0,0.0,,,,s_4cd96cf8
Q077,Pre-centrifugation delay and transport,How long can fresh kidney cancer tissue remain on ice before freezing without losing RNA integrity?,success,,raw,,,,vector,"pmc,biorxiv,medrxiv,arxiv,abstracts_only",1,10,How long can fresh kidney cancer tissue remain on ice before freezing without losing RNA integrity?,,10,"1: Effects of Delay in the Snap Freezing of Colorectal Cancer Tissues on the Quality of DNA and RNA | 2: Assessing the quality of RNA isolated from human breast tissue after ambient room temperature exposure | 3: Optimizing RNA quality in cryopreserved tissues without preservatives: impact of preservatives, thawing methods and tissue aliquot sizes | 4: Effects of ex vivo ischemia time and delayed processing on quality of specimens in tissue biobank | 5: Impact of Cold Ischemic Time and Freeze-Thaw Cycles on RNA, DNA and Protein Quality in Colorectal Cancer Tissues Biobanking | 6: Pre-Analytical Determination of the Effect of Extended Warm or Cold Ischaemia on RNA Stability in the Human Ileum Mucosa | 7: Frozen section histopathology and preanalytical factors affecting nucleic acid integrity in biobanked fresh-frozen human cancer tissues | 8: The Interference of RNA Preservative and Post-Collection Interval on RNA Integrity from Different Mice Tissues | 9: Impact of Delay to Cryopreservation on RNA Integrity and Genome-Wide Expression Profiles in Resected Tumor Samples | 10: Method Optimization for Extracting High-Quality RNA From the Human Pancreas Tissue 1 2",1: PMC2998017; doi:10.3393/jksc.2010.26.5.316 | 2: PMC8765617; doi:10.1371/journal.pone.0262654 | 3: PMC12584263; doi:10.1186/s12896-025-01059-0 | 4: PMC7533433; doi:10.3892/mmr.2020.11503 | 5: PMC6775519; doi:10.7150/jca.29372 | 6: PMC4570714; doi:10.1371/journal.pone.0138214 | 7: PMC12634257; doi:10.4132/jptm.2025.07.22 | 8: PMC12732537; doi:10.3390/genes16121421 | 9: PMC3835918; doi:10.1371/journal.pone.0079826 | 10: PMC6060079; doi:10.1016/j.tranon.2018.04.004,Effect of Duration of Ex Vivo Ischemia Time and Storage Period on RNA Quality in Biobanked Human Renal Cell Carcinoma Tissue,pmid:25567356; doi:10.1245/s10434-014-4327-9,,0,0,0,0,0.0,,,,s_cbddca8c
Q078,Biospecimen quality control and SOPs,How should fresh cancer tissue be transported before biobanking to preserve RNA quality?,success,,raw,,,,vector,"pmc,biorxiv,medrxiv,arxiv,abstracts_only",1,10,How should fresh cancer tissue be transported before biobanking to preserve RNA quality?,,10,"1: Effects of ex vivo ischemia time and delayed processing on quality of specimens in tissue biobank | 2: Impact of Cold Ischemic Time and Freeze-Thaw Cycles on RNA, DNA and Protein Quality in Colorectal Cancer Tissues Biobanking | 3: Biobanking of Fresh-Frozen Human Adenocarcinomatous and Normal Colon Tissues: Which Parameters Influence RNA Quality? | 4: Assessing the quality of RNA isolated from human breast tissue after ambient room temperature exposure | 5: Pre-Analytical Determination of the Effect of Extended Warm or Cold Ischaemia on RNA Stability in the Human Ileum Mucosa | 6: Multicenter fresh frozen tissue sampling in colorectal cancer: does the quality meet the standards for state of the art biomarker research? | 7: Quality assessment of tissue samples stored in a specialized human lung biobank | 8: Effects of Delay in the Snap Freezing of Colorectal Cancer Tissues on the Quality of DNA and RNA | 9: Compared DNA and RNA quality of breast cancer biobanking samples after long-term storage protocols in − 80 °C and liquid nitrogen | 10: Test of the FlashFREEZE unit in tissue samples freezing for biobanking purposes",1: PMC7533433; doi:10.3892/mmr.2020.11503 | 2: PMC6775519; doi:10.7150/jca.29372 | 3: PMC4849710; doi:10.1371/journal.pone.0154326 | 4: PMC8765617; doi:10.1371/journal.pone.0262654 | 5: PMC4570714; doi:10.1371/journal.pone.0138214 | 6: PMC5587614; doi:10.1007/s10561-017-9613-x | 7: PMC6448820; doi:10.1371/journal.pone.0203977 | 8: PMC2998017; doi:10.3393/jksc.2010.26.5.316 | 9: PMC7462979; doi:10.1038/s41598-020-71441-9 | 10: PMC10209260; doi:10.1007/s10561-022-10045-1,Effect of Duration of Ex Vivo Ischemia Time and Storage Period on RNA Quality in Biobanked Human Renal Cell Carcinoma Tissue,pmid:25567356; doi:10.1245/s10434-014-4327-9,,0,0,0,0,0.0,,,,s_265ef18d
Q079,Storage temperature and duration,Do most urine analytes remain stable after more than ten years at −22°C?,success,,raw,,,,vector,"pmc,biorxiv,medrxiv,arxiv,abstracts_only",1,10,Do most urine analytes remain stable after more than ten years at −22°C?,,10,"1: Stability of urinary albumin and creatinine after 12 months storage at −20 °C and −80 °C | 2: Preanalytical requirements of urinalysis | 3: The effect of storage time and freeze-thaw cycles on the stability of serum samples | 4: Sample Management: Stability of Plasma and Serum on Different Storage Conditions | 5: Impact of chemical preservative in urine samples | 6: Long-term stability of clinically relevant chemistry analytes in pleural and peritoneal fluid | 7: The effectiveness of BD Vacutainer® Plus Urinalysis Preservative Tubes in preservation of urine for chemical strip analysis and particle counting | 8: Evaluation of the appropriate time period between sampling and analyzing for automated urinalysis | 9: Effects of Different Voided Urine Sample Storage Time, Temperature, and Preservatives on Analysis with Multiplex Bead-Based Oncuria Bladder Cancer Immunoassay | 10: Pre-analytical stability of drugs of abuse in urine for confirmatory testing: a systematic review",1: PMC6451166; doi:10.1016/j.plabm.2019.e00120 | 2: PMC3936984; doi:10.11613/BM.2014.011 | 3: PMC3900085; doi:10.11613/BM.2013.009 | 4: PMC7109503 | 5: PMC7109501 | 6: PMC7138007; doi:10.11613/BM.2020.020701 | 7: PMC4910281; doi:10.11613/BM.2016.024 | 8: PMC4783094; doi:10.11613/BM.2016.008 | 9: PMC11763964; doi:10.3390/diagnostics15020138 | 10: PMC13132878; doi:10.1093/jat/bkaf106,Long-term urine biobanking: storage stability of clinical chemical parameters under moderate freezing conditions without use of preservatives,pmid:25239781; doi:10.1016/j.clinbiochem.2014.09.009,,0,0,0,0,0.0,,,,s_234ab819
Q080,Storage temperature and duration,How long can several urine analytes remain suitable for later measurement when stored at −22°C?,success,,raw,,,,vector,"pmc,biorxiv,medrxiv,arxiv,abstracts_only",1,10,How long can several urine analytes remain suitable for later measurement when stored at −22°C?,,10,"1: Stability of urinary albumin and creatinine after 12 months storage at −20 °C and −80 °C | 2: Preanalytical requirements of urinalysis | 3: Impact of chemical preservative in urine samples | 4: Influence of different urine preservation methods and addition of preservatives on quantitative detection of 24-h urinary protein | 5: Effects of Different Voided Urine Sample Storage Time, Temperature, and Preservatives on Analysis with Multiplex Bead-Based Oncuria Bladder Cancer Immunoassay | 6: The effect of storage time and freeze-thaw cycles on the stability of serum samples | 7: Long-term stability of clinically relevant chemistry analytes in pleural and peritoneal fluid | 8: Sample Management: Stability of Plasma and Serum on Different Storage Conditions | 9: The effectiveness of BD Vacutainer® Plus Urinalysis Preservative Tubes in preservation of urine for chemical strip analysis and particle counting | 10: Study of the Stability of Various Biochemical Analytes in Samples Stored at Different Predefined Storage Conditions at an Accredited Laboratory of India",1: PMC6451166; doi:10.1016/j.plabm.2019.e00120 | 2: PMC3936984; doi:10.11613/BM.2014.011 | 3: PMC7109501 | 4: PMC12634583; doi:10.3389/fmed.2025.1661339 | 5: PMC11763964; doi:10.3390/diagnostics15020138 | 6: PMC3900085; doi:10.11613/BM.2013.009 | 7: PMC7138007; doi:10.11613/BM.2020.020701 | 8: PMC7109503 | 9: PMC4910281; doi:10.11613/BM.2016.024 | 10: PMC5015491; doi:10.4103/0974-2727.187928,Long-term urine biobanking: storage stability of clinical chemical parameters under moderate freezing conditions without use of preservatives,pmid:25239781; doi:10.1016/j.clinbiochem.2014.09.009,,0,0,0,0,0.0,,,,s_c41de3fb
Q081,"Specimen, tube, and processing effects",Which handling problems have the greatest effect on RNA integrity in Tempus blood collection tubes?,success,,raw,,,,vector,"pmc,biorxiv,medrxiv,arxiv,abstracts_only",1,10,Which handling problems have the greatest effect on RNA integrity in Tempus blood collection tubes?,,10,1: Evaluation of RNA purification methods by using different blood stabilization tubes: identification of key features for epidemiological studies | 2: The Effect of Tropical Temperatures on the Quality of RNA Extracted from Stabilized Whole-Blood Samples | 3: Investigating gene expression profiles of whole blood and peripheral blood mononuclear cells using multiple collection and processing methods | 4: Simultaneous extraction of mRNA and microRNA from whole blood stabilized in tempus tubes | 5: Stabilization of Cellular RNA in Blood During Storage at Room Temperature: A Comparison of Cell-Free RNA BCT ® with K3EDTA Tubes | 6: Human blood RNA stabilization in samples collected and transported for a large biobank | 7: Evaluation of Existing Methods for Human Blood mRNA Isolation and Analysis for Large Studies | 8: Comparison of blood RNA isolation methods from samples stabilized in Tempus tubes and stored at a large human biobank | 9: The impact of pre-freezing storage time and temperature on gene expression of blood collected in EDTA tubes | 10: Peripheral blood gene expression: it all boils down to the RNA collection tubes,1: PMC7026973; doi:10.1186/s13104-020-04943-4 | 2: PMC9503649; doi:10.3390/ijms231810609 | 3: PMC6897427; doi:10.1371/journal.pone.0225137 | 4: PMC6339331; doi:10.1186/s13104-019-4087-5 | 5: PMC4245490; doi:10.1007/s40291-014-0118-z | 6: PMC3503553; doi:10.1186/1756-0500-5-510 | 7: PMC5004844; doi:10.1371/journal.pone.0161778 | 8: PMC5009671; doi:10.1186/s13104-016-2224-y | 9: PMC9262796; doi:10.1007/s11033-022-07320-5 | 10: PMC3280191; doi:10.1186/1756-0500-5-1,Preanalytical robustness of blood collection tubes with RNA stabilizers,pmid:31112504; doi:10.1515/cclm-2019-0170,,0,0,0,0,0.0,,,,s_b7e93154
Q082,"Specimen, tube, and processing effects",Which handling problems have the greatest effect on RNA integrity in PAXgene blood collection tubes?,success,,raw,,,,vector,"pmc,biorxiv,medrxiv,arxiv,abstracts_only",1,10,Which handling problems have the greatest effect on RNA integrity in PAXgene blood collection tubes?,,10,1: Investigating gene expression profiles of whole blood and peripheral blood mononuclear cells using multiple collection and processing methods | 2: Evaluation of Existing Methods for Human Blood mRNA Isolation and Analysis for Large Studies | 3: Assessment of mRNA and microRNA Stabilization in Peripheral Human Blood for Multicenter Studies and Biobanks | 4: Evaluation of RNA purification methods by using different blood stabilization tubes: identification of key features for epidemiological studies | 5: Gene expression profiling of whole blood: A comparative assessment of RNA-stabilizing collection methods | 6: Comparison of Whole Blood RNA Preservation Tubes and Novel Generation RNA Extraction Kits for Analysis of mRNA and MiRNA Profiles | 7: Stabilization of Cellular RNA in Blood During Storage at Room Temperature: A Comparison of Cell-Free RNA BCT ® with K3EDTA Tubes | 8: Peripheral blood gene expression: it all boils down to the RNA collection tubes | 9: Human blood RNA stabilization in samples collected and transported for a large biobank | 10: Comparison of procedures for RNA-extraction from peripheral blood mononuclear cells,1: PMC6897427; doi:10.1371/journal.pone.0225137 | 2: PMC5004844; doi:10.1371/journal.pone.0161778 | 3: PMC2956623 | 4: PMC7026973; doi:10.1186/s13104-020-04943-4 | 5: PMC6786555; doi:10.1371/journal.pone.0223065 | 6: PMC4254602; doi:10.1371/journal.pone.0113298 | 7: PMC4245490; doi:10.1007/s40291-014-0118-z | 8: PMC3280191; doi:10.1186/1756-0500-5-1 | 9: PMC3503553; doi:10.1186/1756-0500-5-510 | 10: PMC7034890; doi:10.1371/journal.pone.0229423,Preanalytical robustness of blood collection tubes with RNA stabilizers,pmid:31112504; doi:10.1515/cclm-2019-0170,,0,0,0,0,0.0,,,,s_0b29c659
Q083,Biospecimen quality control and SOPs,Which choices involving sample vials and centrifugation can affect the validity of a metabolomics study?,success,,raw,,,,vector,"pmc,biorxiv,medrxiv,arxiv,abstracts_only",1,10,Which choices involving sample vials and centrifugation can affect the validity of a metabolomics study?,,10,"1: Does centrifugation matter? Centrifugal force and spinning time alter the plasma metabolome | 2: An Overview of Pre-Analytical Factors Impacting Metabolomics Analyses of Blood Samples | 3: Impact of Blood Collection Tubes and Sample Handling Time on Serum and Plasma Metabolome and Lipidome | 4: A Systematic Evaluation of Blood Serum and Plasma Pre-Analytics for Metabolomics Cohort Studies | 5: Effects of pre-analytical processes on blood samples used in metabolomics studies | 6: Recommendations and Best Practices for Standardizing the Pre-Analytical Processing of Blood and Urine Samples in Metabolomics | 7: Pre-Analytical Factors that Affect Metabolite Stability in Human Urine, Plasma, and Serum: A Review | 8: Impact of Prolonged Blood Incubation and Extended Serum Storage at Room Temperature on the Human Serum Metabolome | 9: Trivialities in metabolomics: Artifacts in extraction and analysis | 10: Effect of Delayed Centrifugation on the Levels of NMR-Measured Lipoproteins and Metabolites in Plasma and Serum Samples",1: PMC5025507; doi:10.1007/s11306-016-1109-3 | 2: PMC11433674; doi:10.3390/metabo14090474 | 3: PMC6316012; doi:10.3390/metabo8040088 | 4: PMC5187835; doi:10.3390/ijms17122035 | 5: PMC4471316; doi:10.1007/s00216-015-8565-x | 6: PMC7344701; doi:10.3390/metabo10060229 | 7: PMC6724180; doi:10.3390/metabo9080156 | 8: PMC5875996; doi:10.3390/metabo8010006 | 9: PMC9493124; doi:10.3389/fmolb.2022.972190 | 10: PMC9753045; doi:10.1021/acs.analchem.2c02167,"Preanalytical Processing and Biobanking Procedures of Biological Samples for Metabolomics Research: A White Paper, Community Perspective (for ""Precision Medicine and Pharmacometabolomics Task Group""-The Metabolomics Society Initiative)",pmid:29921725; doi:10.1373/clinchem.2018.287045,,0,0,0,0,0.0,,,,s_a3024448
Q084,Biospecimen quality control and SOPs,What kind of sample-collection protocol should a biobank use for metabolomics studies?,success,,raw,,,,vector,"pmc,biorxiv,medrxiv,arxiv,abstracts_only",1,10,What kind of sample-collection protocol should a biobank use for metabolomics studies?,,10,1: A Systematic Evaluation of Blood Serum and Plasma Pre-Analytics for Metabolomics Cohort Studies | 2: Recommendations and Best Practices for Standardizing the Pre-Analytical Processing of Blood and Urine Samples in Metabolomics | 3: An Overview of Pre-Analytical Factors Impacting Metabolomics Analyses of Blood Samples | 4: Validating Centralized Biobanking Workflows for NMR Metabolomics Using the PRIMA Panel | 5: Impact of Blood Collection Tubes and Sample Handling Time on Serum and Plasma Metabolome and Lipidome | 6: Urinary Metabolomic Profile is Minimally Impacted by Common Storage Conditions and Additives | 7: Effects of pre-analytical processes on blood samples used in metabolomics studies | 8: Influence of Freezing and Storage Procedure on Human Urine Samples in NMR-Based Metabolomics | 9: Important Considerations for Sample Collection in Metabolomics Studies with a Special Focus on Applications to Liver Functions | 10: Current standards for the storage of human samples in biobanks,1: PMC5187835; doi:10.3390/ijms17122035 | 2: PMC7344701; doi:10.3390/metabo10060229 | 3: PMC11433674; doi:10.3390/metabo14090474 | 4: PMC11822734; doi:10.1021/acs.analchem.4c04938 | 5: PMC6316012; doi:10.3390/metabo8040088 | 6: PMC12064589; doi:10.1007/s00192-025-06069-2 | 7: PMC4471316; doi:10.1007/s00216-015-8565-x | 8: PMC3901271; doi:10.3390/metabo3020243 | 9: PMC7142637; doi:10.3390/metabo10030104 | 10: PMC2988449; doi:10.1186/gm193,"Preanalytical Processing and Biobanking Procedures of Biological Samples for Metabolomics Research: A White Paper, Community Perspective (for ""Precision Medicine and Pharmacometabolomics Task Group""-The Metabolomics Society Initiative) | Current standards for the storage of human samples in biobanks",pmid:29921725; doi:10.1373/clinchem.2018.287045 | pmcid:PMC2988449; pmid:20923579; doi:10.1186/gm193,10,0,0,0,1,0.1,Current standards for the storage of human samples in biobanks,pmcid,PMC2988449,s_65ed472a
Q085,Storage temperature and duration,Do urine and serum show systematic metabolite changes after being kept at 4°C for 24 hours before freezing?,success,,raw,,,,vector,"pmc,biorxiv,medrxiv,arxiv,abstracts_only",1,10,Do urine and serum show systematic metabolite changes after being kept at 4°C for 24 hours before freezing?,,10,"1: Influence of Storage Conditions and Preservatives on Metabolite Fingerprints in Urine | 2: Influence of Freezing and Storage Procedure on Human Urine Samples in NMR-Based Metabolomics | 3: Stability of targeted metabolite profiles of urine samples under different storage conditions | 4: Impact of collection conditions on the metabolite content of human urine samples as analyzed by liquid chromatography coupled to mass spectrometry and nuclear magnetic resonance spectroscopy | 5: Impact of Prolonged Blood Incubation and Extended Serum Storage at Room Temperature on the Human Serum Metabolome | 6: Short-Term Stability of Serum and Liver Extracts for Untargeted Metabolomics and Lipidomics | 7: A Systematic Evaluation of Blood Serum and Plasma Pre-Analytics for Metabolomics Cohort Studies | 8: Effects of Long-Term Storage at −80 °C on the Human Plasma Metabolome | 9: Pre-Analytical Factors that Affect Metabolite Stability in Human Urine, Plasma, and Serum: A Review | 10: Impact of Blood Collection Tubes and Sample Handling Time on Serum and Plasma Metabolome and Lipidome",1: PMC6836253; doi:10.3390/metabo9100203 | 2: PMC3901271; doi:10.3390/metabo3020243 | 3: PMC5126183; doi:10.1007/s11306-016-1137-z | 4: PMC4559108; doi:10.1007/s11306-014-0764-5 | 5: PMC5875996; doi:10.3390/metabo8010006 | 6: PMC10215277; doi:10.3390/antiox12050986 | 7: PMC5187835; doi:10.3390/ijms17122035 | 8: PMC6572224; doi:10.3390/metabo9050099 | 9: PMC6724180; doi:10.3390/metabo9080156 | 10: PMC6316012; doi:10.3390/metabo8040088,High-throughput 1H NMR-based metabolic analysis of human serum and urine for large-scale epidemiological studies: validation study,pmid:18381391; doi:10.1093/ije/dym284,,0,0,0,0,0.0,,,,s_cc88e7f1
Q086,Storage temperature and duration,What type of analysis is needed to detect the small serum changes that occur after 36 hours at 4°C?,success,,raw,,,,vector,"pmc,biorxiv,medrxiv,arxiv,abstracts_only",1,10,What type of analysis is needed to detect the small serum changes that occur after 36 hours at 4°C?,,10,"1: Impact of Prolonged Blood Incubation and Extended Serum Storage at Room Temperature on the Human Serum Metabolome | 2: Global Stability of Plasma Proteomes for Mass Spectrometry-Based Analyses * | 3: Assessment by Matrix‐Assisted Laser Desorption/Ionization Time‐of‐Flight Mass Spectrometry of the Effects of Preanalytical Variables on Serum Peptidome Profiles Following Long‐Term Sample Storage | 4: An analysis of the impact of pre‐analytical factors on the urine proteome: Sample processing time, temperature, and proteolysis | 5: Impact of single freeze-thaw cycles on human serum proteins: Implications for mass spectrometry biomarker validation | 6: Pre-Analytical Sample Quality: Metabolite Ratios as an Intrinsic Marker for Prolonged Room Temperature Exposure of Serum Samples | 7: Pre-analytical stability of the plasma proteomes based on the storage temperature | 8: Impact of Single Freeze-Thaw Cycles on Serum Protein Stability: Implications for Clinical Biomarker Validation Using Mass Spectrometry | 9: Effects of sample handling and storage on quantitative lipid analysis in human serum | 10: Targeted Metabolomics Identifies Reliable and Stable Metabolites in Human Serum and Plasma Samples",1: PMC5875996; doi:10.3390/metabo8010006 | 2: PMC3433892; doi:10.1074/mcp.M111.014340 | 3: PMC5947747; doi:10.1002/prca.201700047 | 4: PMC4964914; doi:10.1002/prca.201400079 | 5: PMC13206734; doi:10.1016/j.isci.2026.115934 | 6: PMC4379062; doi:10.1371/journal.pone.0121495 | 7: PMC3658880; doi:10.1186/1477-5956-11-10 | 8: bio_6971918c74be; doi:10.1101/2025.04.09.647925 | 9: PMC2794342; doi:10.1007/s11306-009-0174-2 | 10: PMC3933650; doi:10.1371/journal.pone.0089728,High-throughput 1H NMR-based metabolic analysis of human serum and urine for large-scale epidemiological studies: validation study,pmid:18381391; doi:10.1093/ije/dym284,,0,0,0,0,0.0,,,,s_d152bbc9
Q087,"Specimen, tube, and processing effects",Which plasma Alzheimer’s biomarkers became more stable when blood was collected in P100 protease-inhibitor tubes?,success,,raw,,,,vector,"pmc,biorxiv,medrxiv,arxiv,abstracts_only",1,10,Which plasma Alzheimer’s biomarkers became more stable when blood was collected in P100 protease-inhibitor tubes?,,10,1: Effect of blood collection tube containing protease inhibitors on the pre-analytical stability of Alzheimer’s disease plasma biomarkers | 2: Improving the preanalytical stability of Alzheimer’s disease plasma biomarkers: the impact of blood collection tubes supplemented with protease inhibitors | 3: Impact of Protease Inhibitor‐Containing Blood Collection Tubes on Targeted Proteomic Profiles of Alzheimer's Disease Plasma Biomarkers | 4: Preanalytical sample handling recommendations for Alzheimer's disease plasma biomarkers | 5: Head-to-Head Comparison of Different Blood Collecting Tubes for Quantification of Alzheimer’s Disease Biomarkers in Plasma | 6: Differences in Alzheimer's disease blood biomarker stability: Implications for the use of tau/amyloid ratios | 7: Characterization of pre‐analytical sample handling effects on a panel of Alzheimer's disease–related blood‐based biomarkers: Results from the Standardization of Alzheimer's Blood Biomarkers (SABB) working group | 8: Evidence‐based standardized sample handling protocol for accurate blood‐based Alzheimer's disease biomarker measurement: Results and consensus of the Global Biomarker Standardization Consortium | 9: Pre‐analytical protocol for measuring Alzheimer's disease biomarkers in fresh CSF | 10: Crosswalk study on blood collection‐tube types for Alzheimer's disease biomarkers,1: med_0757037878c7; doi:10.1101/2024.03.05.24303504 | 2: PMC11716593; doi:10.1002/alz.088796 | 3: PMC12782920; doi:10.1002/alz70856_107138 | 4: PMC6446057; doi:10.1016/j.dadm.2019.02.002 | 5: PMC9496121; doi:10.3390/biom12091194 | 6: PMC12044288; doi:10.1002/alz.70173 | 7: PMC9148379; doi:10.1002/alz.12510 | 8: PMC12481164; doi:10.1002/alz.70752 | 9: PMC7748029; doi:10.1002/dad2.12137 | 10: PMC8828996; doi:10.1002/dad2.12266,Effect of blood collection tube containing protease inhibitors on the pre-analytical stability of Alzheimer's disease plasma biomarkers,pmcid:PMC11449657; pmid:38814273; doi:10.1111/jnc.16130,1,1,1,1,1,1.0,Effect of blood collection tube containing protease inhibitors on the pre-analytical stability of Alzheimer’s disease plasma biomarkers,title,Effect of blood collection tube containing protease inhibitors on the pre-analytical stability of Alzheimer’s disease plasma biomarkers,s_e8e30b05
Q088,"Specimen, tube, and processing effects",Which plasma Alzheimer’s biomarkers were unaffected by the choice of collection tube?,success,,raw,,,,vector,"pmc,biorxiv,medrxiv,arxiv,abstracts_only",1,10,Which plasma Alzheimer’s biomarkers were unaffected by the choice of collection tube?,,10,"1: Effect of blood collection tube containing protease inhibitors on the pre-analytical stability of Alzheimer’s disease plasma biomarkers | 2: Head-to-Head Comparison of Different Blood Collecting Tubes for Quantification of Alzheimer’s Disease Biomarkers in Plasma | 3: Crosswalk study on blood collection‐tube types for Alzheimer's disease biomarkers | 4: Preanalytical sample handling recommendations for Alzheimer's disease plasma biomarkers | 5: Improving the preanalytical stability of Alzheimer’s disease plasma biomarkers: the impact of blood collection tubes supplemented with protease inhibitors | 6: Impact of Protease Inhibitor‐Containing Blood Collection Tubes on Targeted Proteomic Profiles of Alzheimer's Disease Plasma Biomarkers | 7: Characterization of pre‐analytical sample handling effects on a panel of Alzheimer's disease–related blood‐based biomarkers: Results from the Standardization of Alzheimer's Blood Biomarkers (SABB) working group | 8: Effects of pre‐analytical procedures on blood biomarkers for Alzheimer's pathophysiology, glial activation, and neurodegeneration | 9: Evidence‐based standardized sample handling protocol for accurate blood‐based Alzheimer's disease biomarker measurement: Results and consensus of the Global Biomarker Standardization Consortium | 10: Pre‐analytical protocol for measuring Alzheimer's disease biomarkers in fresh CSF",1: med_0757037878c7; doi:10.1101/2024.03.05.24303504 | 2: PMC9496121; doi:10.3390/biom12091194 | 3: PMC8828996; doi:10.1002/dad2.12266 | 4: PMC6446057; doi:10.1016/j.dadm.2019.02.002 | 5: PMC11716593; doi:10.1002/alz.088796 | 6: PMC12782920; doi:10.1002/alz70856_107138 | 7: PMC9148379; doi:10.1002/alz.12510 | 8: PMC8171159; doi:10.1002/dad2.12168 | 9: PMC12481164; doi:10.1002/alz.70752 | 10: PMC7748029; doi:10.1002/dad2.12137,Effect of blood collection tube containing protease inhibitors on the pre-analytical stability of Alzheimer's disease plasma biomarkers,pmcid:PMC11449657; pmid:38814273; doi:10.1111/jnc.16130,1,1,1,1,1,1.0,Effect of blood collection tube containing protease inhibitors on the pre-analytical stability of Alzheimer’s disease plasma biomarkers,title,Effect of blood collection tube containing protease inhibitors on the pre-analytical stability of Alzheimer’s disease plasma biomarkers,s_9d16fc35
Q089,Storage temperature and duration,How much cold ischemia and frozen storage can fresh-frozen tumor tissue tolerate without reducing RNA integrity?,success,,raw,,,,vector,"pmc,biorxiv,medrxiv,arxiv,abstracts_only",1,10,How much cold ischemia and frozen storage can fresh-frozen tumor tissue tolerate without reducing RNA integrity?,,10,"1: Impact of Delay to Cryopreservation on RNA Integrity and Genome-Wide Expression Profiles in Resected Tumor Samples | 2: Effects of Delay in the Snap Freezing of Colorectal Cancer Tissues on the Quality of DNA and RNA | 3: Impact of Cold Ischemic Time and Freeze-Thaw Cycles on RNA, DNA and Protein Quality in Colorectal Cancer Tissues Biobanking | 4: Assessing the quality of RNA isolated from human breast tissue after ambient room temperature exposure | 5: Frozen section histopathology and preanalytical factors affecting nucleic acid integrity in biobanked fresh-frozen human cancer tissues | 6: RNA quality in frozen breast cancer samples and the influence on gene expression analysis – a comparison of three evaluation methods using microcapillary electrophoresis traces | 7: Biobanking of Fresh-Frozen Human Adenocarcinomatous and Normal Colon Tissues: Which Parameters Influence RNA Quality? | 8: Systematic evaluation of RNA quality, microarray data reliability and pathway analysis in fresh, fresh frozen and formalin-fixed paraffin-embedded tissue samples | 9: Formalin Fixation at Low Temperature Better Preserves Nucleic Acid Integrity | 10: The focus on sample quality: Influence of colon tissue collection on reliability of qPCR data",1: PMC3835918; doi:10.1371/journal.pone.0079826 | 2: PMC2998017; doi:10.3393/jksc.2010.26.5.316 | 3: PMC6775519; doi:10.7150/jca.29372 | 4: PMC8765617; doi:10.1371/journal.pone.0262654 | 5: PMC12634257; doi:10.4132/jptm.2025.07.22 | 6: PMC1891312; doi:10.1186/1471-2199-8-38 | 7: PMC4849710; doi:10.1371/journal.pone.0154326 | 8: PMC5910432; doi:10.1038/s41598-018-24781-6 | 9: PMC3115967; doi:10.1371/journal.pone.0021043 | 10: PMC4935944; doi:10.1038/srep29023,Biobanking of Fresh-Frozen Cancer Tissue: RNA Is Stable Independent of Tissue Type with Less Than 1 Hour of Cold Ischemia,pmid:29148824; doi:10.1089/bio.2017.0062,,0,0,0,0,0.0,,,,s_8091d4c6
Q090,Biospecimen quality control and SOPs,How common was an RNA integrity number below 7 among the frozen tumor samples?,success,,raw,,,,vector,"pmc,biorxiv,medrxiv,arxiv,abstracts_only",1,10,How common was an RNA integrity number below 7 among the frozen tumor samples?,,10,"1: RNA quality in frozen breast cancer samples and the influence on gene expression analysis – a comparison of three evaluation methods using microcapillary electrophoresis traces | 2: Robust gene expression and mutation analyses of RNA-sequencing of formalin-fixed diagnostic tumor samples | 3: Quantification of nucleic acid quality in postmortem tissues from a cancer research autopsy program | 4: A Comparison of RNA-Seq Results from Paired Formalin-Fixed Paraffin-Embedded and Fresh-Frozen Glioblastoma Tissue Samples | 5: Multicenter fresh frozen tissue sampling in colorectal cancer: does the quality meet the standards for state of the art biomarker research? | 6: Frozen section histopathology and preanalytical factors affecting nucleic acid integrity in biobanked fresh-frozen human cancer tissues | 7: Large scale, robust, and accurate whole transcriptome profiling from clinical formalin-fixed paraffin-embedded samples | 8: Biobanking of Fresh-Frozen Human Adenocarcinomatous and Normal Colon Tissues: Which Parameters Influence RNA Quality? | 9: Overcoming the Challenges of High Quality RNA Extraction from Core Needle Biopsy | 10: RNA degradation compromises the reliability of microRNA expression profiling",1: PMC1891312; doi:10.1186/1471-2199-8-38 | 2: PMC4511951; doi:10.1038/srep12335 | 3: PMC5341846; doi:10.18632/oncotarget.11836 | 4: PMC5266269; doi:10.1371/journal.pone.0170632 | 5: PMC5587614; doi:10.1007/s10561-017-9613-x | 6: PMC12634257; doi:10.4132/jptm.2025.07.22 | 7: PMC7572424; doi:10.1038/s41598-020-74483-1 | 8: PMC4849710; doi:10.1371/journal.pone.0154326 | 9: PMC8143498; doi:10.3390/biom11050621 | 10: PMC2805631; doi:10.1186/1472-6750-9-102,Biobanking of Fresh-Frozen Cancer Tissue: RNA Is Stable Independent of Tissue Type with Less Than 1 Hour of Cold Ischemia,pmid:29148824; doi:10.1089/bio.2017.0062,,0,0,0,0,0.0,,,,s_d0846dbd
