question_id,question,gold_answer,gold_nuggets_json,notes,run_name,ranker,search_query,keywords_json,retrieved_papers_count,extracted_snippets_count,returned_records_count,top_k,context_text,records_json,status,error_type,error_message
BQ001,Is potassium stable in serum gel tubes if centrifugation is delayed for up to 24 hours at 15 to 35 degrees Celsius?,"Potassium should be treated as potentially unstable under delayed pre-centrifugation storage in serum gel tubes. Tanner et al. reported that potassium was not stable in at least one tested storage condition when serum gel tubes were kept at 15, 25, or 35 °C for 4, 8, or 24 hours before centrifugation.","[""potassium was not stable in at least one pre-centrifugation storage condition"", ""serum gel tubes were stored at 15, 25, or 35 degrees Celsius"", ""storage durations included 4, 8, and 24 hours before centrifugation"", ""delayed centrifugation can affect potassium validity""]",Evidence-based draft benchmark row. Use for development/testing; later verify with supervisor/domain expert.,ranker_medcpt,medcpt,"(TITLE_ABS:""Is potassium stable in serum gel tubes if centrifugation is delayed for up to 24 hours at 15 to 35 degrees Celsius?"") OR (TITLE_ABS:(potassium AND serum AND stable)) OR (TITLE_ABS:(potassium AND serum AND stable AND gel)) OR (TITLE_ABS:(""serum gel"" OR ""serum gel tube"" OR ""serum gel tubes"" OR potassium OR ""K+"" OR stability OR stable OR unstable OR serum OR ""blood serum"" OR gel OR ""serum separator"" OR SST OR tube OR tubes OR ""collection tube"" OR ""blood collection tube"" OR centrifugation OR centrifuge OR ""pre-centrifugation"" OR precentrifugation OR delayed OR delay OR ""processing delay"")) OR (TITLE_ABS:(potassium OR stable OR serum OR gel OR tubes OR centrifugation OR delayed))","[""potassium"", ""stable"", ""serum"", ""gel"", ""tubes"", ""centrifugation"", ""delayed""]",8,83,5,5,"[1] Acceptable stability over the maximum storage time of 8 h was observed for 25 of the analytes tested in this study. However, direct bilirubin became unstable at 6 h and triglycerides at 8 h of storage prior to centrifugation. Calcium, gamma-glutamyl transferase, glucose, inorganic phosphate and potassium were found to be unstable in serum after 4 h of delayed centrifugation.Conclusions.
Source: Impact of delayed centrifugation on the stability of 32 biochemical analytes in blood samples collected in serum gel tubes and stored at room temperature.. 2025. PMID: 40079584. DOI: 10.1515/cclm-2025-0109

[2] Impact of delayed centrifugation on the stability of 32 biochemical analytes in blood samples collected in serum gel tubes and stored at room temperature.
Source: Impact of delayed centrifugation on the stability of 32 biochemical analytes in blood samples collected in serum gel tubes and stored at room temperature.. 2026. PMID: 42118557. DOI: 10.1515/cclm-2026-0081

[3] Blood was collected into serum separator tubes. Samples were aliquoted and split into two main categories i.e., immediate centrifugation (timepoint zero) and delayed centrifugation (by 8 and 24 h). These categories were further subdivided into different storage temperatures i.e., -20 °C, 4 °C, 20-25 °C and 30 °C.
Source: Short- and medium-term pre-analytical stability of human serum insulin-like growth factor-1.. 2026. PMID: 41167200. DOI: 10.1515/cclm-2025-0868

[4] The impact of gel adsorption on the accuracy of the results, however, has not been evaluated.Methods. Aliquots from a pool of blood spiked with PFAS were stored in gel-free clot activator tubes (CATs) and gel-containing BD SST II Advance tubes (serum separator tubes) for 2, 8, and 24 hours. The CATs and serum separator tubes were collected from 15 volunteers under typical sampling conditions.
Source: Influence of separator gel in blood sampling tubes for perfluoroalkyl and polyfluoroalkyl substances analysis.. 2025. PMID: 40493758. DOI: 10.1093/labmed/lmaf023

[5] This study compared commercially available serum and plasma tubes and evaluated how they may affect δ 13 C, δ 15 N, and C and N concentrations from blood in lactating dairy cattle.Methods. For plasma and RBC, treatments were five collection tubes containing different anticoagulants: dipotassium ethylenediaminetetraacetic acid (K2EDTA), tripotassium EDTA (K3EDTA), NaF/K oxalate, Li heparin (LiHep), and Na heparin (NaHep). For serum analysis, the three collection tubes were a RedTop (contained no coagulating agent) and TigerTop and Red+CAT, which both contained clot activator and serum separator gel, each made by two different manufacturers.
Source: Blood Collection Tube has Minimal Interference on the Carbon and Nitrogen Isotope Composition of Plasma, Red Blood Cells, and Serum in Cow Blood.. 2025. PMID: 40701766. DOI: 10.1002/rcm.10109","[{""citation_id"": 1, ""title"": ""Impact of delayed centrifugation on the stability of 32 biochemical analytes in blood samples collected in serum gel tubes and stored at room temperature."", ""evidence_text"": ""Acceptable stability over the maximum storage time of 8 h was observed for 25 of the analytes tested in this study. However, direct bilirubin became unstable at 6 h and triglycerides at 8 h of storage prior to centrifugation. Calcium, gamma-glutamyl transferase, glucose, inorganic phosphate and potassium were found to be unstable in serum after 4 h of delayed centrifugation.Conclusions."", ""score"": 72.7164306640625, ""year"": ""2025"", ""source"": {""title"": ""Impact of delayed centrifugation on the stability of 32 biochemical analytes in blood samples collected in serum gel tubes and stored at room temperature."", ""pmid"": ""40079584"", ""doi"": ""10.1515/cclm-2025-0109"", ""url"": ""https://pubmed.ncbi.nlm.nih.gov/40079584/"", ""journal"": """", ""year"": ""2025"", ""authors"": ""Sanz-Felisi M, Tauler-Quetglas P, Escartín-Díez T, Arbiol-Roca A, Dot-Bach D.""}, ""ext_id"": ""40079584"", ""doi"": ""10.1515/cclm-2025-0109"", ""authors"": ""Sanz-Felisi M, Tauler-Quetglas P, Escartín-Díez T, Arbiol-Roca A, Dot-Bach D."", ""journal"": """", ""url"": ""https://pubmed.ncbi.nlm.nih.gov/40079584/"", ""score_components"": {}}, {""citation_id"": 2, ""title"": ""Impact of delayed centrifugation on the stability of 32 biochemical analytes in blood samples collected in serum gel tubes and stored at room temperature."", ""evidence_text"": ""Impact of delayed centrifugation on the stability of 32 biochemical analytes in blood samples collected in serum gel tubes and stored at room temperature."", ""score"": 67.93470001220703, ""year"": ""2026"", ""source"": {""title"": ""Impact of delayed centrifugation on the stability of 32 biochemical analytes in blood samples collected in serum gel tubes and stored at room temperature."", ""pmid"": ""42118557"", ""doi"": ""10.1515/cclm-2026-0081"", ""url"": ""https://pubmed.ncbi.nlm.nih.gov/42118557/"", ""journal"": """", ""year"": ""2026"", ""authors"": ""Sanz-Felisi M, Tauler-Quetglas P, Escartín-Díez T, Arbiol-Roca A, Dot-Bach D.""}, ""ext_id"": ""42118557"", ""doi"": ""10.1515/cclm-2026-0081"", ""authors"": ""Sanz-Felisi M, Tauler-Quetglas P, Escartín-Díez T, Arbiol-Roca A, Dot-Bach D."", ""journal"": """", ""url"": ""https://pubmed.ncbi.nlm.nih.gov/42118557/"", ""score_components"": {}}, {""citation_id"": 3, ""title"": ""Short- and medium-term pre-analytical stability of human serum insulin-like growth factor-1."", ""evidence_text"": ""Blood was collected into serum separator tubes. Samples were aliquoted and split into two main categories i.e., immediate centrifugation (timepoint zero) and delayed centrifugation (by 8 and 24 h). These categories were further subdivided into different storage temperatures i.e., -20 °C, 4 °C, 20-25 °C and 30 °C."", ""score"": 64.55201721191406, ""year"": ""2026"", ""source"": {""title"": ""Short- and medium-term pre-analytical stability of human serum insulin-like growth factor-1."", ""pmid"": ""41167200"", ""doi"": ""10.1515/cclm-2025-0868"", ""url"": ""https://pubmed.ncbi.nlm.nih.gov/41167200/"", ""journal"": """", ""year"": ""2026"", ""authors"": ""Louw JC, George JA, Khoza SP, Currin S.""}, ""ext_id"": ""41167200"", ""doi"": ""10.1515/cclm-2025-0868"", ""authors"": ""Louw JC, George JA, Khoza SP, Currin S."", ""journal"": """", ""url"": ""https://pubmed.ncbi.nlm.nih.gov/41167200/"", ""score_components"": {}}, {""citation_id"": 4, ""title"": ""Influence of separator gel in blood sampling tubes for perfluoroalkyl and polyfluoroalkyl substances analysis."", ""evidence_text"": ""The impact of gel adsorption on the accuracy of the results, however, has not been evaluated.Methods. Aliquots from a pool of blood spiked with PFAS were stored in gel-free clot activator tubes (CATs) and gel-containing BD SST II Advance tubes (serum separator tubes) for 2, 8, and 24 hours. The CATs and serum separator tubes were collected from 15 volunteers under typical sampling conditions."", ""score"": 63.685096740722656, ""year"": ""2025"", ""source"": {""title"": ""Influence of separator gel in blood sampling tubes for perfluoroalkyl and polyfluoroalkyl substances analysis."", ""pmid"": ""40493758"", ""doi"": ""10.1093/labmed/lmaf023"", ""url"": ""https://pubmed.ncbi.nlm.nih.gov/40493758/"", ""journal"": """", ""year"": ""2025"", ""authors"": ""Dufour P, Pirard C, Charlier C.""}, ""ext_id"": ""40493758"", ""doi"": ""10.1093/labmed/lmaf023"", ""authors"": ""Dufour P, Pirard C, Charlier C."", ""journal"": """", ""url"": ""https://pubmed.ncbi.nlm.nih.gov/40493758/"", ""score_components"": {}}, {""citation_id"": 5, ""title"": ""Blood Collection Tube has Minimal Interference on the Carbon and Nitrogen Isotope Composition of Plasma, Red Blood Cells, and Serum in Cow Blood."", ""evidence_text"": ""This study compared commercially available serum and plasma tubes and evaluated how they may affect δ 13 C, δ 15 N, and C and N concentrations from blood in lactating dairy cattle.Methods. For plasma and RBC, treatments were five collection tubes containing different anticoagulants: dipotassium ethylenediaminetetraacetic acid (K2EDTA), tripotassium EDTA (K3EDTA), NaF/K oxalate, Li heparin (LiHep), and Na heparin (NaHep). For serum analysis, the three collection tubes were a RedTop (contained no coagulating agent) and TigerTop and Red+CAT, which both contained clot activator and serum separator gel, each made by two different manufacturers."", ""score"": 63.314002990722656, ""year"": ""2025"", ""source"": {""title"": ""Blood Collection Tube has Minimal Interference on the Carbon and Nitrogen Isotope Composition of Plasma, Red Blood Cells, and Serum in Cow Blood."", ""pmid"": ""40701766"", ""doi"": ""10.1002/rcm.10109"", ""url"": ""https://pubmed.ncbi.nlm.nih.gov/40701766/"", ""journal"": """", ""year"": ""2025"", ""authors"": ""Jaramillo DM, Bauman LM, Nova CHPC, Lima L, van Santen E.""}, ""ext_id"": ""40701766"", ""doi"": ""10.1002/rcm.10109"", ""authors"": ""Jaramillo DM, Bauman LM, Nova CHPC, Lima L, van Santen E."", ""journal"": """", ""url"": ""https://pubmed.ncbi.nlm.nih.gov/40701766/"", ""score_components"": {}}]",ok,,
BQ002,Is glucose stable in serum gel tubes when centrifugation is delayed under variable storage temperatures?,"Glucose should be treated as potentially unstable when serum gel tubes experience delayed centrifugation at variable temperatures. Tanner et al. found glucose was not stable in at least one tested condition after pre-centrifugation storage at 15, 25, or 35 °C for 4, 8, or 24 hours.","[""glucose was not stable in at least one delayed centrifugation condition"", ""serum gel tubes were exposed to 15, 25, or 35 degrees Celsius"", ""delays before centrifugation included up to 24 hours"", ""glucose validity may be affected by pre-centrifugation delay""]",Evidence-based draft benchmark row. Use for development/testing; later verify with supervisor/domain expert.,ranker_medcpt,medcpt,"(TITLE_ABS:""Is glucose stable in serum gel tubes when centrifugation is delayed under variable storage temperatures?"") OR (TITLE_ABS:(glucose AND serum AND stable)) OR (TITLE_ABS:(glucose AND serum AND stable AND gel)) OR (TITLE_ABS:(""serum gel"" OR ""serum gel tube"" OR ""serum gel tubes"" OR ""storage temperature"" OR glucose OR stability OR stable OR unstable OR serum OR ""blood serum"" OR gel OR ""serum separator"" OR SST OR tube OR tubes OR ""collection tube"" OR ""blood collection tube"" OR centrifugation OR centrifuge OR ""pre-centrifugation"" OR precentrifugation OR delayed OR delay OR ""processing delay"")) OR (TITLE_ABS:(glucose OR stable OR serum OR gel OR tubes OR centrifugation OR delayed OR storage OR temperatures))","[""glucose"", ""stable"", ""serum"", ""gel"", ""tubes"", ""centrifugation"", ""delayed"", ""storage"", ""temperatures""]",8,84,5,5,"[1] Calcium, gamma-glutamyl transferase, glucose, inorganic phosphate and potassium were found to be unstable in serum after 4 h of delayed centrifugation.Conclusions. A delay in centrifugation of samples affected the stability of several analytes evaluated in the study, resulting in changes in their concentration or integrity. The analytical results for these analytes cannot be considered reliable as they do not meet the standards required for clinical validation.
Source: Impact of delayed centrifugation on the stability of 32 biochemical analytes in blood samples collected in serum gel tubes and stored at room temperature.. 2025. PMID: 40079584. DOI: 10.1515/cclm-2025-0109

[2] Impact of delayed centrifugation on the stability of 32 biochemical analytes in blood samples collected in serum gel tubes and stored at room temperature.
Source: Impact of delayed centrifugation on the stability of 32 biochemical analytes in blood samples collected in serum gel tubes and stored at room temperature.. 2026. PMID: 42118557. DOI: 10.1515/cclm-2026-0081

[3] Blood was collected into serum separator tubes. Samples were aliquoted and split into two main categories i.e., immediate centrifugation (timepoint zero) and delayed centrifugation (by 8 and 24 h). These categories were further subdivided into different storage temperatures i.e., -20 °C, 4 °C, 20-25 °C and 30 °C.
Source: Short- and medium-term pre-analytical stability of human serum insulin-like growth factor-1.. 2026. PMID: 41167200. DOI: 10.1515/cclm-2025-0868

[4] All samples were processed, freeze dried, and analyzed in triplicate for δ 13 C, δ 15 N, and C and N.Conclusions. While mean differences exist on the δ 13 C and δ 15 N from plasma and red blood cells, differences were minimal. Clot activator gels in serum tubes did not affect the δ 13 C and δ 15 N composition.
Source: Blood Collection Tube has Minimal Interference on the Carbon and Nitrogen Isotope Composition of Plasma, Red Blood Cells, and Serum in Cow Blood.. 2025. PMID: 40701766. DOI: 10.1002/rcm.10109

[5] Baseline value from the immediate test. The remaining samples were distributed into five groups.Results. Aliquots stored at -20°C in cryotubes for 3 days and 2-8°C separation gel tube samples for 3 days had >80% concordance with the baseline and were not different (P > 0.05).
Source: Stability of serum cytokeratin 18-M30 under different storage conditions for drug-induced liver injury assessment.. 2026. PMID: 42262209. DOI: 10.36721/pjps.2026.39.8.235.1","[{""citation_id"": 1, ""title"": ""Impact of delayed centrifugation on the stability of 32 biochemical analytes in blood samples collected in serum gel tubes and stored at room temperature."", ""evidence_text"": ""Calcium, gamma-glutamyl transferase, glucose, inorganic phosphate and potassium were found to be unstable in serum after 4 h of delayed centrifugation.Conclusions. A delay in centrifugation of samples affected the stability of several analytes evaluated in the study, resulting in changes in their concentration or integrity. The analytical results for these analytes cannot be considered reliable as they do not meet the standards required for clinical validation."", ""score"": 74.04598236083984, ""year"": ""2025"", ""source"": {""title"": ""Impact of delayed centrifugation on the stability of 32 biochemical analytes in blood samples collected in serum gel tubes and stored at room temperature."", ""pmid"": ""40079584"", ""doi"": ""10.1515/cclm-2025-0109"", ""url"": ""https://pubmed.ncbi.nlm.nih.gov/40079584/"", ""journal"": """", ""year"": ""2025"", ""authors"": ""Sanz-Felisi M, Tauler-Quetglas P, Escartín-Díez T, Arbiol-Roca A, Dot-Bach D.""}, ""ext_id"": ""40079584"", ""doi"": ""10.1515/cclm-2025-0109"", ""authors"": ""Sanz-Felisi M, Tauler-Quetglas P, Escartín-Díez T, Arbiol-Roca A, Dot-Bach D."", ""journal"": """", ""url"": ""https://pubmed.ncbi.nlm.nih.gov/40079584/"", ""score_components"": {}}, {""citation_id"": 2, ""title"": ""Impact of delayed centrifugation on the stability of 32 biochemical analytes in blood samples collected in serum gel tubes and stored at room temperature."", ""evidence_text"": ""Impact of delayed centrifugation on the stability of 32 biochemical analytes in blood samples collected in serum gel tubes and stored at room temperature."", ""score"": 70.0590591430664, ""year"": ""2026"", ""source"": {""title"": ""Impact of delayed centrifugation on the stability of 32 biochemical analytes in blood samples collected in serum gel tubes and stored at room temperature."", ""pmid"": ""42118557"", ""doi"": ""10.1515/cclm-2026-0081"", ""url"": ""https://pubmed.ncbi.nlm.nih.gov/42118557/"", ""journal"": """", ""year"": ""2026"", ""authors"": ""Sanz-Felisi M, Tauler-Quetglas P, Escartín-Díez T, Arbiol-Roca A, Dot-Bach D.""}, ""ext_id"": ""42118557"", ""doi"": ""10.1515/cclm-2026-0081"", ""authors"": ""Sanz-Felisi M, Tauler-Quetglas P, Escartín-Díez T, Arbiol-Roca A, Dot-Bach D."", ""journal"": """", ""url"": ""https://pubmed.ncbi.nlm.nih.gov/42118557/"", ""score_components"": {}}, {""citation_id"": 3, ""title"": ""Short- and medium-term pre-analytical stability of human serum insulin-like growth factor-1."", ""evidence_text"": ""Blood was collected into serum separator tubes. Samples were aliquoted and split into two main categories i.e., immediate centrifugation (timepoint zero) and delayed centrifugation (by 8 and 24 h). These categories were further subdivided into different storage temperatures i.e., -20 °C, 4 °C, 20-25 °C and 30 °C."", ""score"": 68.06096649169922, ""year"": ""2026"", ""source"": {""title"": ""Short- and medium-term pre-analytical stability of human serum insulin-like growth factor-1."", ""pmid"": ""41167200"", ""doi"": ""10.1515/cclm-2025-0868"", ""url"": ""https://pubmed.ncbi.nlm.nih.gov/41167200/"", ""journal"": """", ""year"": ""2026"", ""authors"": ""Louw JC, George JA, Khoza SP, Currin S.""}, ""ext_id"": ""41167200"", ""doi"": ""10.1515/cclm-2025-0868"", ""authors"": ""Louw JC, George JA, Khoza SP, Currin S."", ""journal"": """", ""url"": ""https://pubmed.ncbi.nlm.nih.gov/41167200/"", ""score_components"": {}}, {""citation_id"": 4, ""title"": ""Blood Collection Tube has Minimal Interference on the Carbon and Nitrogen Isotope Composition of Plasma, Red Blood Cells, and Serum in Cow Blood."", ""evidence_text"": ""All samples were processed, freeze dried, and analyzed in triplicate for δ 13 C, δ 15 N, and C and N.Conclusions. While mean differences exist on the δ 13 C and δ 15 N from plasma and red blood cells, differences were minimal. Clot activator gels in serum tubes did not affect the δ 13 C and δ 15 N composition."", ""score"": 61.93924331665039, ""year"": ""2025"", ""source"": {""title"": ""Blood Collection Tube has Minimal Interference on the Carbon and Nitrogen Isotope Composition of Plasma, Red Blood Cells, and Serum in Cow Blood."", ""pmid"": ""40701766"", ""doi"": ""10.1002/rcm.10109"", ""url"": ""https://pubmed.ncbi.nlm.nih.gov/40701766/"", ""journal"": """", ""year"": ""2025"", ""authors"": ""Jaramillo DM, Bauman LM, Nova CHPC, Lima L, van Santen E.""}, ""ext_id"": ""40701766"", ""doi"": ""10.1002/rcm.10109"", ""authors"": ""Jaramillo DM, Bauman LM, Nova CHPC, Lima L, van Santen E."", ""journal"": """", ""url"": ""https://pubmed.ncbi.nlm.nih.gov/40701766/"", ""score_components"": {}}, {""citation_id"": 5, ""title"": ""Stability of serum cytokeratin 18-M30 under different storage conditions for drug-induced liver injury assessment."", ""evidence_text"": ""Baseline value from the immediate test. The remaining samples were distributed into five groups.Results. Aliquots stored at -20°C in cryotubes for 3 days and 2-8°C separation gel tube samples for 3 days had >80% concordance with the baseline and were not different (P > 0.05)."", ""score"": 61.38450241088867, ""year"": ""2026"", ""source"": {""title"": ""Stability of serum cytokeratin 18-M30 under different storage conditions for drug-induced liver injury assessment."", ""pmid"": ""42262209"", ""doi"": ""10.36721/pjps.2026.39.8.235.1"", ""url"": ""https://pubmed.ncbi.nlm.nih.gov/42262209/"", ""journal"": """", ""year"": ""2026"", ""authors"": ""Zheng G, Xia X, Jia F, Li W, Wang J, Li J.""}, ""ext_id"": ""42262209"", ""doi"": ""10.36721/pjps.2026.39.8.235.1"", ""authors"": ""Zheng G, Xia X, Jia F, Li W, Wang J, Li J."", ""journal"": """", ""url"": ""https://pubmed.ncbi.nlm.nih.gov/42262209/"", ""score_components"": {}}]",ok,,
BQ003,Is phosphate stable in serum gel tubes during delayed centrifugation at 15 to 35 degrees Celsius?,"Phosphate should be considered potentially unstable during delayed centrifugation in serum gel tubes. Tanner et al. reported phosphate was not stable in at least one condition among samples stored before centrifugation at 15, 25, or 35 °C for 4, 8, or 24 hours.","[""phosphate was not stable in at least one pre-centrifugation condition"", ""the sample type was serum gel tube blood"", ""storage temperatures included 15, 25, and 35 degrees Celsius"", ""storage times included 4, 8, and 24 hours""]",Evidence-based draft benchmark row. Use for development/testing; later verify with supervisor/domain expert.,ranker_medcpt,medcpt,"(TITLE_ABS:""Is phosphate stable in serum gel tubes during delayed centrifugation at 15 to 35 degrees Celsius?"") OR (TITLE_ABS:(phosphate AND serum AND stable)) OR (TITLE_ABS:(phosphate AND serum AND stable AND gel)) OR (TITLE_ABS:(""serum gel"" OR ""serum gel tube"" OR ""serum gel tubes"" OR ""delayed centrifugation"" OR phosphate OR phosphorus OR stability OR stable OR unstable OR serum OR ""blood serum"" OR gel OR ""serum separator"" OR SST OR tube OR tubes OR ""collection tube"" OR ""blood collection tube"" OR delayed OR delay OR ""processing delay"" OR ""delayed processing"" OR centrifugation OR centrifuge)) OR (TITLE_ABS:(phosphate OR stable OR serum OR gel OR tubes OR delayed OR centrifugation))","[""phosphate"", ""stable"", ""serum"", ""gel"", ""tubes"", ""delayed"", ""centrifugation""]",8,90,5,5,"[1] Acceptable stability over the maximum storage time of 8 h was observed for 25 of the analytes tested in this study. However, direct bilirubin became unstable at 6 h and triglycerides at 8 h of storage prior to centrifugation. Calcium, gamma-glutamyl transferase, glucose, inorganic phosphate and potassium were found to be unstable in serum after 4 h of delayed centrifugation.Conclusions.
Source: Impact of delayed centrifugation on the stability of 32 biochemical analytes in blood samples collected in serum gel tubes and stored at room temperature.. 2025. PMID: 40079584. DOI: 10.1515/cclm-2025-0109

[2] Impact of delayed centrifugation on the stability of 32 biochemical analytes in blood samples collected in serum gel tubes and stored at room temperature.
Source: Impact of delayed centrifugation on the stability of 32 biochemical analytes in blood samples collected in serum gel tubes and stored at room temperature.. 2026. PMID: 42118557. DOI: 10.1515/cclm-2026-0081

[3] Blood was taken from n=10 volunteers into Sarstedt serum gel tubes. We assessed stability in WB at room temperature up to 24 h, and stability in refrigerated serum up to 72 h. Mean percentage deviation at each time point was compared to criteria for minimum allowable bias.Results.
Source: Pre-analytical stability of haematinics, lactate dehydrogenase and phosphate in whole blood at room temperature up to 24 h, and refrigerated serum stability of lactate dehydrogenase, folate and vitamin B12 up to 72 h using the CRESS checklist.. 2025. PMID: 39609111. DOI: 10.1515/cclm-2024-1098

[4] Blood was collected into serum separator tubes. Samples were aliquoted and split into two main categories i.e., immediate centrifugation (timepoint zero) and delayed centrifugation (by 8 and 24 h). These categories were further subdivided into different storage temperatures i.e., -20 °C, 4 °C, 20-25 °C and 30 °C.
Source: Short- and medium-term pre-analytical stability of human serum insulin-like growth factor-1.. 2026. PMID: 41167200. DOI: 10.1515/cclm-2025-0868

[5] This study investigated the stability of serum metabolites under different centrifugation delays. Venous blood samples were collected from healthy volunteers. For each individual, one sample was processed immediately (0 h), while two additional samples were kept at room temperature and centrifuged after 2 and 6 h.
Source: Stability of serum metabolites following delayed centrifugation.. 2026. PMID: 41905484. DOI: 10.1016/j.cca.2026.120983","[{""citation_id"": 1, ""title"": ""Impact of delayed centrifugation on the stability of 32 biochemical analytes in blood samples collected in serum gel tubes and stored at room temperature."", ""evidence_text"": ""Acceptable stability over the maximum storage time of 8 h was observed for 25 of the analytes tested in this study. However, direct bilirubin became unstable at 6 h and triglycerides at 8 h of storage prior to centrifugation. Calcium, gamma-glutamyl transferase, glucose, inorganic phosphate and potassium were found to be unstable in serum after 4 h of delayed centrifugation.Conclusions."", ""score"": 72.57544708251953, ""year"": ""2025"", ""source"": {""title"": ""Impact of delayed centrifugation on the stability of 32 biochemical analytes in blood samples collected in serum gel tubes and stored at room temperature."", ""pmid"": ""40079584"", ""doi"": ""10.1515/cclm-2025-0109"", ""url"": ""https://pubmed.ncbi.nlm.nih.gov/40079584/"", ""journal"": """", ""year"": ""2025"", ""authors"": ""Sanz-Felisi M, Tauler-Quetglas P, Escartín-Díez T, Arbiol-Roca A, Dot-Bach D.""}, ""ext_id"": ""40079584"", ""doi"": ""10.1515/cclm-2025-0109"", ""authors"": ""Sanz-Felisi M, Tauler-Quetglas P, Escartín-Díez T, Arbiol-Roca A, Dot-Bach D."", ""journal"": """", ""url"": ""https://pubmed.ncbi.nlm.nih.gov/40079584/"", ""score_components"": {}}, {""citation_id"": 2, ""title"": ""Impact of delayed centrifugation on the stability of 32 biochemical analytes in blood samples collected in serum gel tubes and stored at room temperature."", ""evidence_text"": ""Impact of delayed centrifugation on the stability of 32 biochemical analytes in blood samples collected in serum gel tubes and stored at room temperature."", ""score"": 68.9322738647461, ""year"": ""2026"", ""source"": {""title"": ""Impact of delayed centrifugation on the stability of 32 biochemical analytes in blood samples collected in serum gel tubes and stored at room temperature."", ""pmid"": ""42118557"", ""doi"": ""10.1515/cclm-2026-0081"", ""url"": ""https://pubmed.ncbi.nlm.nih.gov/42118557/"", ""journal"": """", ""year"": ""2026"", ""authors"": ""Sanz-Felisi M, Tauler-Quetglas P, Escartín-Díez T, Arbiol-Roca A, Dot-Bach D.""}, ""ext_id"": ""42118557"", ""doi"": ""10.1515/cclm-2026-0081"", ""authors"": ""Sanz-Felisi M, Tauler-Quetglas P, Escartín-Díez T, Arbiol-Roca A, Dot-Bach D."", ""journal"": """", ""url"": ""https://pubmed.ncbi.nlm.nih.gov/42118557/"", ""score_components"": {}}, {""citation_id"": 3, ""title"": ""Pre-analytical stability of haematinics, lactate dehydrogenase and phosphate in whole blood at room temperature up to 24 h, and refrigerated serum stability of lactate dehydrogenase, folate and vitamin B12 up to 72 h using the CRESS checklist."", ""evidence_text"": ""Blood was taken from n=10 volunteers into Sarstedt serum gel tubes. We assessed stability in WB at room temperature up to 24 h, and stability in refrigerated serum up to 72 h. Mean percentage deviation at each time point was compared to criteria for minimum allowable bias.Results."", ""score"": 66.6746826171875, ""year"": ""2025"", ""source"": {""title"": ""Pre-analytical stability of haematinics, lactate dehydrogenase and phosphate in whole blood at room temperature up to 24 h, and refrigerated serum stability of lactate dehydrogenase, folate and vitamin B12 up to 72 h using the CRESS checklist."", ""pmid"": ""39609111"", ""doi"": ""10.1515/cclm-2024-1098"", ""url"": ""https://pubmed.ncbi.nlm.nih.gov/39609111/"", ""journal"": """", ""year"": ""2025"", ""authors"": ""Williams R, Jankute M, Ifrahim R, Cordle J, Hepburn S.""}, ""ext_id"": ""39609111"", ""doi"": ""10.1515/cclm-2024-1098"", ""authors"": ""Williams R, Jankute M, Ifrahim R, Cordle J, Hepburn S."", ""journal"": """", ""url"": ""https://pubmed.ncbi.nlm.nih.gov/39609111/"", ""score_components"": {}}, {""citation_id"": 4, ""title"": ""Short- and medium-term pre-analytical stability of human serum insulin-like growth factor-1."", ""evidence_text"": ""Blood was collected into serum separator tubes. Samples were aliquoted and split into two main categories i.e., immediate centrifugation (timepoint zero) and delayed centrifugation (by 8 and 24 h). These categories were further subdivided into different storage temperatures i.e., -20 °C, 4 °C, 20-25 °C and 30 °C."", ""score"": 65.29336547851562, ""year"": ""2026"", ""source"": {""title"": ""Short- and medium-term pre-analytical stability of human serum insulin-like growth factor-1."", ""pmid"": ""41167200"", ""doi"": ""10.1515/cclm-2025-0868"", ""url"": ""https://pubmed.ncbi.nlm.nih.gov/41167200/"", ""journal"": """", ""year"": ""2026"", ""authors"": ""Louw JC, George JA, Khoza SP, Currin S.""}, ""ext_id"": ""41167200"", ""doi"": ""10.1515/cclm-2025-0868"", ""authors"": ""Louw JC, George JA, Khoza SP, Currin S."", ""journal"": """", ""url"": ""https://pubmed.ncbi.nlm.nih.gov/41167200/"", ""score_components"": {}}, {""citation_id"": 5, ""title"": ""Stability of serum metabolites following delayed centrifugation."", ""evidence_text"": ""This study investigated the stability of serum metabolites under different centrifugation delays. Venous blood samples were collected from healthy volunteers. For each individual, one sample was processed immediately (0 h), while two additional samples were kept at room temperature and centrifuged after 2 and 6 h."", ""score"": 63.46306610107422, ""year"": ""2026"", ""source"": {""title"": ""Stability of serum metabolites following delayed centrifugation."", ""pmid"": ""41905484"", ""doi"": ""10.1016/j.cca.2026.120983"", ""url"": ""https://pubmed.ncbi.nlm.nih.gov/41905484/"", ""journal"": """", ""year"": ""2026"", ""authors"": ""Minò A, Tiberio C, Caruso M, Di Costanzo A, Angiolillo A.""}, ""ext_id"": ""41905484"", ""doi"": ""10.1016/j.cca.2026.120983"", ""authors"": ""Minò A, Tiberio C, Caruso M, Di Costanzo A, Angiolillo A."", ""journal"": """", ""url"": ""https://pubmed.ncbi.nlm.nih.gov/41905484/"", ""score_components"": {}}]",ok,,
BQ004,Is albumin stable in serum gel tubes stored before centrifugation for up to 24 hours?,"Albumin appears stable under the tested delayed pre-centrifugation storage conditions in serum gel tubes. Tanner et al. reported albumin among the analytes that remained stable across storage at 15, 25, or 35 °C for 4, 8, or 24 hours before centrifugation.","[""albumin remained stable in the tested storage conditions"", ""serum gel tubes were stored before centrifugation"", ""temperatures included 15, 25, and 35 degrees Celsius"", ""time delays included up to 24 hours""]",Evidence-based draft benchmark row. Use for development/testing; later verify with supervisor/domain expert.,ranker_medcpt,medcpt,"(TITLE_ABS:""Is albumin stable in serum gel tubes stored before centrifugation for up to 24 hours?"") OR (TITLE_ABS:(albumin AND serum AND stable)) OR (TITLE_ABS:(albumin AND serum AND stable AND gel)) OR (TITLE_ABS:(""serum gel"" OR ""serum gel tube"" OR ""serum gel tubes"" OR albumin OR stability OR stable OR unstable OR serum OR ""blood serum"" OR gel OR ""serum separator"" OR SST OR tube OR tubes OR ""collection tube"" OR ""blood collection tube"" OR stored OR centrifugation OR centrifuge OR ""pre-centrifugation"" OR precentrifugation)) OR (TITLE_ABS:(albumin OR stable OR serum OR gel OR tubes OR stored OR centrifugation))","[""albumin"", ""stable"", ""serum"", ""gel"", ""tubes"", ""stored"", ""centrifugation""]",8,77,5,5,"[1] Acceptable stability over the maximum storage time of 8 h was observed for 25 of the analytes tested in this study. However, direct bilirubin became unstable at 6 h and triglycerides at 8 h of storage prior to centrifugation. Calcium, gamma-glutamyl transferase, glucose, inorganic phosphate and potassium were found to be unstable in serum after 4 h of delayed centrifugation.Conclusions.
Source: Impact of delayed centrifugation on the stability of 32 biochemical analytes in blood samples collected in serum gel tubes and stored at room temperature.. 2025. PMID: 40079584. DOI: 10.1515/cclm-2025-0109

[2] Impact of delayed centrifugation on the stability of 32 biochemical analytes in blood samples collected in serum gel tubes and stored at room temperature.
Source: Impact of delayed centrifugation on the stability of 32 biochemical analytes in blood samples collected in serum gel tubes and stored at room temperature.. 2026. PMID: 42118557. DOI: 10.1515/cclm-2026-0081

[3] Blood samples from 16 healthy subjects were processed as serum samples and as clotted whole blood (uncentrifuged) stored at 30 °C on separator gel, and as serum stored in microtainers at 0 °C, each for 24- and 72-h periods prior to analysis. Each sample was analyzed for 20 common analytes and compared to the values from a paired baseline control sample. Mean absolute and/or relative biases were calculated and compared to CLIA acceptance limits.Results.
Source: Assessment of the stability of 20 biochemical analytes in serum and whole blood samples after storage at nonstandard temperatures.. 2026. PMID: 41503054. DOI: 10.1016/j.plabm.2025.e00514

[4] Baseline value from the immediate test. The remaining samples were distributed into five groups.Results. Aliquots stored at -20°C in cryotubes for 3 days and 2-8°C separation gel tube samples for 3 days had >80% concordance with the baseline and were not different (P > 0.05).
Source: Stability of serum cytokeratin 18-M30 under different storage conditions for drug-induced liver injury assessment.. 2026. PMID: 42262209. DOI: 10.36721/pjps.2026.39.8.235.1

[5] The CATs and serum separator tubes were collected from 15 volunteers under typical sampling conditions. Concentrations of 16 PFAS were analyzed using liquid chromatography-tandem mass spectrometry, and the percentage of change in PFAS levels between both tube types was computed.Results. Results showed minimal changes (<5%) for most PFAS within 24 hours, except for long-chain perfluorosulfonates (including perfluorooctane sulfonate), which seemed to exhibit adsorption of the gel.
Source: Influence of separator gel in blood sampling tubes for perfluoroalkyl and polyfluoroalkyl substances analysis.. 2025. PMID: 40493758. DOI: 10.1093/labmed/lmaf023","[{""citation_id"": 1, ""title"": ""Impact of delayed centrifugation on the stability of 32 biochemical analytes in blood samples collected in serum gel tubes and stored at room temperature."", ""evidence_text"": ""Acceptable stability over the maximum storage time of 8 h was observed for 25 of the analytes tested in this study. However, direct bilirubin became unstable at 6 h and triglycerides at 8 h of storage prior to centrifugation. Calcium, gamma-glutamyl transferase, glucose, inorganic phosphate and potassium were found to be unstable in serum after 4 h of delayed centrifugation.Conclusions."", ""score"": 71.82160949707031, ""year"": ""2025"", ""source"": {""title"": ""Impact of delayed centrifugation on the stability of 32 biochemical analytes in blood samples collected in serum gel tubes and stored at room temperature."", ""pmid"": ""40079584"", ""doi"": ""10.1515/cclm-2025-0109"", ""url"": ""https://pubmed.ncbi.nlm.nih.gov/40079584/"", ""journal"": """", ""year"": ""2025"", ""authors"": ""Sanz-Felisi M, Tauler-Quetglas P, Escartín-Díez T, Arbiol-Roca A, Dot-Bach D.""}, ""ext_id"": ""40079584"", ""doi"": ""10.1515/cclm-2025-0109"", ""authors"": ""Sanz-Felisi M, Tauler-Quetglas P, Escartín-Díez T, Arbiol-Roca A, Dot-Bach D."", ""journal"": """", ""url"": ""https://pubmed.ncbi.nlm.nih.gov/40079584/"", ""score_components"": {}}, {""citation_id"": 2, ""title"": ""Impact of delayed centrifugation on the stability of 32 biochemical analytes in blood samples collected in serum gel tubes and stored at room temperature."", ""evidence_text"": ""Impact of delayed centrifugation on the stability of 32 biochemical analytes in blood samples collected in serum gel tubes and stored at room temperature."", ""score"": 68.80970764160156, ""year"": ""2026"", ""source"": {""title"": ""Impact of delayed centrifugation on the stability of 32 biochemical analytes in blood samples collected in serum gel tubes and stored at room temperature."", ""pmid"": ""42118557"", ""doi"": ""10.1515/cclm-2026-0081"", ""url"": ""https://pubmed.ncbi.nlm.nih.gov/42118557/"", ""journal"": """", ""year"": ""2026"", ""authors"": ""Sanz-Felisi M, Tauler-Quetglas P, Escartín-Díez T, Arbiol-Roca A, Dot-Bach D.""}, ""ext_id"": ""42118557"", ""doi"": ""10.1515/cclm-2026-0081"", ""authors"": ""Sanz-Felisi M, Tauler-Quetglas P, Escartín-Díez T, Arbiol-Roca A, Dot-Bach D."", ""journal"": """", ""url"": ""https://pubmed.ncbi.nlm.nih.gov/42118557/"", ""score_components"": {}}, {""citation_id"": 3, ""title"": ""Assessment of the stability of 20 biochemical analytes in serum and whole blood samples after storage at nonstandard temperatures."", ""evidence_text"": ""Blood samples from 16 healthy subjects were processed as serum samples and as clotted whole blood (uncentrifuged) stored at 30 °C on separator gel, and as serum stored in microtainers at 0 °C, each for 24- and 72-h periods prior to analysis. Each sample was analyzed for 20 common analytes and compared to the values from a paired baseline control sample. Mean absolute and/or relative biases were calculated and compared to CLIA acceptance limits.Results."", ""score"": 66.18104553222656, ""year"": ""2026"", ""source"": {""title"": ""Assessment of the stability of 20 biochemical analytes in serum and whole blood samples after storage at nonstandard temperatures."", ""pmid"": ""41503054"", ""doi"": ""10.1016/j.plabm.2025.e00514"", ""url"": ""https://pmc.ncbi.nlm.nih.gov/articles/PMC12769415/"", ""journal"": """", ""year"": ""2026"", ""authors"": ""Iacovetti G, Collier BB, Rafalko JM, Peevler M, Tokunaga N, Ragar J, Brandon WC, Chappell MR, Grant RP, Sommer GJ, Schaff UY.""}, ""ext_id"": ""41503054"", ""doi"": ""10.1016/j.plabm.2025.e00514"", ""authors"": ""Iacovetti G, Collier BB, Rafalko JM, Peevler M, Tokunaga N, Ragar J, Brandon WC, Chappell MR, Grant RP, Sommer GJ, Schaff UY."", ""journal"": """", ""url"": ""https://pmc.ncbi.nlm.nih.gov/articles/PMC12769415/"", ""score_components"": {}}, {""citation_id"": 4, ""title"": ""Stability of serum cytokeratin 18-M30 under different storage conditions for drug-induced liver injury assessment."", ""evidence_text"": ""Baseline value from the immediate test. The remaining samples were distributed into five groups.Results. Aliquots stored at -20°C in cryotubes for 3 days and 2-8°C separation gel tube samples for 3 days had >80% concordance with the baseline and were not different (P > 0.05)."", ""score"": 62.741004943847656, ""year"": ""2026"", ""source"": {""title"": ""Stability of serum cytokeratin 18-M30 under different storage conditions for drug-induced liver injury assessment."", ""pmid"": ""42262209"", ""doi"": ""10.36721/pjps.2026.39.8.235.1"", ""url"": ""https://pubmed.ncbi.nlm.nih.gov/42262209/"", ""journal"": """", ""year"": ""2026"", ""authors"": ""Zheng G, Xia X, Jia F, Li W, Wang J, Li J.""}, ""ext_id"": ""42262209"", ""doi"": ""10.36721/pjps.2026.39.8.235.1"", ""authors"": ""Zheng G, Xia X, Jia F, Li W, Wang J, Li J."", ""journal"": """", ""url"": ""https://pubmed.ncbi.nlm.nih.gov/42262209/"", ""score_components"": {}}, {""citation_id"": 5, ""title"": ""Influence of separator gel in blood sampling tubes for perfluoroalkyl and polyfluoroalkyl substances analysis."", ""evidence_text"": ""The CATs and serum separator tubes were collected from 15 volunteers under typical sampling conditions. Concentrations of 16 PFAS were analyzed using liquid chromatography-tandem mass spectrometry, and the percentage of change in PFAS levels between both tube types was computed.Results. Results showed minimal changes (<5%) for most PFAS within 24 hours, except for long-chain perfluorosulfonates (including perfluorooctane sulfonate), which seemed to exhibit adsorption of the gel."", ""score"": 62.423240661621094, ""year"": ""2025"", ""source"": {""title"": ""Influence of separator gel in blood sampling tubes for perfluoroalkyl and polyfluoroalkyl substances analysis."", ""pmid"": ""40493758"", ""doi"": ""10.1093/labmed/lmaf023"", ""url"": ""https://pubmed.ncbi.nlm.nih.gov/40493758/"", ""journal"": """", ""year"": ""2025"", ""authors"": ""Dufour P, Pirard C, Charlier C.""}, ""ext_id"": ""40493758"", ""doi"": ""10.1093/labmed/lmaf023"", ""authors"": ""Dufour P, Pirard C, Charlier C."", ""journal"": """", ""url"": ""https://pubmed.ncbi.nlm.nih.gov/40493758/"", ""score_components"": {}}]",ok,,
BQ005,Is C-reactive protein stable in serum gel tubes exposed to delayed centrifugation and variable temperatures?,"C-reactive protein appears stable under the serum gel tube conditions tested by Tanner et al. The study listed CRP among analytes remaining stable when samples were stored at 15, 25, or 35 °C for 4, 8, or 24 hours before centrifugation.","[""C-reactive protein remained stable in all tested serum gel tube storage conditions"", ""samples were stored before centrifugation"", ""storage temperatures included 15, 25, and 35 degrees Celsius"", ""storage time reached 24 hours""]",Evidence-based draft benchmark row. Use for development/testing; later verify with supervisor/domain expert.,ranker_medcpt,medcpt,"(TITLE_ABS:""Is C-reactive protein stable in serum gel tubes exposed to delayed centrifugation and variable temperatures?"") OR (TITLE_ABS:(""c-reactive"" AND serum AND stable)) OR (TITLE_ABS:(""c-reactive"" AND serum AND stable AND protein)) OR (TITLE_ABS:(""serum gel"" OR ""serum gel tube"" OR ""serum gel tubes"" OR ""delayed centrifugation"" OR ""c-reactive protein"" OR CRP OR protein OR stability OR stable OR unstable OR serum OR ""blood serum"" OR gel OR ""serum separator"" OR SST OR tube OR tubes OR ""collection tube"" OR ""blood collection tube"" OR exposed OR delayed OR delay OR ""processing delay"" OR ""delayed processing"")) OR (TITLE_ABS:(""c-reactive"" OR protein OR stable OR serum OR gel OR tubes OR exposed OR delayed OR centrifugation OR temperatures))","[""c-reactive"", ""protein"", ""stable"", ""serum"", ""gel"", ""tubes"", ""exposed"", ""delayed"", ""centrifugation"", ""temperatures""]",8,90,5,5,"[1] Calcium, gamma-glutamyl transferase, glucose, inorganic phosphate and potassium were found to be unstable in serum after 4 h of delayed centrifugation.Conclusions. A delay in centrifugation of samples affected the stability of several analytes evaluated in the study, resulting in changes in their concentration or integrity. The analytical results for these analytes cannot be considered reliable as they do not meet the standards required for clinical validation.
Source: Impact of delayed centrifugation on the stability of 32 biochemical analytes in blood samples collected in serum gel tubes and stored at room temperature.. 2025. PMID: 40079584. DOI: 10.1515/cclm-2025-0109

[2] Impact of delayed centrifugation on the stability of 32 biochemical analytes in blood samples collected in serum gel tubes and stored at room temperature.
Source: Impact of delayed centrifugation on the stability of 32 biochemical analytes in blood samples collected in serum gel tubes and stored at room temperature.. 2026. PMID: 42118557. DOI: 10.1515/cclm-2026-0081

[3] Baseline value from the immediate test. The remaining samples were distributed into five groups.Results. Aliquots stored at -20°C in cryotubes for 3 days and 2-8°C separation gel tube samples for 3 days had >80% concordance with the baseline and were not different (P > 0.05).
Source: Stability of serum cytokeratin 18-M30 under different storage conditions for drug-induced liver injury assessment.. 2026. PMID: 42262209. DOI: 10.36721/pjps.2026.39.8.235.1

[4] The serum separator tubes should be kept upright in the post-centrifugation period prior to B12 analysis. We recommend recentrifugation if the tubes have been held in a horizontal position and/or the samples have been mixed.
Source: Effects of preanalytical factors on serum vitamin B12 test results.. 2026. PMID: 42103445. DOI: 10.1177/00045632261453317

[5] Both biomarkers increased significantly from baseline and peaked on postoperative day 1 (p < 0.05). However, their subsequent kinetics diverged markedly. Mean serum CRP concentrations showed a rapid and progressive decline, approaching preoperative baseline levels by postoperative day 7 and remaining stable thereafter.
Source: Postoperative kinetics of point-of-care C-reactive protein versus total white blood cell count after tibial plateau leveling osteotomy in dogs.. 2026. PMID: 42245455. DOI: 10.14202/vetworld.2026.1785-1795","[{""citation_id"": 1, ""title"": ""Impact of delayed centrifugation on the stability of 32 biochemical analytes in blood samples collected in serum gel tubes and stored at room temperature."", ""evidence_text"": ""Calcium, gamma-glutamyl transferase, glucose, inorganic phosphate and potassium were found to be unstable in serum after 4 h of delayed centrifugation.Conclusions. A delay in centrifugation of samples affected the stability of several analytes evaluated in the study, resulting in changes in their concentration or integrity. The analytical results for these analytes cannot be considered reliable as they do not meet the standards required for clinical validation."", ""score"": 71.49117279052734, ""year"": ""2025"", ""source"": {""title"": ""Impact of delayed centrifugation on the stability of 32 biochemical analytes in blood samples collected in serum gel tubes and stored at room temperature."", ""pmid"": ""40079584"", ""doi"": ""10.1515/cclm-2025-0109"", ""url"": ""https://pubmed.ncbi.nlm.nih.gov/40079584/"", ""journal"": """", ""year"": ""2025"", ""authors"": ""Sanz-Felisi M, Tauler-Quetglas P, Escartín-Díez T, Arbiol-Roca A, Dot-Bach D.""}, ""ext_id"": ""40079584"", ""doi"": ""10.1515/cclm-2025-0109"", ""authors"": ""Sanz-Felisi M, Tauler-Quetglas P, Escartín-Díez T, Arbiol-Roca A, Dot-Bach D."", ""journal"": """", ""url"": ""https://pubmed.ncbi.nlm.nih.gov/40079584/"", ""score_components"": {}}, {""citation_id"": 2, ""title"": ""Impact of delayed centrifugation on the stability of 32 biochemical analytes in blood samples collected in serum gel tubes and stored at room temperature."", ""evidence_text"": ""Impact of delayed centrifugation on the stability of 32 biochemical analytes in blood samples collected in serum gel tubes and stored at room temperature."", ""score"": 70.44902038574219, ""year"": ""2026"", ""source"": {""title"": ""Impact of delayed centrifugation on the stability of 32 biochemical analytes in blood samples collected in serum gel tubes and stored at room temperature."", ""pmid"": ""42118557"", ""doi"": ""10.1515/cclm-2026-0081"", ""url"": ""https://pubmed.ncbi.nlm.nih.gov/42118557/"", ""journal"": """", ""year"": ""2026"", ""authors"": ""Sanz-Felisi M, Tauler-Quetglas P, Escartín-Díez T, Arbiol-Roca A, Dot-Bach D.""}, ""ext_id"": ""42118557"", ""doi"": ""10.1515/cclm-2026-0081"", ""authors"": ""Sanz-Felisi M, Tauler-Quetglas P, Escartín-Díez T, Arbiol-Roca A, Dot-Bach D."", ""journal"": """", ""url"": ""https://pubmed.ncbi.nlm.nih.gov/42118557/"", ""score_components"": {}}, {""citation_id"": 3, ""title"": ""Stability of serum cytokeratin 18-M30 under different storage conditions for drug-induced liver injury assessment."", ""evidence_text"": ""Baseline value from the immediate test. The remaining samples were distributed into five groups.Results. Aliquots stored at -20°C in cryotubes for 3 days and 2-8°C separation gel tube samples for 3 days had >80% concordance with the baseline and were not different (P > 0.05)."", ""score"": 62.408843994140625, ""year"": ""2026"", ""source"": {""title"": ""Stability of serum cytokeratin 18-M30 under different storage conditions for drug-induced liver injury assessment."", ""pmid"": ""42262209"", ""doi"": ""10.36721/pjps.2026.39.8.235.1"", ""url"": ""https://pubmed.ncbi.nlm.nih.gov/42262209/"", ""journal"": """", ""year"": ""2026"", ""authors"": ""Zheng G, Xia X, Jia F, Li W, Wang J, Li J.""}, ""ext_id"": ""42262209"", ""doi"": ""10.36721/pjps.2026.39.8.235.1"", ""authors"": ""Zheng G, Xia X, Jia F, Li W, Wang J, Li J."", ""journal"": """", ""url"": ""https://pubmed.ncbi.nlm.nih.gov/42262209/"", ""score_components"": {}}, {""citation_id"": 4, ""title"": ""Effects of preanalytical factors on serum vitamin B12 test results."", ""evidence_text"": ""The serum separator tubes should be kept upright in the post-centrifugation period prior to B12 analysis. We recommend recentrifugation if the tubes have been held in a horizontal position and/or the samples have been mixed."", ""score"": 59.7735595703125, ""year"": ""2026"", ""source"": {""title"": ""Effects of preanalytical factors on serum vitamin B12 test results."", ""pmid"": ""42103445"", ""doi"": ""10.1177/00045632261453317"", ""url"": ""https://pubmed.ncbi.nlm.nih.gov/42103445/"", ""journal"": """", ""year"": ""2026"", ""authors"": ""Batur T, Balahoroğlu R, Karaoglan H, Sezer S.""}, ""ext_id"": ""42103445"", ""doi"": ""10.1177/00045632261453317"", ""authors"": ""Batur T, Balahoroğlu R, Karaoglan H, Sezer S."", ""journal"": """", ""url"": ""https://pubmed.ncbi.nlm.nih.gov/42103445/"", ""score_components"": {}}, {""citation_id"": 5, ""title"": ""Postoperative kinetics of point-of-care C-reactive protein versus total white blood cell count after tibial plateau leveling osteotomy in dogs."", ""evidence_text"": ""Both biomarkers increased significantly from baseline and peaked on postoperative day 1 (p < 0.05). However, their subsequent kinetics diverged markedly. Mean serum CRP concentrations showed a rapid and progressive decline, approaching preoperative baseline levels by postoperative day 7 and remaining stable thereafter."", ""score"": 52.539772033691406, ""year"": ""2026"", ""source"": {""title"": ""Postoperative kinetics of point-of-care C-reactive protein versus total white blood cell count after tibial plateau leveling osteotomy in dogs."", ""pmid"": ""42245455"", ""doi"": ""10.14202/vetworld.2026.1785-1795"", ""url"": ""https://pmc.ncbi.nlm.nih.gov/articles/PMC13231302/"", ""journal"": """", ""year"": ""2026"", ""authors"": ""Sumalai T, Ruenphet S, Wutthiwitthayaphong S, Lertpatarakomol R, Trairatapiwan T.""}, ""ext_id"": ""42245455"", ""doi"": ""10.14202/vetworld.2026.1785-1795"", ""authors"": ""Sumalai T, Ruenphet S, Wutthiwitthayaphong S, Lertpatarakomol R, Trairatapiwan T."", ""journal"": """", ""url"": ""https://pmc.ncbi.nlm.nih.gov/articles/PMC13231302/"", ""score_components"": {}}]",ok,,
BQ006,Is vitamin D stable in serum gel tubes before centrifugation under field-like temperature delays?,"Vitamin D appears stable under the delayed pre-centrifugation serum gel tube conditions tested by Tanner et al. Vitamin D was included among analytes reported stable at 15, 25, or 35 °C for 4, 8, or 24 hours before centrifugation.","[""vitamin D remained stable in the tested serum gel tube conditions"", ""samples were exposed to variable pre-centrifugation temperatures"", ""storage times included 4, 8, and 24 hours"", ""the study was designed to mimic field or remote collection conditions""]",Evidence-based draft benchmark row. Use for development/testing; later verify with supervisor/domain expert.,ranker_medcpt,medcpt,"(TITLE_ABS:""Is vitamin D stable in serum gel tubes before centrifugation under field-like temperature delays?"") OR (TITLE_ABS:(serum AND stable AND vitamin)) OR (TITLE_ABS:(serum AND stable AND vitamin AND gel)) OR (TITLE_ABS:(""serum gel"" OR ""serum gel tube"" OR ""serum gel tubes"" OR vitamin OR stability OR stable OR unstable OR serum OR ""blood serum"" OR gel OR ""serum separator"" OR SST OR tube OR tubes OR ""collection tube"" OR ""blood collection tube"" OR centrifugation OR centrifuge OR ""pre-centrifugation"" OR precentrifugation OR ""field-like"" OR temperature OR temperatures OR ""room temperature"")) OR (TITLE_ABS:(vitamin OR stable OR serum OR gel OR tubes OR centrifugation OR ""field-like"" OR temperature OR delays))","[""vitamin"", ""stable"", ""serum"", ""gel"", ""tubes"", ""centrifugation"", ""field-like"", ""temperature"", ""delays""]",8,90,5,5,"[1] Acceptable stability over the maximum storage time of 8 h was observed for 25 of the analytes tested in this study. However, direct bilirubin became unstable at 6 h and triglycerides at 8 h of storage prior to centrifugation. Calcium, gamma-glutamyl transferase, glucose, inorganic phosphate and potassium were found to be unstable in serum after 4 h of delayed centrifugation.Conclusions.
Source: Impact of delayed centrifugation on the stability of 32 biochemical analytes in blood samples collected in serum gel tubes and stored at room temperature.. 2025. PMID: 40079584. DOI: 10.1515/cclm-2025-0109

[2] Impact of delayed centrifugation on the stability of 32 biochemical analytes in blood samples collected in serum gel tubes and stored at room temperature.
Source: Impact of delayed centrifugation on the stability of 32 biochemical analytes in blood samples collected in serum gel tubes and stored at room temperature.. 2026. PMID: 42118557. DOI: 10.1515/cclm-2026-0081

[3] Under refrigerated conditions, six analytes exceeded stability limits, with only alanine aminotransferase (ALAT), lactate dehydrogenase (LDH), and 1,25(OH) 2 vitamin D showing instability within seven days and the others not before day 14. At RT, 38/48 parameters remained stable for at least 4 days. Inter-pool variability increased significantly for only three parameters at 2-10 °C and nine at RT, with most slopes below 0.35 %/day, indicating largely matrix-independent degradation patterns.Conclusions.
Source: Stability of different biochemical parameters in pooled left-over sera stored for 14 days after pooling either at room temperature or at 2-10 °C.. 2026. PMID: 41704179. DOI: 10.1515/cclm-2025-1693

[4] Blood was taken from n=10 volunteers into Sarstedt serum gel tubes. We assessed stability in WB at room temperature up to 24 h, and stability in refrigerated serum up to 72 h. Mean percentage deviation at each time point was compared to criteria for minimum allowable bias.Results.
Source: Pre-analytical stability of haematinics, lactate dehydrogenase and phosphate in whole blood at room temperature up to 24 h, and refrigerated serum stability of lactate dehydrogenase, folate and vitamin B12 up to 72 h using the CRESS checklist.. 2025. PMID: 39609111. DOI: 10.1515/cclm-2024-1098

[5] Blood was collected into serum separator tubes. Samples were aliquoted and split into two main categories i.e., immediate centrifugation (timepoint zero) and delayed centrifugation (by 8 and 24 h). These categories were further subdivided into different storage temperatures i.e., -20 °C, 4 °C, 20-25 °C and 30 °C.
Source: Short- and medium-term pre-analytical stability of human serum insulin-like growth factor-1.. 2026. PMID: 41167200. DOI: 10.1515/cclm-2025-0868","[{""citation_id"": 1, ""title"": ""Impact of delayed centrifugation on the stability of 32 biochemical analytes in blood samples collected in serum gel tubes and stored at room temperature."", ""evidence_text"": ""Acceptable stability over the maximum storage time of 8 h was observed for 25 of the analytes tested in this study. However, direct bilirubin became unstable at 6 h and triglycerides at 8 h of storage prior to centrifugation. Calcium, gamma-glutamyl transferase, glucose, inorganic phosphate and potassium were found to be unstable in serum after 4 h of delayed centrifugation.Conclusions."", ""score"": 69.32119750976562, ""year"": ""2025"", ""source"": {""title"": ""Impact of delayed centrifugation on the stability of 32 biochemical analytes in blood samples collected in serum gel tubes and stored at room temperature."", ""pmid"": ""40079584"", ""doi"": ""10.1515/cclm-2025-0109"", ""url"": ""https://pubmed.ncbi.nlm.nih.gov/40079584/"", ""journal"": """", ""year"": ""2025"", ""authors"": ""Sanz-Felisi M, Tauler-Quetglas P, Escartín-Díez T, Arbiol-Roca A, Dot-Bach D.""}, ""ext_id"": ""40079584"", ""doi"": ""10.1515/cclm-2025-0109"", ""authors"": ""Sanz-Felisi M, Tauler-Quetglas P, Escartín-Díez T, Arbiol-Roca A, Dot-Bach D."", ""journal"": """", ""url"": ""https://pubmed.ncbi.nlm.nih.gov/40079584/"", ""score_components"": {}}, {""citation_id"": 2, ""title"": ""Impact of delayed centrifugation on the stability of 32 biochemical analytes in blood samples collected in serum gel tubes and stored at room temperature."", ""evidence_text"": ""Impact of delayed centrifugation on the stability of 32 biochemical analytes in blood samples collected in serum gel tubes and stored at room temperature."", ""score"": 67.34307861328125, ""year"": ""2026"", ""source"": {""title"": ""Impact of delayed centrifugation on the stability of 32 biochemical analytes in blood samples collected in serum gel tubes and stored at room temperature."", ""pmid"": ""42118557"", ""doi"": ""10.1515/cclm-2026-0081"", ""url"": ""https://pubmed.ncbi.nlm.nih.gov/42118557/"", ""journal"": """", ""year"": ""2026"", ""authors"": ""Sanz-Felisi M, Tauler-Quetglas P, Escartín-Díez T, Arbiol-Roca A, Dot-Bach D.""}, ""ext_id"": ""42118557"", ""doi"": ""10.1515/cclm-2026-0081"", ""authors"": ""Sanz-Felisi M, Tauler-Quetglas P, Escartín-Díez T, Arbiol-Roca A, Dot-Bach D."", ""journal"": """", ""url"": ""https://pubmed.ncbi.nlm.nih.gov/42118557/"", ""score_components"": {}}, {""citation_id"": 3, ""title"": ""Stability of different biochemical parameters in pooled left-over sera stored for 14 days after pooling either at room temperature or at 2-10 °C."", ""evidence_text"": ""Under refrigerated conditions, six analytes exceeded stability limits, with only alanine aminotransferase (ALAT), lactate dehydrogenase (LDH), and 1,25(OH) 2 vitamin D showing instability within seven days and the others not before day 14. At RT, 38/48 parameters remained stable for at least 4 days. Inter-pool variability increased significantly for only three parameters at 2-10 °C and nine at RT, with most slopes below 0.35 %/day, indicating largely matrix-independent degradation patterns.Conclusions."", ""score"": 66.27378845214844, ""year"": ""2026"", ""source"": {""title"": ""Stability of different biochemical parameters in pooled left-over sera stored for 14 days after pooling either at room temperature or at 2-10 °C."", ""pmid"": ""41704179"", ""doi"": ""10.1515/cclm-2025-1693"", ""url"": ""https://pubmed.ncbi.nlm.nih.gov/41704179/"", ""journal"": """", ""year"": ""2026"", ""authors"": ""Zabel M, Perkmann T, Mucher P, Szekeres T, Fritzer-Szekeres M, Marculescu R, Wagner OF, Buchta C, Haslacher H.""}, ""ext_id"": ""41704179"", ""doi"": ""10.1515/cclm-2025-1693"", ""authors"": ""Zabel M, Perkmann T, Mucher P, Szekeres T, Fritzer-Szekeres M, Marculescu R, Wagner OF, Buchta C, Haslacher H."", ""journal"": """", ""url"": ""https://pubmed.ncbi.nlm.nih.gov/41704179/"", ""score_components"": {}}, {""citation_id"": 4, ""title"": ""Pre-analytical stability of haematinics, lactate dehydrogenase and phosphate in whole blood at room temperature up to 24 h, and refrigerated serum stability of lactate dehydrogenase, folate and vitamin B12 up to 72 h using the CRESS checklist."", ""evidence_text"": ""Blood was taken from n=10 volunteers into Sarstedt serum gel tubes. We assessed stability in WB at room temperature up to 24 h, and stability in refrigerated serum up to 72 h. Mean percentage deviation at each time point was compared to criteria for minimum allowable bias.Results."", ""score"": 66.21929168701172, ""year"": ""2025"", ""source"": {""title"": ""Pre-analytical stability of haematinics, lactate dehydrogenase and phosphate in whole blood at room temperature up to 24 h, and refrigerated serum stability of lactate dehydrogenase, folate and vitamin B12 up to 72 h using the CRESS checklist."", ""pmid"": ""39609111"", ""doi"": ""10.1515/cclm-2024-1098"", ""url"": ""https://pubmed.ncbi.nlm.nih.gov/39609111/"", ""journal"": """", ""year"": ""2025"", ""authors"": ""Williams R, Jankute M, Ifrahim R, Cordle J, Hepburn S.""}, ""ext_id"": ""39609111"", ""doi"": ""10.1515/cclm-2024-1098"", ""authors"": ""Williams R, Jankute M, Ifrahim R, Cordle J, Hepburn S."", ""journal"": """", ""url"": ""https://pubmed.ncbi.nlm.nih.gov/39609111/"", ""score_components"": {}}, {""citation_id"": 5, ""title"": ""Short- and medium-term pre-analytical stability of human serum insulin-like growth factor-1."", ""evidence_text"": ""Blood was collected into serum separator tubes. Samples were aliquoted and split into two main categories i.e., immediate centrifugation (timepoint zero) and delayed centrifugation (by 8 and 24 h). These categories were further subdivided into different storage temperatures i.e., -20 °C, 4 °C, 20-25 °C and 30 °C."", ""score"": 64.09039306640625, ""year"": ""2026"", ""source"": {""title"": ""Short- and medium-term pre-analytical stability of human serum insulin-like growth factor-1."", ""pmid"": ""41167200"", ""doi"": ""10.1515/cclm-2025-0868"", ""url"": ""https://pubmed.ncbi.nlm.nih.gov/41167200/"", ""journal"": """", ""year"": ""2026"", ""authors"": ""Louw JC, George JA, Khoza SP, Currin S.""}, ""ext_id"": ""41167200"", ""doi"": ""10.1515/cclm-2025-0868"", ""authors"": ""Louw JC, George JA, Khoza SP, Currin S."", ""journal"": """", ""url"": ""https://pubmed.ncbi.nlm.nih.gov/41167200/"", ""score_components"": {}}]",ok,,
BQ007,Can short-term processing delays up to 15 hours affect serum and plasma cytokine measurements?,"Short-term processing delays can affect cytokine measurements, but the overall changes were generally small in the Gottfried-Blackmore et al. study. They observed short-term delays produced changes in serum and plasma cytokines within roughly −10.8% to 43.5%, with some analyte-specific exceptions.","[""short-term processing delay can perturb cytokine measurements"", ""the study measured both serum and plasma cytokines"", ""reported cytokine changes ranged approximately from -10.8 percent to 43.5 percent"", ""effects are analyte-specific rather than uniform""]",Evidence-based draft benchmark row. Use for development/testing; later verify with supervisor/domain expert.,ranker_medcpt,medcpt,"(TITLE_ABS:""Can short-term processing delays up to 15 hours affect serum and plasma cytokine measurements?"") OR (TITLE_ABS:(serum AND processing AND ""short-term"")) OR (TITLE_ABS:(serum AND processing AND ""short-term"" AND delays)) OR (TITLE_ABS:(""processing delay"" OR ""short-term"" OR processing OR delays OR serum OR ""blood serum"" OR plasma OR ""blood plasma"" OR cytokine)) OR (TITLE_ABS:(""short-term"" OR processing OR delays OR serum OR plasma OR cytokine))","[""short-term"", ""processing"", ""delays"", ""serum"", ""plasma"", ""cytokine""]",8,76,5,5,"[1] Serum and plasma were suitable for cytokine analysis; however, serum may offer practical advantages by facilitating blood sample handling. Saliva may be useful for monitoring specific cytokines under certain inflammatory conditions.
Source: Comparative Study of Cytokine Measurements in Blood Plasma and Serum, and Saliva of Juvenile Pigs During Experimentally Induced Acute Inflammation.. 2026. PMID: 41600724. DOI: 10.3390/vetsci13010068

[2] Anti-spike (S) IgG and anti-nucleocapsid (N) total immunoglobulin levels were compared for 20 paired plasma/serum samples tested fresh and frozen after separation from cellular components on Day 5 or after ≤40 days of 4°C storage; 10 paired plasma/serum samples separated on Day 5 and tested immediately or after ≤67 days of 4°C storage; and 85 plasma and 950 serum samples tested fresh on Day 1 and after ≤209 days of -20°C storage post-separation. Proportional Bland-Altman analyses were used to estimate average bias and 95% limits of agreement (LOA).Results. Antibody reactivity was stable over time regardless of serum or plasma processing delays or prolonged refrigerated or frozen storage.
Source: Impact of delayed blood donation sample processing and testing on SARS-CoV-2 serological assay results in an evolving pandemic response.. 2026. PMID: 42267669. DOI: 10.1111/trf.70283

[3] Serum formation requires ex vivo clotting, a biologically active process involving platelet activation and platelet-leukocyte interactions that can release immune mediators into the fluid phase. Pregnancy is characterized by altered platelet physiology and thrombo-inflammatory priming, suggesting that clot-associated cytokine release may plausibly be accentuated in gestation, although direct paired serum-plasma pregnancy studies remain limited. Plasma collection suppresses coagulation but introduces variability related to anticoagulant chemistry and pre-analytical handling.
Source: Blood Clotting as an Unintended Cytokine Stimulus in Pregnancy: Why Serum and Plasma are Non-Equivalent Immune Matrices.. 2026. PMID: 42020690. DOI: 10.1007/s43032-026-02102-x

[4] Background. This study investigated the effects of temperature and concentration on the short-term stability of colistin and colistin methanesulphonate in three biological matrices; whole blood, plasma and serum.Methods. Human whole blood, plasma or serum containing colistin (2; 10; 20 mg/L) or colistin methanesulphonate (2; 10; 20 mg/L) was stored at room temperatrure or at 37 °C for a predetermined time interval.
Source: Stability of Colistin Active Forms in Biological Matrices: Effect of Temperature and Time.. 2026. PMID: 41636946. DOI: 10.1007/s13318-025-00974-z

[5] Plasma inosine also increased above the reference range after a 48-hour delay in processing refrigerated whole blood. In contrast, hypoxanthine remained stable in DBS for up to 48 h, regardless of the card storage temperature. Therefore, DBS is a feasible alternative specimen type to measure hypoxanthine if frozen shipping, delayed centrifugation, or storage interval is a concern.
Source: Analysis of purines and pyrimidines across biospecimens: influence of storage temperature and duration.. 2026. PMID: 42218223. DOI: 10.1038/s41598-026-54454-8","[{""citation_id"": 1, ""title"": ""Comparative Study of Cytokine Measurements in Blood Plasma and Serum, and Saliva of Juvenile Pigs During Experimentally Induced Acute Inflammation."", ""evidence_text"": ""Serum and plasma were suitable for cytokine analysis; however, serum may offer practical advantages by facilitating blood sample handling. Saliva may be useful for monitoring specific cytokines under certain inflammatory conditions."", ""score"": 65.5888442993164, ""year"": ""2026"", ""source"": {""title"": ""Comparative Study of Cytokine Measurements in Blood Plasma and Serum, and Saliva of Juvenile Pigs During Experimentally Induced Acute Inflammation."", ""pmid"": ""41600724"", ""doi"": ""10.3390/vetsci13010068"", ""url"": ""https://pmc.ncbi.nlm.nih.gov/articles/PMC12846541/"", ""journal"": """", ""year"": ""2026"", ""authors"": ""Madsen PA, Jerez-Bogotá K, Vodolazska D, Lauridsen C.""}, ""ext_id"": ""41600724"", ""doi"": ""10.3390/vetsci13010068"", ""authors"": ""Madsen PA, Jerez-Bogotá K, Vodolazska D, Lauridsen C."", ""journal"": """", ""url"": ""https://pmc.ncbi.nlm.nih.gov/articles/PMC12846541/"", ""score_components"": {}}, {""citation_id"": 2, ""title"": ""Impact of delayed blood donation sample processing and testing on SARS-CoV-2 serological assay results in an evolving pandemic response."", ""evidence_text"": ""Anti-spike (S) IgG and anti-nucleocapsid (N) total immunoglobulin levels were compared for 20 paired plasma/serum samples tested fresh and frozen after separation from cellular components on Day 5 or after ≤40 days of 4°C storage; 10 paired plasma/serum samples separated on Day 5 and tested immediately or after ≤67 days of 4°C storage; and 85 plasma and 950 serum samples tested fresh on Day 1 and after ≤209 days of -20°C storage post-separation. Proportional Bland-Altman analyses were used to estimate average bias and 95% limits of agreement (LOA).Results. Antibody reactivity was stable over time regardless of serum or plasma processing delays or prolonged refrigerated or frozen storage."", ""score"": 64.64127349853516, ""year"": ""2026"", ""source"": {""title"": ""Impact of delayed blood donation sample processing and testing on SARS-CoV-2 serological assay results in an evolving pandemic response."", ""pmid"": ""42267669"", ""doi"": ""10.1111/trf.70283"", ""url"": ""https://pubmed.ncbi.nlm.nih.gov/42267669/"", ""journal"": """", ""year"": ""2026"", ""authors"": ""Lanteri MC, Green V, Sulaeman H, Stone M, Haynes J, Di Germanio C, Smith S, Villaflor PG, Groves J, Williamson PC, Stramer SL, Coughlin MM, Jones JM, Grebe E, Busch MP, Saa P.""}, ""ext_id"": ""42267669"", ""doi"": ""10.1111/trf.70283"", ""authors"": ""Lanteri MC, Green V, Sulaeman H, Stone M, Haynes J, Di Germanio C, Smith S, Villaflor PG, Groves J, Williamson PC, Stramer SL, Coughlin MM, Jones JM, Grebe E, Busch MP, Saa P."", ""journal"": """", ""url"": ""https://pubmed.ncbi.nlm.nih.gov/42267669/"", ""score_components"": {}}, {""citation_id"": 3, ""title"": ""Blood Clotting as an Unintended Cytokine Stimulus in Pregnancy: Why Serum and Plasma are Non-Equivalent Immune Matrices."", ""evidence_text"": ""Serum formation requires ex vivo clotting, a biologically active process involving platelet activation and platelet-leukocyte interactions that can release immune mediators into the fluid phase. Pregnancy is characterized by altered platelet physiology and thrombo-inflammatory priming, suggesting that clot-associated cytokine release may plausibly be accentuated in gestation, although direct paired serum-plasma pregnancy studies remain limited. Plasma collection suppresses coagulation but introduces variability related to anticoagulant chemistry and pre-analytical handling."", ""score"": 63.600914001464844, ""year"": ""2026"", ""source"": {""title"": ""Blood Clotting as an Unintended Cytokine Stimulus in Pregnancy: Why Serum and Plasma are Non-Equivalent Immune Matrices."", ""pmid"": ""42020690"", ""doi"": ""10.1007/s43032-026-02102-x"", ""url"": ""https://pubmed.ncbi.nlm.nih.gov/42020690/"", ""journal"": """", ""year"": ""2026"", ""authors"": ""Trivedi C, Jain R, Vaidya V, Thakkar I, Ranpuria J, Sundararajan A.""}, ""ext_id"": ""42020690"", ""doi"": ""10.1007/s43032-026-02102-x"", ""authors"": ""Trivedi C, Jain R, Vaidya V, Thakkar I, Ranpuria J, Sundararajan A."", ""journal"": """", ""url"": ""https://pubmed.ncbi.nlm.nih.gov/42020690/"", ""score_components"": {}}, {""citation_id"": 4, ""title"": ""Stability of Colistin Active Forms in Biological Matrices: Effect of Temperature and Time."", ""evidence_text"": ""Background. This study investigated the effects of temperature and concentration on the short-term stability of colistin and colistin methanesulphonate in three biological matrices; whole blood, plasma and serum.Methods. Human whole blood, plasma or serum containing colistin (2; 10; 20 mg/L) or colistin methanesulphonate (2; 10; 20 mg/L) was stored at room temperatrure or at 37 °C for a predetermined time interval."", ""score"": 62.27248764038086, ""year"": ""2026"", ""source"": {""title"": ""Stability of Colistin Active Forms in Biological Matrices: Effect of Temperature and Time."", ""pmid"": ""41636946"", ""doi"": ""10.1007/s13318-025-00974-z"", ""url"": ""https://pubmed.ncbi.nlm.nih.gov/41636946/"", ""journal"": """", ""year"": ""2026"", ""authors"": ""Kubíčková V, Rychlíčková J, Urbánek K, Rácová Z.""}, ""ext_id"": ""41636946"", ""doi"": ""10.1007/s13318-025-00974-z"", ""authors"": ""Kubíčková V, Rychlíčková J, Urbánek K, Rácová Z."", ""journal"": """", ""url"": ""https://pubmed.ncbi.nlm.nih.gov/41636946/"", ""score_components"": {}}, {""citation_id"": 5, ""title"": ""Analysis of purines and pyrimidines across biospecimens: influence of storage temperature and duration."", ""evidence_text"": ""Plasma inosine also increased above the reference range after a 48-hour delay in processing refrigerated whole blood. In contrast, hypoxanthine remained stable in DBS for up to 48 h, regardless of the card storage temperature. Therefore, DBS is a feasible alternative specimen type to measure hypoxanthine if frozen shipping, delayed centrifugation, or storage interval is a concern."", ""score"": 59.828243255615234, ""year"": ""2026"", ""source"": {""title"": ""Analysis of purines and pyrimidines across biospecimens: influence of storage temperature and duration."", ""pmid"": ""42218223"", ""doi"": ""10.1038/s41598-026-54454-8"", ""url"": ""https://pubmed.ncbi.nlm.nih.gov/42218223/"", ""journal"": """", ""year"": ""2026"", ""authors"": ""Wurth R, Turgeon C, Lacey J, Stander Z, Gavrilov D, Hall PL, Matern D, Schultz M, Tortorelli S, Oglesbee D.""}, ""ext_id"": ""42218223"", ""doi"": ""10.1038/s41598-026-54454-8"", ""authors"": ""Wurth R, Turgeon C, Lacey J, Stander Z, Gavrilov D, Hall PL, Matern D, Schultz M, Tortorelli S, Oglesbee D."", ""journal"": """", ""url"": ""https://pubmed.ncbi.nlm.nih.gov/42218223/"", ""score_components"": {}}]",ok,,
BQ008,Can serum and plasma be used interchangeably for cytokine or proteomic analyses after processing delay?,Serum and plasma should not be used interchangeably for cytokine or proteomic analyses. Gottfried-Blackmore et al. reported poor correlation between serum and plasma cytokines and concluded that cytokine studies should consider the non-equivalence between serum and plasma.,"[""serum and plasma cytokines were poorly correlated"", ""serum and plasma should not be used interchangeably for cytokine analyses"", ""processing delay effects differ between matrices"", ""sample matrix choice is important for proteomic or cytokine studies""]",Evidence-based draft benchmark row. Use for development/testing; later verify with supervisor/domain expert.,ranker_medcpt,medcpt,"(TITLE_ABS:""Can serum and plasma be used interchangeably for cytokine or proteomic analyses after processing delay?"") OR (TITLE_ABS:(serum AND processing AND plasma)) OR (TITLE_ABS:(serum AND processing AND plasma AND interchangeably)) OR (TITLE_ABS:(""processing delay"" OR serum OR ""blood serum"" OR plasma OR ""blood plasma"" OR interchangeably OR cytokine OR proteomic OR analyses OR processing OR delayed OR delay OR ""delayed processing"")) OR (TITLE_ABS:(serum OR plasma OR interchangeably OR cytokine OR proteomic OR analyses OR processing OR delay))","[""serum"", ""plasma"", ""interchangeably"", ""cytokine"", ""proteomic"", ""analyses"", ""processing"", ""delay""]",8,75,5,5,"[1] It is increasingly recognized that the 'omic analysis of whole blood has applications for precision medicine and disease phenotyping. Despite this realization, whole blood is generally viewed as a challenging analytical matrix in comparison to plasma or serum. Moreover, proteomic analyses of whole blood have almost exclusively focused on (non)targeted analyses of protein abundances and much less on post-translational modifications (PTMs).
Source: Development and Validation of a Streamlined Workflow for Proteomic Analysis of Proteins and Post-translational Modifications from Dried Blood.. 2026. PMID: 42246250. DOI: 10.1021/acs.jproteome.6c00032

[2] The remaining cytokine concentrations were significantly impacted by processing delay and storage temperature, with changes evident as early as 3 hours and more pronounced at 24 and 48 hours ( p < 0.05). Storing blood at 4°C generally mitigated changes compared to room temperature, but analyte-specific and matrix-dependent variations persisted.Conclusion. These findings emphasize delayed processing significantly alters cytokine levels, highlighting the importance of prompt, standardized processing and careful consideration of pre-analytical factors for reliable cytokine quantitation in clinical studies.
Source: Effect of delayed blood centrifugation on cytokine quantitation in serum and plasma.. 2025. PMID: 40791022. DOI: 10.1080/17576180.2025.2544521

[3] By PEG precipitation followed by albumin depletion, additional proteins and N -glycoproteins can be identified by liquid chromatography-tandem mass spectrometry (LC-MS/MS) in the plasma. In-depth LC-MS/MS proteomic analyses of the whole plasma, its 10% and 20% PEG-precipitated pellets, and albumin-depleted supernatants have profiled 2943, 2242, 3162, 2187, and 2028 proteins respectively, yielding 5040 proteins in total and thus expanding the plasma proteome coverage. Therefore, PEG precipitation and albumin depletion should be used as a general plasma processing method for successful proteomic discoveries of blood biomarkers.
Source: PEG Precipitation Followed by Albumin Depletion for Plasma Proteomics Analysis.. 2025. PMID: 40468192. DOI: 10.1021/acs.analchem.5c00593

[4] Anti-spike (S) IgG and anti-nucleocapsid (N) total immunoglobulin levels were compared for 20 paired plasma/serum samples tested fresh and frozen after separation from cellular components on Day 5 or after ≤40 days of 4°C storage; 10 paired plasma/serum samples separated on Day 5 and tested immediately or after ≤67 days of 4°C storage; and 85 plasma and 950 serum samples tested fresh on Day 1 and after ≤209 days of -20°C storage post-separation. Proportional Bland-Altman analyses were used to estimate average bias and 95% limits of agreement (LOA).Results. Antibody reactivity was stable over time regardless of serum or plasma processing delays or prolonged refrigerated or frozen storage.
Source: Impact of delayed blood donation sample processing and testing on SARS-CoV-2 serological assay results in an evolving pandemic response.. 2026. PMID: 42267669. DOI: 10.1111/trf.70283

[5] The source of CHI3L1 production in PBMCs was determined by flow cytometry.Results. A strong correlation was found between serum, plasma, and CSF CHI3L1 levels. Serum CHI3L1 levels remained stable with delayed processing up to 6 hours and for up to three freeze-thaw cycles.
Source: Impact of preanalytical factors on blood CHI3L1 levels.. 2025. PMID: 41704533. DOI: 10.3389/fimmu.2025.1720914","[{""citation_id"": 1, ""title"": ""Development and Validation of a Streamlined Workflow for Proteomic Analysis of Proteins and Post-translational Modifications from Dried Blood."", ""evidence_text"": ""It is increasingly recognized that the 'omic analysis of whole blood has applications for precision medicine and disease phenotyping. Despite this realization, whole blood is generally viewed as a challenging analytical matrix in comparison to plasma or serum. Moreover, proteomic analyses of whole blood have almost exclusively focused on (non)targeted analyses of protein abundances and much less on post-translational modifications (PTMs)."", ""score"": 66.60456085205078, ""year"": ""2026"", ""source"": {""title"": ""Development and Validation of a Streamlined Workflow for Proteomic Analysis of Proteins and Post-translational Modifications from Dried Blood."", ""pmid"": ""42246250"", ""doi"": ""10.1021/acs.jproteome.6c00032"", ""url"": ""https://pubmed.ncbi.nlm.nih.gov/42246250/"", ""journal"": """", ""year"": ""2026"", ""authors"": ""Foster MW, Chen Y, Violette MJ, Shapley SM, Forrester MT, Mellors JS, Phinney BS, Plumb RS, Thompson JW, McMahon TJ.""}, ""ext_id"": ""42246250"", ""doi"": ""10.1021/acs.jproteome.6c00032"", ""authors"": ""Foster MW, Chen Y, Violette MJ, Shapley SM, Forrester MT, Mellors JS, Phinney BS, Plumb RS, Thompson JW, McMahon TJ."", ""journal"": """", ""url"": ""https://pubmed.ncbi.nlm.nih.gov/42246250/"", ""score_components"": {}}, {""citation_id"": 2, ""title"": ""Effect of delayed blood centrifugation on cytokine quantitation in serum and plasma."", ""evidence_text"": ""The remaining cytokine concentrations were significantly impacted by processing delay and storage temperature, with changes evident as early as 3 hours and more pronounced at 24 and 48 hours ( p < 0.05). Storing blood at 4°C generally mitigated changes compared to room temperature, but analyte-specific and matrix-dependent variations persisted.Conclusion. These findings emphasize delayed processing significantly alters cytokine levels, highlighting the importance of prompt, standardized processing and careful consideration of pre-analytical factors for reliable cytokine quantitation in clinical studies."", ""score"": 66.42689514160156, ""year"": ""2025"", ""source"": {""title"": ""Effect of delayed blood centrifugation on cytokine quantitation in serum and plasma."", ""pmid"": ""40791022"", ""doi"": ""10.1080/17576180.2025.2544521"", ""url"": ""https://pubmed.ncbi.nlm.nih.gov/40791022/"", ""journal"": """", ""year"": ""2025"", ""authors"": ""Yang X, Arceo T, Fischer SK.""}, ""ext_id"": ""40791022"", ""doi"": ""10.1080/17576180.2025.2544521"", ""authors"": ""Yang X, Arceo T, Fischer SK."", ""journal"": """", ""url"": ""https://pubmed.ncbi.nlm.nih.gov/40791022/"", ""score_components"": {}}, {""citation_id"": 3, ""title"": ""PEG Precipitation Followed by Albumin Depletion for Plasma Proteomics Analysis."", ""evidence_text"": ""By PEG precipitation followed by albumin depletion, additional proteins and N -glycoproteins can be identified by liquid chromatography-tandem mass spectrometry (LC-MS/MS) in the plasma. In-depth LC-MS/MS proteomic analyses of the whole plasma, its 10% and 20% PEG-precipitated pellets, and albumin-depleted supernatants have profiled 2943, 2242, 3162, 2187, and 2028 proteins respectively, yielding 5040 proteins in total and thus expanding the plasma proteome coverage. Therefore, PEG precipitation and albumin depletion should be used as a general plasma processing method for successful proteomic discoveries of blood biomarkers."", ""score"": 63.61518478393555, ""year"": ""2025"", ""source"": {""title"": ""PEG Precipitation Followed by Albumin Depletion for Plasma Proteomics Analysis."", ""pmid"": ""40468192"", ""doi"": ""10.1021/acs.analchem.5c00593"", ""url"": ""https://pubmed.ncbi.nlm.nih.gov/40468192/"", ""journal"": """", ""year"": ""2025"", ""authors"": ""Wang Y, Cai M, Song Y, Jiang K, Liu T, Zhang X, Zhu H, Sha J, Du L, Qi S, Chen Y, Liu S, Geng Z, Hu Q, Ling T, Chen D, Song H, Pan J, Zheng Q, Chang C, Bai B.""}, ""ext_id"": ""40468192"", ""doi"": ""10.1021/acs.analchem.5c00593"", ""authors"": ""Wang Y, Cai M, Song Y, Jiang K, Liu T, Zhang X, Zhu H, Sha J, Du L, Qi S, Chen Y, Liu S, Geng Z, Hu Q, Ling T, Chen D, Song H, Pan J, Zheng Q, Chang C, Bai B."", ""journal"": """", ""url"": ""https://pubmed.ncbi.nlm.nih.gov/40468192/"", ""score_components"": {}}, {""citation_id"": 4, ""title"": ""Impact of delayed blood donation sample processing and testing on SARS-CoV-2 serological assay results in an evolving pandemic response."", ""evidence_text"": ""Anti-spike (S) IgG and anti-nucleocapsid (N) total immunoglobulin levels were compared for 20 paired plasma/serum samples tested fresh and frozen after separation from cellular components on Day 5 or after ≤40 days of 4°C storage; 10 paired plasma/serum samples separated on Day 5 and tested immediately or after ≤67 days of 4°C storage; and 85 plasma and 950 serum samples tested fresh on Day 1 and after ≤209 days of -20°C storage post-separation. Proportional Bland-Altman analyses were used to estimate average bias and 95% limits of agreement (LOA).Results. Antibody reactivity was stable over time regardless of serum or plasma processing delays or prolonged refrigerated or frozen storage."", ""score"": 62.60289764404297, ""year"": ""2026"", ""source"": {""title"": ""Impact of delayed blood donation sample processing and testing on SARS-CoV-2 serological assay results in an evolving pandemic response."", ""pmid"": ""42267669"", ""doi"": ""10.1111/trf.70283"", ""url"": ""https://pubmed.ncbi.nlm.nih.gov/42267669/"", ""journal"": """", ""year"": ""2026"", ""authors"": ""Lanteri MC, Green V, Sulaeman H, Stone M, Haynes J, Di Germanio C, Smith S, Villaflor PG, Groves J, Williamson PC, Stramer SL, Coughlin MM, Jones JM, Grebe E, Busch MP, Saa P.""}, ""ext_id"": ""42267669"", ""doi"": ""10.1111/trf.70283"", ""authors"": ""Lanteri MC, Green V, Sulaeman H, Stone M, Haynes J, Di Germanio C, Smith S, Villaflor PG, Groves J, Williamson PC, Stramer SL, Coughlin MM, Jones JM, Grebe E, Busch MP, Saa P."", ""journal"": """", ""url"": ""https://pubmed.ncbi.nlm.nih.gov/42267669/"", ""score_components"": {}}, {""citation_id"": 5, ""title"": ""Impact of preanalytical factors on blood CHI3L1 levels."", ""evidence_text"": ""The source of CHI3L1 production in PBMCs was determined by flow cytometry.Results. A strong correlation was found between serum, plasma, and CSF CHI3L1 levels. Serum CHI3L1 levels remained stable with delayed processing up to 6 hours and for up to three freeze-thaw cycles."", ""score"": 62.00373840332031, ""year"": ""2025"", ""source"": {""title"": ""Impact of preanalytical factors on blood CHI3L1 levels."", ""pmid"": ""41704533"", ""doi"": ""10.3389/fimmu.2025.1720914"", ""url"": ""https://pmc.ncbi.nlm.nih.gov/articles/PMC12907172/"", ""journal"": """", ""year"": ""2025"", ""authors"": ""Comabella M, Gutierrez L, Castillo M, Villar LM, Eixarch H, La Puma D, Aroca M, Vilaseca A, Montalban X, Fissolo N.""}, ""ext_id"": ""41704533"", ""doi"": ""10.3389/fimmu.2025.1720914"", ""authors"": ""Comabella M, Gutierrez L, Castillo M, Villar LM, Eixarch H, La Puma D, Aroca M, Vilaseca A, Montalban X, Fissolo N."", ""journal"": """", ""url"": ""https://pmc.ncbi.nlm.nih.gov/articles/PMC12907172/"", ""score_components"": {}}]",ok,,
BQ009,Is whole blood gene expression largely stable during short-term processing delays up to 15 hours?,Whole blood gene expression was largely stable under the short-term processing delay conditions tested by Gottfried-Blackmore et al. They reported that pooled gene expression levels did not show significant effects across their short-term room temperature and 4 °C delay conditions.,"[""whole blood gene expression profiles were largely stable"", ""short-term delays included room temperature and 4 degrees Celsius conditions"", ""no significant effects were detected in pooled gene expression levels"", ""PAXgene-style RNA stabilization can help avoid confounding""]",Evidence-based draft benchmark row. Use for development/testing; later verify with supervisor/domain expert.,ranker_medcpt,medcpt,"(TITLE_ABS:""Is whole blood gene expression largely stable during short-term processing delays up to 15 hours?"") OR (TITLE_ABS:(blood AND stable AND whole)) OR (TITLE_ABS:(blood AND stable AND whole AND gene)) OR (TITLE_ABS:(""processing delay"" OR ""whole blood"" OR whole OR blood OR gene OR expression OR largely OR stability OR stable OR unstable OR ""short-term"" OR processing OR delays)) OR (TITLE_ABS:(whole OR blood OR gene OR expression OR largely OR stable OR ""short-term"" OR processing OR delays))","[""whole"", ""blood"", ""gene"", ""expression"", ""largely"", ""stable"", ""short-term"", ""processing"", ""delays""]",8,77,5,5,"[1] Whole blood stored at room temperature showed relatively smaller changes, whereas refrigerated whole blood exhibited the largest variation, with factor VIII activity and von Willebrand factor antigen levels decreasing to ≤ 30% even in samples obtained from healthy participants. In some refrigerated samples, clotting times shortened, leading to false-negative lupus anticoagulant results. Mechanical agitation had only marginal effects compared with time and temperature.
Source: Influence of time, temperature, and mechanical agitation on whole-blood and plasma sample stability in coagulation tests.. 2026. PMID: 42249206. DOI: 10.1007/s12185-026-04233-y

[2] Reliable circadian gene expression analysis requires stable reference genes for qRT-PCR normalization, but no clear guidance exists for blood-based circadian studies in OSA. We evaluated the expression of 11 candidate reference genes ( GAPDH, ACTB, RPL13A, PPIB, TBP, HPRT1, PPIA, SDHA, TUBB2A, UBC ) in whole blood collected every 6 hours over 24 hours from 40 participants who underwent overnight respiratory polygraphy. Gene stability was assessed with RefFinder and EndoGeneAnalyzer across OSA severity levels, intra-individual variability, and time-point variability.
Source: Stable reference genes for 24-hour circadian profiling of core clock genes in the blood of obstructive sleep apnea patients. 2025. PMID: PPR1088459. DOI: 10.1101/2025.09.22.677736

[3] Plasma hypoxanthine increased above the normal reference range to an average 20-fold increase across individual donors when whole blood was kept refrigerated 64 h prior to processing. The same trend was observed in dried blood spots (DBS) prepared from refrigerated whole blood. Plasma inosine also increased above the reference range after a 48-hour delay in processing refrigerated whole blood.
Source: Analysis of purines and pyrimidines across biospecimens: influence of storage temperature and duration.. 2026. PMID: 42218223. DOI: 10.1038/s41598-026-54454-8

[4] In the present study, we aimed to identify suitable reference lncRNAs for normalization in whole-blood samples. We profiled the expression of 84 lncRNAs and eight commonly used mRNA reference genes by RT-qPCR in samples from 182 individuals. Transcript stability was assessed using three widely applied algorithms: geNorm, NormFinder and BestKeeper.
Source: TUG1: a potential endogenous reference gene for long noncoding RNA quantification in blood-based studies.. 2025. PMID: 41469728. DOI: 10.1186/s40364-025-00871-2

[5] To investigate the epigenetic regulation of HECW2 in more detail, we conducted a longitudinal, multimodal study investigating HECW2 across several molecular layers—DNAm (in whole blood and saliva), gene expression (in whole blood), and histone modification (H3K4me3 in peripheral blood mononuclear cells)—before and after a standardized three-week inpatient withdrawal treatment. We confirmed HECW2 hypomethylation in both blood and saliva which remained stable through therapy, highlighting saliva as a minimally invasive and previously unstudied tissue for potential biomarker development. Moreover, HECW2 gene expression in whole blood was reduced in AUD patients and showed a reversion toward healthy control levels following therapy.
Source: Regulation of HECW2 expression in Alcohol Use Disorder, therapy outcome and risk of relapse. 2025. PMID: PPR1131748. DOI: 10.21203/rs.3.rs-8133046/v1","[{""citation_id"": 1, ""title"": ""Influence of time, temperature, and mechanical agitation on whole-blood and plasma sample stability in coagulation tests."", ""evidence_text"": ""Whole blood stored at room temperature showed relatively smaller changes, whereas refrigerated whole blood exhibited the largest variation, with factor VIII activity and von Willebrand factor antigen levels decreasing to ≤ 30% even in samples obtained from healthy participants. In some refrigerated samples, clotting times shortened, leading to false-negative lupus anticoagulant results. Mechanical agitation had only marginal effects compared with time and temperature."", ""score"": 63.04444885253906, ""year"": ""2026"", ""source"": {""title"": ""Influence of time, temperature, and mechanical agitation on whole-blood and plasma sample stability in coagulation tests."", ""pmid"": ""42249206"", ""doi"": ""10.1007/s12185-026-04233-y"", ""url"": ""https://pubmed.ncbi.nlm.nih.gov/42249206/"", ""journal"": """", ""year"": ""2026"", ""authors"": ""Matsuda M, Ieko M, Komiyama Y, Masutani R, Inoue M, Kouno H, Sasaki H, Shimomura D, Ikebe A, Naito S, Yuki S, Kanouchi K, Kouno A, Sakuma T, Sato M, Shizuka R, Hashiguchi T, Working group for standardization of sample handling procedure in coagulation tests, Japanese Society for Laboratory Hematology.""}, ""ext_id"": ""42249206"", ""doi"": ""10.1007/s12185-026-04233-y"", ""authors"": ""Matsuda M, Ieko M, Komiyama Y, Masutani R, Inoue M, Kouno H, Sasaki H, Shimomura D, Ikebe A, Naito S, Yuki S, Kanouchi K, Kouno A, Sakuma T, Sato M, Shizuka R, Hashiguchi T, Working group for standardization of sample handling procedure in coagulation tests, Japanese Society for Laboratory Hematology."", ""journal"": """", ""url"": ""https://pubmed.ncbi.nlm.nih.gov/42249206/"", ""score_components"": {}}, {""citation_id"": 2, ""title"": ""Stable reference genes for 24-hour circadian profiling of core clock genes in the blood of obstructive sleep apnea patients"", ""evidence_text"": ""Reliable circadian gene expression analysis requires stable reference genes for qRT-PCR normalization, but no clear guidance exists for blood-based circadian studies in OSA. We evaluated the expression of 11 candidate reference genes ( GAPDH, ACTB, RPL13A, PPIB, TBP, HPRT1, PPIA, SDHA, TUBB2A, UBC ) in whole blood collected every 6 hours over 24 hours from 40 participants who underwent overnight respiratory polygraphy. Gene stability was assessed with RefFinder and EndoGeneAnalyzer across OSA severity levels, intra-individual variability, and time-point variability."", ""score"": 61.73970413208008, ""year"": ""2025"", ""source"": {""title"": ""Stable reference genes for 24-hour circadian profiling of core clock genes in the blood of obstructive sleep apnea patients"", ""pmid"": ""PPR1088459"", ""doi"": ""10.1101/2025.09.22.677736"", ""url"": ""https://doi.org/10.1101/2025.09.22.677736"", ""journal"": """", ""year"": ""2025"", ""authors"": ""Nahtigal K, Halužan Vasle A, Kreft T, Skubic C, Mraz M, Moškon M, Dolenc Grošelj L, Rozman D.""}, ""ext_id"": ""PPR1088459"", ""doi"": ""10.1101/2025.09.22.677736"", ""authors"": ""Nahtigal K, Halužan Vasle A, Kreft T, Skubic C, Mraz M, Moškon M, Dolenc Grošelj L, Rozman D."", ""journal"": """", ""url"": ""https://doi.org/10.1101/2025.09.22.677736"", ""score_components"": {}}, {""citation_id"": 3, ""title"": ""Analysis of purines and pyrimidines across biospecimens: influence of storage temperature and duration."", ""evidence_text"": ""Plasma hypoxanthine increased above the normal reference range to an average 20-fold increase across individual donors when whole blood was kept refrigerated 64 h prior to processing. The same trend was observed in dried blood spots (DBS) prepared from refrigerated whole blood. Plasma inosine also increased above the reference range after a 48-hour delay in processing refrigerated whole blood."", ""score"": 59.322410583496094, ""year"": ""2026"", ""source"": {""title"": ""Analysis of purines and pyrimidines across biospecimens: influence of storage temperature and duration."", ""pmid"": ""42218223"", ""doi"": ""10.1038/s41598-026-54454-8"", ""url"": ""https://pubmed.ncbi.nlm.nih.gov/42218223/"", ""journal"": """", ""year"": ""2026"", ""authors"": ""Wurth R, Turgeon C, Lacey J, Stander Z, Gavrilov D, Hall PL, Matern D, Schultz M, Tortorelli S, Oglesbee D.""}, ""ext_id"": ""42218223"", ""doi"": ""10.1038/s41598-026-54454-8"", ""authors"": ""Wurth R, Turgeon C, Lacey J, Stander Z, Gavrilov D, Hall PL, Matern D, Schultz M, Tortorelli S, Oglesbee D."", ""journal"": """", ""url"": ""https://pubmed.ncbi.nlm.nih.gov/42218223/"", ""score_components"": {}}, {""citation_id"": 4, ""title"": ""TUG1: a potential endogenous reference gene for long noncoding RNA quantification in blood-based studies."", ""evidence_text"": ""In the present study, we aimed to identify suitable reference lncRNAs for normalization in whole-blood samples. We profiled the expression of 84 lncRNAs and eight commonly used mRNA reference genes by RT-qPCR in samples from 182 individuals. Transcript stability was assessed using three widely applied algorithms: geNorm, NormFinder and BestKeeper."", ""score"": 57.708045959472656, ""year"": ""2025"", ""source"": {""title"": ""TUG1: a potential endogenous reference gene for long noncoding RNA quantification in blood-based studies."", ""pmid"": ""41469728"", ""doi"": ""10.1186/s40364-025-00871-2"", ""url"": ""https://pmc.ncbi.nlm.nih.gov/articles/PMC12754918/"", ""journal"": """", ""year"": ""2025"", ""authors"": ""Rodríguez-Muñoz C, Vila A, Santisteve S, Sánchez-Cucó A, Benítez ID, García-Hidalgo MC, Molinero M, Perez-Pons M, Moncusí-Moix A, Barbé F, González J, de Gonzalo-Calvo D.""}, ""ext_id"": ""41469728"", ""doi"": ""10.1186/s40364-025-00871-2"", ""authors"": ""Rodríguez-Muñoz C, Vila A, Santisteve S, Sánchez-Cucó A, Benítez ID, García-Hidalgo MC, Molinero M, Perez-Pons M, Moncusí-Moix A, Barbé F, González J, de Gonzalo-Calvo D."", ""journal"": """", ""url"": ""https://pmc.ncbi.nlm.nih.gov/articles/PMC12754918/"", ""score_components"": {}}, {""citation_id"": 5, ""title"": ""Regulation of HECW2 expression in Alcohol Use Disorder, therapy outcome and risk of relapse"", ""evidence_text"": ""To investigate the epigenetic regulation of HECW2 in more detail, we conducted a longitudinal, multimodal study investigating HECW2 across several molecular layers—DNAm (in whole blood and saliva), gene expression (in whole blood), and histone modification (H3K4me3 in peripheral blood mononuclear cells)—before and after a standardized three-week inpatient withdrawal treatment. We confirmed HECW2 hypomethylation in both blood and saliva which remained stable through therapy, highlighting saliva as a minimally invasive and previously unstudied tissue for potential biomarker development. Moreover, HECW2 gene expression in whole blood was reduced in AUD patients and showed a reversion toward healthy control levels following therapy."", ""score"": 57.4715461730957, ""year"": ""2025"", ""source"": {""title"": ""Regulation of HECW2 expression in Alcohol Use Disorder, therapy outcome and risk of relapse"", ""pmid"": ""PPR1131748"", ""doi"": ""10.21203/rs.3.rs-8133046/v1"", ""url"": ""https://doi.org/10.21203/rs.3.rs-8133046/v1"", ""journal"": """", ""year"": ""2025"", ""authors"": ""Edelmann S, Bender A, Pasche S, Esser S, Heuser M, Link A, Plessing P, Mueller P, Zimmermann M, Nieratschker V.""}, ""ext_id"": ""PPR1131748"", ""doi"": ""10.21203/rs.3.rs-8133046/v1"", ""authors"": ""Edelmann S, Bender A, Pasche S, Esser S, Heuser M, Link A, Plessing P, Mueller P, Zimmermann M, Nieratschker V."", ""journal"": """", ""url"": ""https://doi.org/10.21203/rs.3.rs-8133046/v1"", ""score_components"": {}}]",ok,,
BQ010,Should flow or mass cytometry studies avoid processing delays greater than 5 hours for susceptible PBMC populations?,"Yes. Gottfried-Blackmore et al. concluded that flow and mass cytometry studies should avoid delays greater than 5 hours when studying susceptible cell populations. They observed significant cellular changes especially at 15 hours at 4 °C, including effects on live singlets, monocytes, Treg, and CD8+ T cells.","[""flow and mass cytometry should avoid delays greater than 5 hours for susceptible cell populations"", ""significant cellular changes were observed at 15 hours at 4 degrees Celsius"", ""live singlets and monocytes were affected"", ""Treg and CD8+ T cell populations were affected under some refrigerated delay conditions""]",Evidence-based draft benchmark row. Use for development/testing; later verify with supervisor/domain expert.,ranker_medcpt,medcpt,"(TITLE_ABS:""Should flow or mass cytometry studies avoid processing delays greater than 5 hours for susceptible PBMC populations?"") OR (TITLE_ABS:(processing AND flow AND mass)) OR (TITLE_ABS:(processing AND flow AND mass AND cytometry)) OR (TITLE_ABS:(""processing delay"" OR flow OR mass OR cytometry OR studies OR avoid OR processing OR delays OR greater OR susceptible OR pbmc OR populations)) OR (TITLE_ABS:(flow OR mass OR cytometry OR studies OR avoid OR processing OR delays OR greater OR susceptible OR pbmc))","[""flow"", ""mass"", ""cytometry"", ""studies"", ""avoid"", ""processing"", ""delays"", ""greater"", ""susceptible"", ""pbmc"", ""populations""]",8,80,5,5,"[1] This article aims to elucidate the technical context, highlight its impact on precision medicine, and provide a reference framework for interdisciplinary research.
Source: Technologic advances in flow cytometry.. 2026. PMID: 40848891. DOI: 10.1016/j.cca.2025.120567

[2] In urine samples, immune cell subset frequencies and viability discrimination were comparable between the optimized and standard staining protocols. Conclusion. Our protocol enables delayed processing and cryopreservation of fragile clinical samples while preserving compatibility with mass cytometry workflows.
Source: Viability-Compatible Preservation for Mass Cytometry Using Cisplatin Pulse Quenching and Gradual Formaldehyde Release. 2025. PMID: PPR1064736. DOI: 10.1101/2025.08.08.25333023

[3] Our findings support the utility of flow cytometry in efficiently selecting candidate samples for MALDI-TOF MS, enhancing clinical decision-making in UTI management.
Source: Flow cytometry parameters for predicting the successful identification of gram-negative bacilli in urine by MALDI-TOF MS.. 2026. PMID: 41679126. DOI: 10.1016/j.diagmicrobio.2026.117303

[4] While flow cytometry is widely used, it is constrained by spectral overlap, limiting the number of protein targets for simultaneous analysis. To overcome this, we present a robust protocol for whole blood T-cell stimulation and subsequent analysis using mass cytometry by time-of-flight (CyTOF). CyTOF minimizes spillover into adjacent channels by employing highly pure, stable, heavy metal-conjugated antibodies for protein detection.
Source: High-Dimensional Phospho-CyTOF Characterization of T-Cell Activation Responses in Whole Blood.. 2025. PMID: 41141637. DOI: 10.21769/bioprotoc.5473

[5] The state of the art flow cytometry has shown great potential in identifying cellular proteins, while emerging metabolite mass spectrometry cytometry techniques address metabolite detection. Herein, we propose a tandem platform that integrates fluorescence flow cytometry with electrospray ionization mass spectrometry for one-step single-cell analysis of protein and metabolites. An algorithm was established to correlate multidimensional information in individual cells, with additional data processing modules designed to ensure accuracy and facilitate further analysis.
Source: A Tandem Cytometry Platform for Single-Cell Analysis of Protein and Metabolites.. 2025. PMID: 40130787. DOI: 10.1021/acs.analchem.5c00606","[{""citation_id"": 1, ""title"": ""Technologic advances in flow cytometry."", ""evidence_text"": ""This article aims to elucidate the technical context, highlight its impact on precision medicine, and provide a reference framework for interdisciplinary research."", ""score"": 63.68022918701172, ""year"": ""2026"", ""source"": {""title"": ""Technologic advances in flow cytometry."", ""pmid"": ""40848891"", ""doi"": ""10.1016/j.cca.2025.120567"", ""url"": ""https://pubmed.ncbi.nlm.nih.gov/40848891/"", ""journal"": """", ""year"": ""2026"", ""authors"": ""Liu X, Wang C, Guan X.""}, ""ext_id"": ""40848891"", ""doi"": ""10.1016/j.cca.2025.120567"", ""authors"": ""Liu X, Wang C, Guan X."", ""journal"": """", ""url"": ""https://pubmed.ncbi.nlm.nih.gov/40848891/"", ""score_components"": {}}, {""citation_id"": 2, ""title"": ""Viability-Compatible Preservation for Mass Cytometry Using Cisplatin Pulse Quenching and Gradual Formaldehyde Release"", ""evidence_text"": ""In urine samples, immune cell subset frequencies and viability discrimination were comparable between the optimized and standard staining protocols. Conclusion. Our protocol enables delayed processing and cryopreservation of fragile clinical samples while preserving compatibility with mass cytometry workflows."", ""score"": 62.111793518066406, ""year"": ""2025"", ""source"": {""title"": ""Viability-Compatible Preservation for Mass Cytometry Using Cisplatin Pulse Quenching and Gradual Formaldehyde Release"", ""pmid"": ""PPR1064736"", ""doi"": ""10.1101/2025.08.08.25333023"", ""url"": ""https://doi.org/10.1101/2025.08.08.25333023"", ""journal"": """", ""year"": ""2025"", ""authors"": ""Wagner L, Skopnik CM, Metzke D, Freund P, Hegemann FA, Arzig J, Mirkheshti P, Goerlich N, Klocke J, Enghard P, Baumgart S.""}, ""ext_id"": ""PPR1064736"", ""doi"": ""10.1101/2025.08.08.25333023"", ""authors"": ""Wagner L, Skopnik CM, Metzke D, Freund P, Hegemann FA, Arzig J, Mirkheshti P, Goerlich N, Klocke J, Enghard P, Baumgart S."", ""journal"": """", ""url"": ""https://doi.org/10.1101/2025.08.08.25333023"", ""score_components"": {}}, {""citation_id"": 3, ""title"": ""Flow cytometry parameters for predicting the successful identification of gram-negative bacilli in urine by MALDI-TOF MS."", ""evidence_text"": ""Our findings support the utility of flow cytometry in efficiently selecting candidate samples for MALDI-TOF MS, enhancing clinical decision-making in UTI management."", ""score"": 61.46527099609375, ""year"": ""2026"", ""source"": {""title"": ""Flow cytometry parameters for predicting the successful identification of gram-negative bacilli in urine by MALDI-TOF MS."", ""pmid"": ""41679126"", ""doi"": ""10.1016/j.diagmicrobio.2026.117303"", ""url"": ""https://pubmed.ncbi.nlm.nih.gov/41679126/"", ""journal"": """", ""year"": ""2026"", ""authors"": ""Castaño MJ, Torres I, Villarruel KM, Navarro D.""}, ""ext_id"": ""41679126"", ""doi"": ""10.1016/j.diagmicrobio.2026.117303"", ""authors"": ""Castaño MJ, Torres I, Villarruel KM, Navarro D."", ""journal"": """", ""url"": ""https://pubmed.ncbi.nlm.nih.gov/41679126/"", ""score_components"": {}}, {""citation_id"": 4, ""title"": ""High-Dimensional Phospho-CyTOF Characterization of T-Cell Activation Responses in Whole Blood."", ""evidence_text"": ""While flow cytometry is widely used, it is constrained by spectral overlap, limiting the number of protein targets for simultaneous analysis. To overcome this, we present a robust protocol for whole blood T-cell stimulation and subsequent analysis using mass cytometry by time-of-flight (CyTOF). CyTOF minimizes spillover into adjacent channels by employing highly pure, stable, heavy metal-conjugated antibodies for protein detection."", ""score"": 61.0092887878418, ""year"": ""2025"", ""source"": {""title"": ""High-Dimensional Phospho-CyTOF Characterization of T-Cell Activation Responses in Whole Blood."", ""pmid"": ""41141637"", ""doi"": ""10.21769/bioprotoc.5473"", ""url"": ""https://pmc.ncbi.nlm.nih.gov/articles/PMC12550520/"", ""journal"": """", ""year"": ""2025"", ""authors"": ""Ramos IE, Hawley TS, Rose K, Matthiasardottir B, Farmer R, Han KL, Toborek M, Douagi I, Jones GN, Cherry JM.""}, ""ext_id"": ""41141637"", ""doi"": ""10.21769/bioprotoc.5473"", ""authors"": ""Ramos IE, Hawley TS, Rose K, Matthiasardottir B, Farmer R, Han KL, Toborek M, Douagi I, Jones GN, Cherry JM."", ""journal"": """", ""url"": ""https://pmc.ncbi.nlm.nih.gov/articles/PMC12550520/"", ""score_components"": {}}, {""citation_id"": 5, ""title"": ""A Tandem Cytometry Platform for Single-Cell Analysis of Protein and Metabolites."", ""evidence_text"": ""The state of the art flow cytometry has shown great potential in identifying cellular proteins, while emerging metabolite mass spectrometry cytometry techniques address metabolite detection. Herein, we propose a tandem platform that integrates fluorescence flow cytometry with electrospray ionization mass spectrometry for one-step single-cell analysis of protein and metabolites. An algorithm was established to correlate multidimensional information in individual cells, with additional data processing modules designed to ensure accuracy and facilitate further analysis."", ""score"": 60.7754020690918, ""year"": ""2025"", ""source"": {""title"": ""A Tandem Cytometry Platform for Single-Cell Analysis of Protein and Metabolites."", ""pmid"": ""40130787"", ""doi"": ""10.1021/acs.analchem.5c00606"", ""url"": ""https://pubmed.ncbi.nlm.nih.gov/40130787/"", ""journal"": """", ""year"": ""2025"", ""authors"": ""Du M, Pan X, Peng Y, Yang J, Pan S, Cheng R, Yang S, Yang Z, Pan J, Liu P, Zhang S, Zhang X.""}, ""ext_id"": ""40130787"", ""doi"": ""10.1021/acs.analchem.5c00606"", ""authors"": ""Du M, Pan X, Peng Y, Yang J, Pan S, Cheng R, Yang S, Yang Z, Pan J, Liu P, Zhang S, Zhang X."", ""journal"": """", ""url"": ""https://pubmed.ncbi.nlm.nih.gov/40130787/"", ""score_components"": {}}]",ok,,
BQ011,Do processing delays up to 72 hours at room temperature or 4 degrees Celsius significantly affect plasma cytokines?,"In the Gyorffy et al. study, delayed processing up to 72 hours at room temperature or 4 °C did not significantly affect plasma cytokines in samples from healthy volunteers and ICU patients. This supports a simplified biosampling protocol for the measured plasma markers, although the conclusion is source- and assay-specific.","[""delayed processing was tested up to 72 hours"", ""samples were stored at room temperature or 4 degrees Celsius before processing"", ""plasma cytokines did not show significant changes"", ""the study included healthy volunteers and ICU patients""]",Evidence-based draft benchmark row. Use for development/testing; later verify with supervisor/domain expert.,ranker_medcpt,medcpt,"(TITLE_ABS:""Do processing delays up to 72 hours at room temperature or 4 degrees Celsius significantly affect plasma cytokines?"") OR (TITLE_ABS:(plasma AND processing AND delays)) OR (TITLE_ABS:(plasma AND processing AND delays AND room)) OR (TITLE_ABS:(""processing delay"" OR ""room temperature"" OR processing OR delays OR room OR temperature OR temperatures OR significantly OR plasma OR ""blood plasma"" OR cytokines)) OR (TITLE_ABS:(processing OR delays OR room OR temperature OR significantly OR plasma OR cytokines))","[""processing"", ""delays"", ""room"", ""temperature"", ""significantly"", ""plasma"", ""cytokines""]",8,94,5,5,"[1] The remaining cytokine concentrations were significantly impacted by processing delay and storage temperature, with changes evident as early as 3 hours and more pronounced at 24 and 48 hours ( p < 0.05). Storing blood at 4°C generally mitigated changes compared to room temperature, but analyte-specific and matrix-dependent variations persisted.Conclusion. These findings emphasize delayed processing significantly alters cytokine levels, highlighting the importance of prompt, standardized processing and careful consideration of pre-analytical factors for reliable cytokine quantitation in clinical studies.
Source: Effect of delayed blood centrifugation on cytokine quantitation in serum and plasma.. 2025. PMID: 40791022. DOI: 10.1080/17576180.2025.2544521

[2] One potential limitation of this approach is that delayed processing may alter sample characteristics.Objective. To determine whether delays in blood sample processing affect the stability of cytokines (IL-6, TNF, IL-10, IFN-γ), chemokines (IL-8, IP-10, MCP-1, MCP-4, MIP-1α, MIP-1β), cell-free DNA (cfDNA) (released by dying cells), and blood clotting potential in human blood samples.Methods. Venous blood was collected into EDTA and citrate sample tubes and stored at room temperature (RT) or 4°C for progressive intervals up to 72 hours, prior to processing.
Source: Impact of sample processing delays on plasma markers of inflammation, chemotaxis, cell death, and blood coagulation.. 2024. PMID: 39480839. DOI: 10.1371/journal.pone.0311921

[3] Plasma inosine also increased above the reference range after a 48-hour delay in processing refrigerated whole blood. In contrast, hypoxanthine remained stable in DBS for up to 48 h, regardless of the card storage temperature. Therefore, DBS is a feasible alternative specimen type to measure hypoxanthine if frozen shipping, delayed centrifugation, or storage interval is a concern.
Source: Analysis of purines and pyrimidines across biospecimens: influence of storage temperature and duration.. 2026. PMID: 42218223. DOI: 10.1038/s41598-026-54454-8

[4] PAVs included storage temperature, processing delay, centrifugation speed, storage tube type, freeze-thaw cycles, and blood contamination. Protein abundance was quantified using SomaScan. Selected analytes were further evaluated using orthogonal immunoassays.
Source: The effect of preanalytical factors on cerebrospinal fluid and plasma proteomics: a systematic experimental study.. 2026. PMID: 42174445. DOI: 10.1186/s12014-026-09604-5

[5] Global proteomic variation was primarily driven by interindividual differences, with less influence from storage conditions or delays. Notably, 87.5% of the candidate biomarkers (14/16) remained stable under ideal storage (4 °C storage immediately after blood collection), and 62.5% (10/16) retained stability even under the ""worst-case"" conditions (room temperature (RT) storage for 8 h after blood collection) for up to 24 h. However, several proteins lost stability with delayed processing even under ideal storage.
Source: Plasma Proteome Stability at the Time of Sudden Cardiac Arrest: Implications for Biomarker Studies in Post-Resuscitation Survival.. 2026. PMID: 41410264. DOI: 10.1021/acs.jproteome.5c00783","[{""citation_id"": 1, ""title"": ""Effect of delayed blood centrifugation on cytokine quantitation in serum and plasma."", ""evidence_text"": ""The remaining cytokine concentrations were significantly impacted by processing delay and storage temperature, with changes evident as early as 3 hours and more pronounced at 24 and 48 hours ( p < 0.05). Storing blood at 4°C generally mitigated changes compared to room temperature, but analyte-specific and matrix-dependent variations persisted.Conclusion. These findings emphasize delayed processing significantly alters cytokine levels, highlighting the importance of prompt, standardized processing and careful consideration of pre-analytical factors for reliable cytokine quantitation in clinical studies."", ""score"": 69.90446472167969, ""year"": ""2025"", ""source"": {""title"": ""Effect of delayed blood centrifugation on cytokine quantitation in serum and plasma."", ""pmid"": ""40791022"", ""doi"": ""10.1080/17576180.2025.2544521"", ""url"": ""https://pubmed.ncbi.nlm.nih.gov/40791022/"", ""journal"": """", ""year"": ""2025"", ""authors"": ""Yang X, Arceo T, Fischer SK.""}, ""ext_id"": ""40791022"", ""doi"": ""10.1080/17576180.2025.2544521"", ""authors"": ""Yang X, Arceo T, Fischer SK."", ""journal"": """", ""url"": ""https://pubmed.ncbi.nlm.nih.gov/40791022/"", ""score_components"": {}}, {""citation_id"": 2, ""title"": ""Impact of sample processing delays on plasma markers of inflammation, chemotaxis, cell death, and blood coagulation."", ""evidence_text"": ""One potential limitation of this approach is that delayed processing may alter sample characteristics.Objective. To determine whether delays in blood sample processing affect the stability of cytokines (IL-6, TNF, IL-10, IFN-γ), chemokines (IL-8, IP-10, MCP-1, MCP-4, MIP-1α, MIP-1β), cell-free DNA (cfDNA) (released by dying cells), and blood clotting potential in human blood samples.Methods. Venous blood was collected into EDTA and citrate sample tubes and stored at room temperature (RT) or 4°C for progressive intervals up to 72 hours, prior to processing."", ""score"": 66.26566314697266, ""year"": ""2024"", ""source"": {""title"": ""Impact of sample processing delays on plasma markers of inflammation, chemotaxis, cell death, and blood coagulation."", ""pmid"": ""39480839"", ""doi"": ""10.1371/journal.pone.0311921"", ""url"": ""https://pmc.ncbi.nlm.nih.gov/articles/PMC11527306/"", ""journal"": """", ""year"": ""2024"", ""authors"": ""Gyorffy VJ, Dwivedi DJ, Liaw PC, Fox-Robichaud AE, Tsang JLY, Binnie A.""}, ""ext_id"": ""39480839"", ""doi"": ""10.1371/journal.pone.0311921"", ""authors"": ""Gyorffy VJ, Dwivedi DJ, Liaw PC, Fox-Robichaud AE, Tsang JLY, Binnie A."", ""journal"": """", ""url"": ""https://pmc.ncbi.nlm.nih.gov/articles/PMC11527306/"", ""score_components"": {}}, {""citation_id"": 3, ""title"": ""Analysis of purines and pyrimidines across biospecimens: influence of storage temperature and duration."", ""evidence_text"": ""Plasma inosine also increased above the reference range after a 48-hour delay in processing refrigerated whole blood. In contrast, hypoxanthine remained stable in DBS for up to 48 h, regardless of the card storage temperature. Therefore, DBS is a feasible alternative specimen type to measure hypoxanthine if frozen shipping, delayed centrifugation, or storage interval is a concern."", ""score"": 63.435707092285156, ""year"": ""2026"", ""source"": {""title"": ""Analysis of purines and pyrimidines across biospecimens: influence of storage temperature and duration."", ""pmid"": ""42218223"", ""doi"": ""10.1038/s41598-026-54454-8"", ""url"": ""https://pubmed.ncbi.nlm.nih.gov/42218223/"", ""journal"": """", ""year"": ""2026"", ""authors"": ""Wurth R, Turgeon C, Lacey J, Stander Z, Gavrilov D, Hall PL, Matern D, Schultz M, Tortorelli S, Oglesbee D.""}, ""ext_id"": ""42218223"", ""doi"": ""10.1038/s41598-026-54454-8"", ""authors"": ""Wurth R, Turgeon C, Lacey J, Stander Z, Gavrilov D, Hall PL, Matern D, Schultz M, Tortorelli S, Oglesbee D."", ""journal"": """", ""url"": ""https://pubmed.ncbi.nlm.nih.gov/42218223/"", ""score_components"": {}}, {""citation_id"": 4, ""title"": ""The effect of preanalytical factors on cerebrospinal fluid and plasma proteomics: a systematic experimental study."", ""evidence_text"": ""PAVs included storage temperature, processing delay, centrifugation speed, storage tube type, freeze-thaw cycles, and blood contamination. Protein abundance was quantified using SomaScan. Selected analytes were further evaluated using orthogonal immunoassays."", ""score"": 63.287628173828125, ""year"": ""2026"", ""source"": {""title"": ""The effect of preanalytical factors on cerebrospinal fluid and plasma proteomics: a systematic experimental study."", ""pmid"": ""42174445"", ""doi"": ""10.1186/s12014-026-09604-5"", ""url"": ""https://pubmed.ncbi.nlm.nih.gov/42174445/"", ""journal"": """", ""year"": ""2026"", ""authors"": ""Tatsumi M, Miyakawa T, Enokida T, Kaneko H, Saito K, Hidese S, Takahashi Y, Goto Y, Kunugi H, Hattori K.""}, ""ext_id"": ""42174445"", ""doi"": ""10.1186/s12014-026-09604-5"", ""authors"": ""Tatsumi M, Miyakawa T, Enokida T, Kaneko H, Saito K, Hidese S, Takahashi Y, Goto Y, Kunugi H, Hattori K."", ""journal"": """", ""url"": ""https://pubmed.ncbi.nlm.nih.gov/42174445/"", ""score_components"": {}}, {""citation_id"": 5, ""title"": ""Plasma Proteome Stability at the Time of Sudden Cardiac Arrest: Implications for Biomarker Studies in Post-Resuscitation Survival."", ""evidence_text"": ""Global proteomic variation was primarily driven by interindividual differences, with less influence from storage conditions or delays. Notably, 87.5% of the candidate biomarkers (14/16) remained stable under ideal storage (4 °C storage immediately after blood collection), and 62.5% (10/16) retained stability even under the \""worst-case\"" conditions (room temperature (RT) storage for 8 h after blood collection) for up to 24 h. However, several proteins lost stability with delayed processing even under ideal storage."", ""score"": 63.08345031738281, ""year"": ""2026"", ""source"": {""title"": ""Plasma Proteome Stability at the Time of Sudden Cardiac Arrest: Implications for Biomarker Studies in Post-Resuscitation Survival."", ""pmid"": ""41410264"", ""doi"": ""10.1021/acs.jproteome.5c00783"", ""url"": ""https://pubmed.ncbi.nlm.nih.gov/41410264/"", ""journal"": """", ""year"": ""2026"", ""authors"": ""Lee J, Nakamura K, Fu Q, Reinier K, Haghani A, Chugh H, Chugh SS, Van Eyk JE.""}, ""ext_id"": ""41410264"", ""doi"": ""10.1021/acs.jproteome.5c00783"", ""authors"": ""Lee J, Nakamura K, Fu Q, Reinier K, Haghani A, Chugh H, Chugh SS, Van Eyk JE."", ""journal"": """", ""url"": ""https://pubmed.ncbi.nlm.nih.gov/41410264/"", ""score_components"": {}}]",ok,,
BQ012,Are plasma chemokines stable after delayed processing up to 72 hours at room temperature or 4 degrees Celsius?,"In the Gyorffy et al. study, plasma chemokines were not significantly affected by delayed processing up to 72 hours at either room temperature or 4 °C. This applies to their measured chemokines and study design.","[""chemokines were measured in plasma"", ""delayed sample processing reached 72 hours"", ""room temperature and 4 degrees Celsius storage were tested"", ""no significant changes were observed for chemokines""]",Evidence-based draft benchmark row. Use for development/testing; later verify with supervisor/domain expert.,ranker_medcpt,medcpt,"(TITLE_ABS:""Are plasma chemokines stable after delayed processing up to 72 hours at room temperature or 4 degrees Celsius?"") OR (TITLE_ABS:(plasma AND stable AND chemokines)) OR (TITLE_ABS:(plasma AND stable AND chemokines AND delayed)) OR (TITLE_ABS:(""room temperature"" OR plasma OR ""blood plasma"" OR chemokines OR stability OR stable OR unstable OR delayed OR delay OR ""processing delay"" OR ""delayed processing"" OR processing OR room OR temperature OR temperatures)) OR (TITLE_ABS:(plasma OR chemokines OR stable OR delayed OR processing OR room OR temperature))","[""plasma"", ""chemokines"", ""stable"", ""delayed"", ""processing"", ""room"", ""temperature""]",8,75,5,5,"[1] Our data showed only IL-2Ra remained stable across all conditions. The remaining cytokine concentrations were significantly impacted by processing delay and storage temperature, with changes evident as early as 3 hours and more pronounced at 24 and 48 hours ( p < 0.05). Storing blood at 4°C generally mitigated changes compared to room temperature, but analyte-specific and matrix-dependent variations persisted.Conclusion.
Source: Effect of delayed blood centrifugation on cytokine quantitation in serum and plasma.. 2025. PMID: 40791022. DOI: 10.1080/17576180.2025.2544521

[2] Plasma inosine also increased above the reference range after a 48-hour delay in processing refrigerated whole blood. In contrast, hypoxanthine remained stable in DBS for up to 48 h, regardless of the card storage temperature. Therefore, DBS is a feasible alternative specimen type to measure hypoxanthine if frozen shipping, delayed centrifugation, or storage interval is a concern.
Source: Analysis of purines and pyrimidines across biospecimens: influence of storage temperature and duration.. 2026. PMID: 42218223. DOI: 10.1038/s41598-026-54454-8

[3] Furthermore, to mimic operational constraints, blood samples were stored at room temperature with delayed processing, and serum was extracted at 24 and 48h. Protein stability was analyzed using the Olink Explore HT platform, profiling up to 5,400 proteins. Of the 3,201 detectable proteins, 2,789 (87%) proteins remained stable at 24h and 2,731 (85%) at 48h, showing resilience to delayed processing.
Source: Impact of Delayed Biospecimen Processing on Serum Proteomics in Samples from a Parabolic Flight. 2025. PMID: PPR1090820. DOI: 10.21203/rs.3.rs-7530087/v1

[4] Human whole blood, plasma or serum containing colistin (2; 10; 20 mg/L) or colistin methanesulphonate (2; 10; 20 mg/L) was stored at room temperatrure or at 37 °C for a predetermined time interval. The concentrations of colistin in colistin spiked samples, and formed colistin in colistin methanesulphonate spiked samples, were analysed by LC-MS method.Results. Findings indicate that colistin A and B were stable at the room temperature, but degradation accelerated at 37 °C, particularly at lower concentrations.
Source: Stability of Colistin Active Forms in Biological Matrices: Effect of Temperature and Time.. 2026. PMID: 41636946. DOI: 10.1007/s13318-025-00974-z

[5] Following delayed processing of CSC serum samples (48 h at room temperature), clinically significant differences in potassium, bicarbonate, and glucose were observed. Frozen samples could not be analyzed. A 48 h delay at 40°C caused clinically significant differences in all analytes except creatinine, lipid panel, prostate-specific antigen, and the thyroid cascade.Conclusion.
Source: Feasibility of Capillary Self-Collected Blood Specimens for Routine Outpatient Laboratory Testing.. 2026. PMID: 42206470. DOI: 10.1093/jalm/jfag075","[{""citation_id"": 1, ""title"": ""Effect of delayed blood centrifugation on cytokine quantitation in serum and plasma."", ""evidence_text"": ""Our data showed only IL-2Ra remained stable across all conditions. The remaining cytokine concentrations were significantly impacted by processing delay and storage temperature, with changes evident as early as 3 hours and more pronounced at 24 and 48 hours ( p < 0.05). Storing blood at 4°C generally mitigated changes compared to room temperature, but analyte-specific and matrix-dependent variations persisted.Conclusion."", ""score"": 64.46726989746094, ""year"": ""2025"", ""source"": {""title"": ""Effect of delayed blood centrifugation on cytokine quantitation in serum and plasma."", ""pmid"": ""40791022"", ""doi"": ""10.1080/17576180.2025.2544521"", ""url"": ""https://pubmed.ncbi.nlm.nih.gov/40791022/"", ""journal"": """", ""year"": ""2025"", ""authors"": ""Yang X, Arceo T, Fischer SK.""}, ""ext_id"": ""40791022"", ""doi"": ""10.1080/17576180.2025.2544521"", ""authors"": ""Yang X, Arceo T, Fischer SK."", ""journal"": """", ""url"": ""https://pubmed.ncbi.nlm.nih.gov/40791022/"", ""score_components"": {}}, {""citation_id"": 2, ""title"": ""Analysis of purines and pyrimidines across biospecimens: influence of storage temperature and duration."", ""evidence_text"": ""Plasma inosine also increased above the reference range after a 48-hour delay in processing refrigerated whole blood. In contrast, hypoxanthine remained stable in DBS for up to 48 h, regardless of the card storage temperature. Therefore, DBS is a feasible alternative specimen type to measure hypoxanthine if frozen shipping, delayed centrifugation, or storage interval is a concern."", ""score"": 63.023460388183594, ""year"": ""2026"", ""source"": {""title"": ""Analysis of purines and pyrimidines across biospecimens: influence of storage temperature and duration."", ""pmid"": ""42218223"", ""doi"": ""10.1038/s41598-026-54454-8"", ""url"": ""https://pubmed.ncbi.nlm.nih.gov/42218223/"", ""journal"": """", ""year"": ""2026"", ""authors"": ""Wurth R, Turgeon C, Lacey J, Stander Z, Gavrilov D, Hall PL, Matern D, Schultz M, Tortorelli S, Oglesbee D.""}, ""ext_id"": ""42218223"", ""doi"": ""10.1038/s41598-026-54454-8"", ""authors"": ""Wurth R, Turgeon C, Lacey J, Stander Z, Gavrilov D, Hall PL, Matern D, Schultz M, Tortorelli S, Oglesbee D."", ""journal"": """", ""url"": ""https://pubmed.ncbi.nlm.nih.gov/42218223/"", ""score_components"": {}}, {""citation_id"": 3, ""title"": ""Impact of Delayed Biospecimen Processing on Serum Proteomics in Samples from a Parabolic Flight"", ""evidence_text"": ""Furthermore, to mimic operational constraints, blood samples were stored at room temperature with delayed processing, and serum was extracted at 24 and 48h. Protein stability was analyzed using the Olink Explore HT platform, profiling up to 5,400 proteins. Of the 3,201 detectable proteins, 2,789 (87%) proteins remained stable at 24h and 2,731 (85%) at 48h, showing resilience to delayed processing."", ""score"": 62.94056701660156, ""year"": ""2025"", ""source"": {""title"": ""Impact of Delayed Biospecimen Processing on Serum Proteomics in Samples from a Parabolic Flight"", ""pmid"": ""PPR1090820"", ""doi"": ""10.21203/rs.3.rs-7530087/v1"", ""url"": ""https://doi.org/10.21203/rs.3.rs-7530087/v1"", ""journal"": """", ""year"": ""2025"", ""authors"": ""Momin Z, Wang Q, Krishnavajhala A, Gingras M, Santhanam A, Walker K, Qin X, Mahjabeen F, Margairaz P, Blazianu L, Wu J, Gibbs RA, Urquieta E, Doddapaneni H.""}, ""ext_id"": ""PPR1090820"", ""doi"": ""10.21203/rs.3.rs-7530087/v1"", ""authors"": ""Momin Z, Wang Q, Krishnavajhala A, Gingras M, Santhanam A, Walker K, Qin X, Mahjabeen F, Margairaz P, Blazianu L, Wu J, Gibbs RA, Urquieta E, Doddapaneni H."", ""journal"": """", ""url"": ""https://doi.org/10.21203/rs.3.rs-7530087/v1"", ""score_components"": {}}, {""citation_id"": 4, ""title"": ""Stability of Colistin Active Forms in Biological Matrices: Effect of Temperature and Time."", ""evidence_text"": ""Human whole blood, plasma or serum containing colistin (2; 10; 20 mg/L) or colistin methanesulphonate (2; 10; 20 mg/L) was stored at room temperatrure or at 37 °C for a predetermined time interval. The concentrations of colistin in colistin spiked samples, and formed colistin in colistin methanesulphonate spiked samples, were analysed by LC-MS method.Results. Findings indicate that colistin A and B were stable at the room temperature, but degradation accelerated at 37 °C, particularly at lower concentrations."", ""score"": 62.711334228515625, ""year"": ""2026"", ""source"": {""title"": ""Stability of Colistin Active Forms in Biological Matrices: Effect of Temperature and Time."", ""pmid"": ""41636946"", ""doi"": ""10.1007/s13318-025-00974-z"", ""url"": ""https://pubmed.ncbi.nlm.nih.gov/41636946/"", ""journal"": """", ""year"": ""2026"", ""authors"": ""Kubíčková V, Rychlíčková J, Urbánek K, Rácová Z.""}, ""ext_id"": ""41636946"", ""doi"": ""10.1007/s13318-025-00974-z"", ""authors"": ""Kubíčková V, Rychlíčková J, Urbánek K, Rácová Z."", ""journal"": """", ""url"": ""https://pubmed.ncbi.nlm.nih.gov/41636946/"", ""score_components"": {}}, {""citation_id"": 5, ""title"": ""Feasibility of Capillary Self-Collected Blood Specimens for Routine Outpatient Laboratory Testing."", ""evidence_text"": ""Following delayed processing of CSC serum samples (48 h at room temperature), clinically significant differences in potassium, bicarbonate, and glucose were observed. Frozen samples could not be analyzed. A 48 h delay at 40°C caused clinically significant differences in all analytes except creatinine, lipid panel, prostate-specific antigen, and the thyroid cascade.Conclusion."", ""score"": 61.54417419433594, ""year"": ""2026"", ""source"": {""title"": ""Feasibility of Capillary Self-Collected Blood Specimens for Routine Outpatient Laboratory Testing."", ""pmid"": ""42206470"", ""doi"": ""10.1093/jalm/jfag075"", ""url"": ""https://pubmed.ncbi.nlm.nih.gov/42206470/"", ""journal"": """", ""year"": ""2026"", ""authors"": ""Swartchick CB, Gurudu R, Lexvold NS, Lasho MA, Baumann NA, Block DR, Katzman BM, Meeusen JW.""}, ""ext_id"": ""42206470"", ""doi"": ""10.1093/jalm/jfag075"", ""authors"": ""Swartchick CB, Gurudu R, Lexvold NS, Lasho MA, Baumann NA, Block DR, Katzman BM, Meeusen JW."", ""journal"": """", ""url"": ""https://pubmed.ncbi.nlm.nih.gov/42206470/"", ""score_components"": {}}]",ok,,
BQ013,Is plasma cell-free DNA affected by sample processing delays up to 72 hours at room temperature or 4 degrees Celsius?,"In the Gyorffy et al. study, plasma cfDNA was not significantly affected by delayed processing up to 72 hours at room temperature or 4 °C. The study measured cfDNA using Picogreen DNA quantification.","[""cfDNA was measured in plasma"", ""delays up to 72 hours were tested"", ""both room temperature and 4 degrees Celsius were tested"", ""no significant changes were observed for cfDNA""]",Evidence-based draft benchmark row. Use for development/testing; later verify with supervisor/domain expert.,ranker_medcpt,medcpt,"(TITLE_ABS:""Is plasma cell-free DNA affected by sample processing delays up to 72 hours at room temperature or 4 degrees Celsius?"") OR (TITLE_ABS:(plasma AND processing AND ""cell-free"")) OR (TITLE_ABS:(plasma AND processing AND ""cell-free"" AND dna)) OR (TITLE_ABS:(""sample processing"" OR ""processing delay"" OR ""room temperature"" OR plasma OR ""blood plasma"" OR ""cell-free"" OR dna OR processing OR delays OR room OR temperature OR temperatures)) OR (TITLE_ABS:(plasma OR ""cell-free"" OR dna OR processing OR delays OR room OR temperature))","[""plasma"", ""cell-free"", ""dna"", ""processing"", ""delays"", ""room"", ""temperature""]",8,76,5,5,"[1] In the prospective cohort, cfDNA concentrations increased after 24 h and evDNA after 48 h at room temperature, while retrospective analysis revealed earlier changes (cfDNA: 6 h; evDNA: 24 h). Storage conditions influenced both analytes, as short-term refrigeration (4 °C) better preserved DNA quality than -80 °C freezing, while extracted DNA remained stable at -80 °C. Acid citrate dextrose (ACD) and K 2 EDTA tubes performed similarly under prompt processing.
Source: Pre-analytical optimization of cell-free DNA and extracellular vesicle-derived DNA for mutation detection in liquid biopsies.. 2026. PMID: 41725045. DOI: 10.1002/1878-0261.70222

[2] Plasma cfDNA was extracted after various storage durations and temperatures, with aliquots from immediately processed blood subsequently stored at -80°C for different time intervals. Except for LINE1-97, most biomarkers showed significantly higher levels in plasma isolated from whole blood stored at room temperature compared to plasma processed immediately. Storage at 4°C resulted in fragment-specific effects: ALU-247/115 levels remained stable at 3 hours but decreased at 6 hours, while LINE1-266/97 levels increased at both time points.
Source: Pre-analytical storage effects on ALU- and LINE1-derived cell-free DNA biomarkers in whole blood and plasma.. 2026. PMID: 41498487. DOI: 10.17305/bb.2026.13409

[3] One potential limitation of this approach is that delayed processing may alter sample characteristics.Objective. To determine whether delays in blood sample processing affect the stability of cytokines (IL-6, TNF, IL-10, IFN-γ), chemokines (IL-8, IP-10, MCP-1, MCP-4, MIP-1α, MIP-1β), cell-free DNA (cfDNA) (released by dying cells), and blood clotting potential in human blood samples.Methods. Venous blood was collected into EDTA and citrate sample tubes and stored at room temperature (RT) or 4°C for progressive intervals up to 72 hours, prior to processing.
Source: Impact of sample processing delays on plasma markers of inflammation, chemotaxis, cell death, and blood coagulation.. 2024. PMID: 39480839. DOI: 10.1371/journal.pone.0311921

[4] Circulating cell-free DNA (cfDNA) is valuable for molecular testing, but typically requires specialized collection tubes or immediate processing. We investigated whether residual plasma from heparin separators, routinely used in clinical chemistry, could serve as an accessible and underused source for cfDNA. We analyzed matched plasma samples from healthy volunteers in two experiments: an immediate-processing comparison across EDTA, Streck, and heparin separator tubes (n=5), and a clinical-handling simulation comparing EDTA and heparin separator tubes under delayed processing at room temperature or 4°C (n=6).
Source: Adapting clinical chemistry plasma as a source for liquid biopsies.. 2026. PMID: 42065375. DOI: 10.7554/elife.108708

[5] Reverse elution enabled efficient desalting and up to fourfold DNA concentration under mild, aqueous conditions. The extracts showed no qPCR inhibition and displayed a cfDNA-like size profile with a cutoff around 750 bp, indicating selective enrichment of short fragments. Although the total yield was slightly lower than that of the QIAamp Circulating Nucleic Acid Kit (QIAGEN), the ATPS workflow substantially reduced processing time, equipment needs, and cost.
Source: Proof of concept for aqueous two-phase system-based extraction of cell-free DNA from plasma for liquid biopsy applications.. 2026. PMID: 41927655. DOI: 10.1038/s41598-026-45585-z","[{""citation_id"": 1, ""title"": ""Pre-analytical optimization of cell-free DNA and extracellular vesicle-derived DNA for mutation detection in liquid biopsies."", ""evidence_text"": ""In the prospective cohort, cfDNA concentrations increased after 24 h and evDNA after 48 h at room temperature, while retrospective analysis revealed earlier changes (cfDNA: 6 h; evDNA: 24 h). Storage conditions influenced both analytes, as short-term refrigeration (4 °C) better preserved DNA quality than -80 °C freezing, while extracted DNA remained stable at -80 °C. Acid citrate dextrose (ACD) and K 2 EDTA tubes performed similarly under prompt processing."", ""score"": 64.26800537109375, ""year"": ""2026"", ""source"": {""title"": ""Pre-analytical optimization of cell-free DNA and extracellular vesicle-derived DNA for mutation detection in liquid biopsies."", ""pmid"": ""41725045"", ""doi"": ""10.1002/1878-0261.70222"", ""url"": ""https://pubmed.ncbi.nlm.nih.gov/41725045/"", ""journal"": """", ""year"": ""2026"", ""authors"": ""Dohmen J, De Santis L, Stephens BM, Bernard V, Kalff JC, Braun L, Leyendecker P, Röttgen J, Weissinger D, Maitra A, Guerrero PA, Semaan A.""}, ""ext_id"": ""41725045"", ""doi"": ""10.1002/1878-0261.70222"", ""authors"": ""Dohmen J, De Santis L, Stephens BM, Bernard V, Kalff JC, Braun L, Leyendecker P, Röttgen J, Weissinger D, Maitra A, Guerrero PA, Semaan A."", ""journal"": """", ""url"": ""https://pubmed.ncbi.nlm.nih.gov/41725045/"", ""score_components"": {}}, {""citation_id"": 2, ""title"": ""Pre-analytical storage effects on ALU- and LINE1-derived cell-free DNA biomarkers in whole blood and plasma."", ""evidence_text"": ""Plasma cfDNA was extracted after various storage durations and temperatures, with aliquots from immediately processed blood subsequently stored at -80°C for different time intervals. Except for LINE1-97, most biomarkers showed significantly higher levels in plasma isolated from whole blood stored at room temperature compared to plasma processed immediately. Storage at 4°C resulted in fragment-specific effects: ALU-247/115 levels remained stable at 3 hours but decreased at 6 hours, while LINE1-266/97 levels increased at both time points."", ""score"": 63.74650192260742, ""year"": ""2026"", ""source"": {""title"": ""Pre-analytical storage effects on ALU- and LINE1-derived cell-free DNA biomarkers in whole blood and plasma."", ""pmid"": ""41498487"", ""doi"": ""10.17305/bb.2026.13409"", ""url"": ""https://pmc.ncbi.nlm.nih.gov/articles/PMC13130748/"", ""journal"": """", ""year"": ""2026"", ""authors"": ""Zhao L, Ying C, Hu S, Wang X, Li Q, Cai Y.""}, ""ext_id"": ""41498487"", ""doi"": ""10.17305/bb.2026.13409"", ""authors"": ""Zhao L, Ying C, Hu S, Wang X, Li Q, Cai Y."", ""journal"": """", ""url"": ""https://pmc.ncbi.nlm.nih.gov/articles/PMC13130748/"", ""score_components"": {}}, {""citation_id"": 3, ""title"": ""Impact of sample processing delays on plasma markers of inflammation, chemotaxis, cell death, and blood coagulation."", ""evidence_text"": ""One potential limitation of this approach is that delayed processing may alter sample characteristics.Objective. To determine whether delays in blood sample processing affect the stability of cytokines (IL-6, TNF, IL-10, IFN-γ), chemokines (IL-8, IP-10, MCP-1, MCP-4, MIP-1α, MIP-1β), cell-free DNA (cfDNA) (released by dying cells), and blood clotting potential in human blood samples.Methods. Venous blood was collected into EDTA and citrate sample tubes and stored at room temperature (RT) or 4°C for progressive intervals up to 72 hours, prior to processing."", ""score"": 62.45558547973633, ""year"": ""2024"", ""source"": {""title"": ""Impact of sample processing delays on plasma markers of inflammation, chemotaxis, cell death, and blood coagulation."", ""pmid"": ""39480839"", ""doi"": ""10.1371/journal.pone.0311921"", ""url"": ""https://pmc.ncbi.nlm.nih.gov/articles/PMC11527306/"", ""journal"": """", ""year"": ""2024"", ""authors"": ""Gyorffy VJ, Dwivedi DJ, Liaw PC, Fox-Robichaud AE, Tsang JLY, Binnie A.""}, ""ext_id"": ""39480839"", ""doi"": ""10.1371/journal.pone.0311921"", ""authors"": ""Gyorffy VJ, Dwivedi DJ, Liaw PC, Fox-Robichaud AE, Tsang JLY, Binnie A."", ""journal"": """", ""url"": ""https://pmc.ncbi.nlm.nih.gov/articles/PMC11527306/"", ""score_components"": {}}, {""citation_id"": 4, ""title"": ""Adapting clinical chemistry plasma as a source for liquid biopsies."", ""evidence_text"": ""Circulating cell-free DNA (cfDNA) is valuable for molecular testing, but typically requires specialized collection tubes or immediate processing. We investigated whether residual plasma from heparin separators, routinely used in clinical chemistry, could serve as an accessible and underused source for cfDNA. We analyzed matched plasma samples from healthy volunteers in two experiments: an immediate-processing comparison across EDTA, Streck, and heparin separator tubes (n=5), and a clinical-handling simulation comparing EDTA and heparin separator tubes under delayed processing at room temperature or 4°C (n=6)."", ""score"": 62.29499816894531, ""year"": ""2026"", ""source"": {""title"": ""Adapting clinical chemistry plasma as a source for liquid biopsies."", ""pmid"": ""42065375"", ""doi"": ""10.7554/elife.108708"", ""url"": ""https://pmc.ncbi.nlm.nih.gov/articles/PMC13134851/"", ""journal"": """", ""year"": ""2026"", ""authors"": ""Ding SC, Yu J, Liao T, Ahmann L, Yao Y, Ho C, Wang L, Pinsky BA, Gu W.""}, ""ext_id"": ""42065375"", ""doi"": ""10.7554/elife.108708"", ""authors"": ""Ding SC, Yu J, Liao T, Ahmann L, Yao Y, Ho C, Wang L, Pinsky BA, Gu W."", ""journal"": """", ""url"": ""https://pmc.ncbi.nlm.nih.gov/articles/PMC13134851/"", ""score_components"": {}}, {""citation_id"": 5, ""title"": ""Proof of concept for aqueous two-phase system-based extraction of cell-free DNA from plasma for liquid biopsy applications."", ""evidence_text"": ""Reverse elution enabled efficient desalting and up to fourfold DNA concentration under mild, aqueous conditions. The extracts showed no qPCR inhibition and displayed a cfDNA-like size profile with a cutoff around 750 bp, indicating selective enrichment of short fragments. Although the total yield was slightly lower than that of the QIAamp Circulating Nucleic Acid Kit (QIAGEN), the ATPS workflow substantially reduced processing time, equipment needs, and cost."", ""score"": 57.81446838378906, ""year"": ""2026"", ""source"": {""title"": ""Proof of concept for aqueous two-phase system-based extraction of cell-free DNA from plasma for liquid biopsy applications."", ""pmid"": ""41927655"", ""doi"": ""10.1038/s41598-026-45585-z"", ""url"": ""https://pmc.ncbi.nlm.nih.gov/articles/PMC13046839/"", ""journal"": """", ""year"": ""2026"", ""authors"": ""Meutelet R, Buerfent BC, Hess T, Teply-Szymanski J, Jank P, Oldenburg J, Rühl H, Hubbuch J.""}, ""ext_id"": ""41927655"", ""doi"": ""10.1038/s41598-026-45585-z"", ""authors"": ""Meutelet R, Buerfent BC, Hess T, Teply-Szymanski J, Jank P, Oldenburg J, Rühl H, Hubbuch J."", ""journal"": """", ""url"": ""https://pmc.ncbi.nlm.nih.gov/articles/PMC13046839/"", ""score_components"": {}}]",ok,,
BQ014,Does delayed processing up to 72 hours affect plasma blood clotting potential measured by thrombin generation?,"In the Gyorffy et al. study, delayed processing up to 72 hours at room temperature or 4 °C did not significantly affect thrombin formation or blood clotting potential in plasma samples.","[""blood clotting potential was measured by thrombin generation assay"", ""delayed processing was tested up to 72 hours"", ""room temperature and 4 degrees Celsius were tested"", ""thrombin formation was not significantly affected""]",Evidence-based draft benchmark row. Use for development/testing; later verify with supervisor/domain expert.,ranker_medcpt,medcpt,"(TITLE_ABS:""Does delayed processing up to 72 hours affect plasma blood clotting potential measured by thrombin generation?"") OR (TITLE_ABS:(plasma AND delayed AND processing)) OR (TITLE_ABS:(plasma AND delayed AND processing AND blood)) OR (TITLE_ABS:(delayed OR delay OR ""processing delay"" OR ""delayed processing"" OR processing OR plasma OR ""blood plasma"" OR blood OR clotting OR potential OR measured OR thrombin OR generation)) OR (TITLE_ABS:(delayed OR processing OR plasma OR blood OR clotting OR potential OR measured OR thrombin OR generation))","[""delayed"", ""processing"", ""plasma"", ""blood"", ""clotting"", ""potential"", ""measured"", ""thrombin"", ""generation""]",8,80,5,5,"[1] Blood clotting potential was measured using a thrombin generation assay.Results. Blood samples were collected from 9 intensive care unit (ICU) patients and 7 healthy volunteers. Admission diagnoses for the ICU patients included sepsis, trauma, ruptured abdominal aortic aneurysm, intracranial hemorrhage, gastrointestinal bleed, and hyperkalemia.
Source: Impact of sample processing delays on plasma markers of inflammation, chemotaxis, cell death, and blood coagulation.. 2024. PMID: 39480839. DOI: 10.1371/journal.pone.0311921

[2] Our data showed only IL-2Ra remained stable across all conditions. The remaining cytokine concentrations were significantly impacted by processing delay and storage temperature, with changes evident as early as 3 hours and more pronounced at 24 and 48 hours ( p < 0.05). Storing blood at 4°C generally mitigated changes compared to room temperature, but analyte-specific and matrix-dependent variations persisted.Conclusion.
Source: Effect of delayed blood centrifugation on cytokine quantitation in serum and plasma.. 2025. PMID: 40791022. DOI: 10.1080/17576180.2025.2544521

[3] While 72-86% of protein groups were qualitatively identified in samples of all three preparation time conditions from the same donor, quantitative analysis revealed significant alterations in the plasma proteome with as little as a 4-h delay in plasma preparation. Notably, von Willebrand factor (VWF), a plasma biomarker currently used in several clinical tests, was found to have decreased levels in samples with delayed processing. Peptide-level analysis revealed that several VWF-derived peptides were less susceptible to degradation during storage.
Source: Peptide-Level Biomarker as a New Direction for Blood-Based Testing: Evaluation of Plasma Proteome Variability Induced by Prolonged on-Ice Storage.. 2026. PMID: 41401394. DOI: 10.1021/acs.jproteome.5c00245

[4] Anti-spike (S) IgG and anti-nucleocapsid (N) total immunoglobulin levels were compared for 20 paired plasma/serum samples tested fresh and frozen after separation from cellular components on Day 5 or after ≤40 days of 4°C storage; 10 paired plasma/serum samples separated on Day 5 and tested immediately or after ≤67 days of 4°C storage; and 85 plasma and 950 serum samples tested fresh on Day 1 and after ≤209 days of -20°C storage post-separation. Proportional Bland-Altman analyses were used to estimate average bias and 95% limits of agreement (LOA).Results. Antibody reactivity was stable over time regardless of serum or plasma processing delays or prolonged refrigerated or frozen storage.
Source: Impact of delayed blood donation sample processing and testing on SARS-CoV-2 serological assay results in an evolving pandemic response.. 2026. PMID: 42267669. DOI: 10.1111/trf.70283

[5] The source of CHI3L1 production in PBMCs was determined by flow cytometry.Results. A strong correlation was found between serum, plasma, and CSF CHI3L1 levels. Serum CHI3L1 levels remained stable with delayed processing up to 6 hours and for up to three freeze-thaw cycles.
Source: Impact of preanalytical factors on blood CHI3L1 levels.. 2025. PMID: 41704533. DOI: 10.3389/fimmu.2025.1720914","[{""citation_id"": 1, ""title"": ""Impact of sample processing delays on plasma markers of inflammation, chemotaxis, cell death, and blood coagulation."", ""evidence_text"": ""Blood clotting potential was measured using a thrombin generation assay.Results. Blood samples were collected from 9 intensive care unit (ICU) patients and 7 healthy volunteers. Admission diagnoses for the ICU patients included sepsis, trauma, ruptured abdominal aortic aneurysm, intracranial hemorrhage, gastrointestinal bleed, and hyperkalemia."", ""score"": 64.56890869140625, ""year"": ""2024"", ""source"": {""title"": ""Impact of sample processing delays on plasma markers of inflammation, chemotaxis, cell death, and blood coagulation."", ""pmid"": ""39480839"", ""doi"": ""10.1371/journal.pone.0311921"", ""url"": ""https://pmc.ncbi.nlm.nih.gov/articles/PMC11527306/"", ""journal"": """", ""year"": ""2024"", ""authors"": ""Gyorffy VJ, Dwivedi DJ, Liaw PC, Fox-Robichaud AE, Tsang JLY, Binnie A.""}, ""ext_id"": ""39480839"", ""doi"": ""10.1371/journal.pone.0311921"", ""authors"": ""Gyorffy VJ, Dwivedi DJ, Liaw PC, Fox-Robichaud AE, Tsang JLY, Binnie A."", ""journal"": """", ""url"": ""https://pmc.ncbi.nlm.nih.gov/articles/PMC11527306/"", ""score_components"": {}}, {""citation_id"": 2, ""title"": ""Effect of delayed blood centrifugation on cytokine quantitation in serum and plasma."", ""evidence_text"": ""Our data showed only IL-2Ra remained stable across all conditions. The remaining cytokine concentrations were significantly impacted by processing delay and storage temperature, with changes evident as early as 3 hours and more pronounced at 24 and 48 hours ( p < 0.05). Storing blood at 4°C generally mitigated changes compared to room temperature, but analyte-specific and matrix-dependent variations persisted.Conclusion."", ""score"": 61.82775115966797, ""year"": ""2025"", ""source"": {""title"": ""Effect of delayed blood centrifugation on cytokine quantitation in serum and plasma."", ""pmid"": ""40791022"", ""doi"": ""10.1080/17576180.2025.2544521"", ""url"": ""https://pubmed.ncbi.nlm.nih.gov/40791022/"", ""journal"": """", ""year"": ""2025"", ""authors"": ""Yang X, Arceo T, Fischer SK.""}, ""ext_id"": ""40791022"", ""doi"": ""10.1080/17576180.2025.2544521"", ""authors"": ""Yang X, Arceo T, Fischer SK."", ""journal"": """", ""url"": ""https://pubmed.ncbi.nlm.nih.gov/40791022/"", ""score_components"": {}}, {""citation_id"": 3, ""title"": ""Peptide-Level Biomarker as a New Direction for Blood-Based Testing: Evaluation of Plasma Proteome Variability Induced by Prolonged on-Ice Storage."", ""evidence_text"": ""While 72-86% of protein groups were qualitatively identified in samples of all three preparation time conditions from the same donor, quantitative analysis revealed significant alterations in the plasma proteome with as little as a 4-h delay in plasma preparation. Notably, von Willebrand factor (VWF), a plasma biomarker currently used in several clinical tests, was found to have decreased levels in samples with delayed processing. Peptide-level analysis revealed that several VWF-derived peptides were less susceptible to degradation during storage."", ""score"": 60.42007827758789, ""year"": ""2026"", ""source"": {""title"": ""Peptide-Level Biomarker as a New Direction for Blood-Based Testing: Evaluation of Plasma Proteome Variability Induced by Prolonged on-Ice Storage."", ""pmid"": ""41401394"", ""doi"": ""10.1021/acs.jproteome.5c00245"", ""url"": ""https://pubmed.ncbi.nlm.nih.gov/41401394/"", ""journal"": """", ""year"": ""2026"", ""authors"": ""Peng X, Zhang Q, Omstead A, Mansoor R, Laframboise W, Zaidi AH, Wagner PL, Bartlett D, Xiao K.""}, ""ext_id"": ""41401394"", ""doi"": ""10.1021/acs.jproteome.5c00245"", ""authors"": ""Peng X, Zhang Q, Omstead A, Mansoor R, Laframboise W, Zaidi AH, Wagner PL, Bartlett D, Xiao K."", ""journal"": """", ""url"": ""https://pubmed.ncbi.nlm.nih.gov/41401394/"", ""score_components"": {}}, {""citation_id"": 4, ""title"": ""Impact of delayed blood donation sample processing and testing on SARS-CoV-2 serological assay results in an evolving pandemic response."", ""evidence_text"": ""Anti-spike (S) IgG and anti-nucleocapsid (N) total immunoglobulin levels were compared for 20 paired plasma/serum samples tested fresh and frozen after separation from cellular components on Day 5 or after ≤40 days of 4°C storage; 10 paired plasma/serum samples separated on Day 5 and tested immediately or after ≤67 days of 4°C storage; and 85 plasma and 950 serum samples tested fresh on Day 1 and after ≤209 days of -20°C storage post-separation. Proportional Bland-Altman analyses were used to estimate average bias and 95% limits of agreement (LOA).Results. Antibody reactivity was stable over time regardless of serum or plasma processing delays or prolonged refrigerated or frozen storage."", ""score"": 59.830421447753906, ""year"": ""2026"", ""source"": {""title"": ""Impact of delayed blood donation sample processing and testing on SARS-CoV-2 serological assay results in an evolving pandemic response."", ""pmid"": ""42267669"", ""doi"": ""10.1111/trf.70283"", ""url"": ""https://pubmed.ncbi.nlm.nih.gov/42267669/"", ""journal"": """", ""year"": ""2026"", ""authors"": ""Lanteri MC, Green V, Sulaeman H, Stone M, Haynes J, Di Germanio C, Smith S, Villaflor PG, Groves J, Williamson PC, Stramer SL, Coughlin MM, Jones JM, Grebe E, Busch MP, Saa P.""}, ""ext_id"": ""42267669"", ""doi"": ""10.1111/trf.70283"", ""authors"": ""Lanteri MC, Green V, Sulaeman H, Stone M, Haynes J, Di Germanio C, Smith S, Villaflor PG, Groves J, Williamson PC, Stramer SL, Coughlin MM, Jones JM, Grebe E, Busch MP, Saa P."", ""journal"": """", ""url"": ""https://pubmed.ncbi.nlm.nih.gov/42267669/"", ""score_components"": {}}, {""citation_id"": 5, ""title"": ""Impact of preanalytical factors on blood CHI3L1 levels."", ""evidence_text"": ""The source of CHI3L1 production in PBMCs was determined by flow cytometry.Results. A strong correlation was found between serum, plasma, and CSF CHI3L1 levels. Serum CHI3L1 levels remained stable with delayed processing up to 6 hours and for up to three freeze-thaw cycles."", ""score"": 58.30708694458008, ""year"": ""2025"", ""source"": {""title"": ""Impact of preanalytical factors on blood CHI3L1 levels."", ""pmid"": ""41704533"", ""doi"": ""10.3389/fimmu.2025.1720914"", ""url"": ""https://pmc.ncbi.nlm.nih.gov/articles/PMC12907172/"", ""journal"": """", ""year"": ""2025"", ""authors"": ""Comabella M, Gutierrez L, Castillo M, Villar LM, Eixarch H, La Puma D, Aroca M, Vilaseca A, Montalban X, Fissolo N.""}, ""ext_id"": ""41704533"", ""doi"": ""10.3389/fimmu.2025.1720914"", ""authors"": ""Comabella M, Gutierrez L, Castillo M, Villar LM, Eixarch H, La Puma D, Aroca M, Vilaseca A, Montalban X, Fissolo N."", ""journal"": """", ""url"": ""https://pmc.ncbi.nlm.nih.gov/articles/PMC12907172/"", ""score_components"": {}}]",ok,,
BQ015,Does long-term storage at minus 20 degrees Celsius versus minus 80 degrees Celsius affect serum metabolomic and proteomic biomarkers?,"Yes. Valo et al. found that storage at −20 °C versus −80 °C can affect serum metabolomic and proteomic biomarkers. After quality control, 193 analytes were evaluated; 120 were apparently unaffected, but 15 were clearly susceptible to −20 °C versus −80 °C storage.","[""serum samples stored at minus 20 and minus 80 degrees Celsius were compared"", ""193 metabolites and proteins passed quality control"", ""120 analytes were apparently unaffected"", ""15 analytes were clearly susceptible to storage at minus 20 versus minus 80 degrees Celsius""]",Evidence-based draft benchmark row. Use for development/testing; later verify with supervisor/domain expert.,ranker_medcpt,medcpt,"(TITLE_ABS:""Does long-term storage at minus 20 degrees Celsius versus minus 80 degrees Celsius affect serum metabolomic and proteomic biomarkers?"") OR (TITLE_ABS:(serum AND storage AND ""long-term"")) OR (TITLE_ABS:(serum AND storage AND ""long-term"" AND minus)) OR (TITLE_ABS:(""long-term"" OR storage OR stored OR ""sample storage"" OR minus OR versus OR serum OR ""blood serum"" OR metabolomic OR proteomic OR biomarkers)) OR (TITLE_ABS:(""long-term"" OR storage OR minus OR versus OR serum OR metabolomic OR proteomic OR biomarkers))","[""long-term"", ""storage"", ""minus"", ""versus"", ""serum"", ""metabolomic"", ""proteomic"", ""biomarkers""]",8,80,5,5,"[1] ABSTRACT. Serum biobanks are a valuable resource for proteomic screening, clinical validation and tool comparison studies. Protein integrity can be impacted by sample handling from blood draw until serum separation, by serum processing and freezing, and by storage time in the freezer.
Source: Impact of Serum Sample Storage on the Stability of TRAIL, IP-10, and CRP: Implications for Biomarker Research Employing Biobanks. 2025. PMID: PPR971406. DOI: 10.1101/2025.01.22.25320787

[2] These findings may improve long-term risk stratification and inform early prevention strategies for T2DM.
Source: Metabolomic and proteomic signatures of gestational diabetes predicting long-term risk of type 2 diabetes: a prospective cohort study in the UK Biobank. 2026. PMID: PPR1154376. DOI: 10.21203/rs.3.rs-8700326/v1

[3] Objectives. The reliability of cerebrospinal fluid (CSF) and serum biomarkers depends on sample integrity, which is strongly influenced by storage conditions. While -80 °C is considered the gold standard for long-term preservation, it requires specialized infrastructure, whereas -20 °C is more accessible but may compromise protein stability.
Source: Effect of storage conditions on NSE, S100, and B2M stability in cerebrospinal fluid and serum.. 2026. PMID: 41591274. DOI: 10.1515/cclm-2025-1320

[4] Currently, the mainstay of treatment is highly tailored dietary regimens aimed at improving metabolic control. In the present study, to better elucidate the mechanisms potentially involved in the development of long-term complications, a mass spectrometry-based strategy was employed for an in-depth characterization of the serum proteomic and metabolomic profile of n.12 GSDIa patients. The detection of differential abundance of highly liver-specific circulating proteins and choline-related metabolites in patients provides new insights into the extent of liver damage and dysregulation of lipid metabolism in GSDIa.
Source: Multiomics approach provides insight into altered choline metabolism and liver injury in patients with glycogen storage disease type Ia.. 2025. PMID: 40594807. DOI: 10.1038/s41598-025-06272-7

[5] controls). Metabolomics identified 128 differential metabolites in CRKP vs. CSKP, with enrichment in thermogenesis and amino acid/fatty acid degradation pathways.
Source: Serum proteomic profiling of sepsis patients reveals a protein-based diagnostic model, with metabolomic insights into carbapenem-resistant Klebsiella pneumoniae infection.. 2026. PMID: 42245654. DOI: 10.3389/fimmu.2026.1818068","[{""citation_id"": 1, ""title"": ""Impact of Serum Sample Storage on the Stability of TRAIL, IP-10, and CRP: Implications for Biomarker Research Employing Biobanks"", ""evidence_text"": ""ABSTRACT. Serum biobanks are a valuable resource for proteomic screening, clinical validation and tool comparison studies. Protein integrity can be impacted by sample handling from blood draw until serum separation, by serum processing and freezing, and by storage time in the freezer."", ""score"": 64.60676574707031, ""year"": ""2025"", ""source"": {""title"": ""Impact of Serum Sample Storage on the Stability of TRAIL, IP-10, and CRP: Implications for Biomarker Research Employing Biobanks"", ""pmid"": ""PPR971406"", ""doi"": ""10.1101/2025.01.22.25320787"", ""url"": ""https://doi.org/10.1101/2025.01.22.25320787"", ""journal"": """", ""year"": ""2025"", ""authors"": ""Kalfon R, Raz A, Halabi S, Navon R, Gottlieb TM, Eden E, Hainrichson M.""}, ""ext_id"": ""PPR971406"", ""doi"": ""10.1101/2025.01.22.25320787"", ""authors"": ""Kalfon R, Raz A, Halabi S, Navon R, Gottlieb TM, Eden E, Hainrichson M."", ""journal"": """", ""url"": ""https://doi.org/10.1101/2025.01.22.25320787"", ""score_components"": {}}, {""citation_id"": 2, ""title"": ""Metabolomic and proteomic signatures of gestational diabetes predicting long-term risk of type 2 diabetes: a prospective cohort study in the UK Biobank"", ""evidence_text"": ""These findings may improve long-term risk stratification and inform early prevention strategies for T2DM."", ""score"": 62.22334289550781, ""year"": ""2026"", ""source"": {""title"": ""Metabolomic and proteomic signatures of gestational diabetes predicting long-term risk of type 2 diabetes: a prospective cohort study in the UK Biobank"", ""pmid"": ""PPR1154376"", ""doi"": ""10.21203/rs.3.rs-8700326/v1"", ""url"": ""https://doi.org/10.21203/rs.3.rs-8700326/v1"", ""journal"": """", ""year"": ""2026"", ""authors"": ""Torres-Martos A, Michalopoulou M, Jurado-Fasoli L, Jebb SA, Carter J, Carvalho C, Aguilera CM, Astbury N, Piernas C.""}, ""ext_id"": ""PPR1154376"", ""doi"": ""10.21203/rs.3.rs-8700326/v1"", ""authors"": ""Torres-Martos A, Michalopoulou M, Jurado-Fasoli L, Jebb SA, Carter J, Carvalho C, Aguilera CM, Astbury N, Piernas C."", ""journal"": """", ""url"": ""https://doi.org/10.21203/rs.3.rs-8700326/v1"", ""score_components"": {}}, {""citation_id"": 3, ""title"": ""Effect of storage conditions on NSE, S100, and B2M stability in cerebrospinal fluid and serum."", ""evidence_text"": ""Objectives. The reliability of cerebrospinal fluid (CSF) and serum biomarkers depends on sample integrity, which is strongly influenced by storage conditions. While -80 °C is considered the gold standard for long-term preservation, it requires specialized infrastructure, whereas -20 °C is more accessible but may compromise protein stability."", ""score"": 61.638038635253906, ""year"": ""2026"", ""source"": {""title"": ""Effect of storage conditions on NSE, S100, and B2M stability in cerebrospinal fluid and serum."", ""pmid"": ""41591274"", ""doi"": ""10.1515/cclm-2025-1320"", ""url"": ""https://pubmed.ncbi.nlm.nih.gov/41591274/"", ""journal"": """", ""year"": ""2026"", ""authors"": ""García-Sancha N, Valencia J, Gundín S, Martín M, Miranda M, Valls A, Calvo-Simal S, Arnáez J.""}, ""ext_id"": ""41591274"", ""doi"": ""10.1515/cclm-2025-1320"", ""authors"": ""García-Sancha N, Valencia J, Gundín S, Martín M, Miranda M, Valls A, Calvo-Simal S, Arnáez J."", ""journal"": """", ""url"": ""https://pubmed.ncbi.nlm.nih.gov/41591274/"", ""score_components"": {}}, {""citation_id"": 4, ""title"": ""Multiomics approach provides insight into altered choline metabolism and liver injury in patients with glycogen storage disease type Ia."", ""evidence_text"": ""Currently, the mainstay of treatment is highly tailored dietary regimens aimed at improving metabolic control. In the present study, to better elucidate the mechanisms potentially involved in the development of long-term complications, a mass spectrometry-based strategy was employed for an in-depth characterization of the serum proteomic and metabolomic profile of n.12 GSDIa patients. The detection of differential abundance of highly liver-specific circulating proteins and choline-related metabolites in patients provides new insights into the extent of liver damage and dysregulation of lipid metabolism in GSDIa."", ""score"": 60.490699768066406, ""year"": ""2025"", ""source"": {""title"": ""Multiomics approach provides insight into altered choline metabolism and liver injury in patients with glycogen storage disease type Ia."", ""pmid"": ""40594807"", ""doi"": ""10.1038/s41598-025-06272-7"", ""url"": ""https://pmc.ncbi.nlm.nih.gov/articles/PMC12216020/"", ""journal"": """", ""year"": ""2025"", ""authors"": ""Pirozzi F, Amiri R, Luni C, Rossi A, Melis D, Fedele R, Rosano C, Strisciuglio P, Oosterveer MH, Derks TGJ, Parenti G, Caterino M, Ruoppolo M.""}, ""ext_id"": ""40594807"", ""doi"": ""10.1038/s41598-025-06272-7"", ""authors"": ""Pirozzi F, Amiri R, Luni C, Rossi A, Melis D, Fedele R, Rosano C, Strisciuglio P, Oosterveer MH, Derks TGJ, Parenti G, Caterino M, Ruoppolo M."", ""journal"": """", ""url"": ""https://pmc.ncbi.nlm.nih.gov/articles/PMC12216020/"", ""score_components"": {}}, {""citation_id"": 5, ""title"": ""Serum proteomic profiling of sepsis patients reveals a protein-based diagnostic model, with metabolomic insights into carbapenem-resistant Klebsiella pneumoniae infection."", ""evidence_text"": ""controls). Metabolomics identified 128 differential metabolites in CRKP vs. CSKP, with enrichment in thermogenesis and amino acid/fatty acid degradation pathways."", ""score"": 59.83441162109375, ""year"": ""2026"", ""source"": {""title"": ""Serum proteomic profiling of sepsis patients reveals a protein-based diagnostic model, with metabolomic insights into carbapenem-resistant Klebsiella pneumoniae infection."", ""pmid"": ""42245654"", ""doi"": ""10.3389/fimmu.2026.1818068"", ""url"": ""https://pmc.ncbi.nlm.nih.gov/articles/PMC13230049/"", ""journal"": """", ""year"": ""2026"", ""authors"": ""He J, Luo S, Xu W, Chen Y, Liu G, Tang J, Yang Y, Zhao B, Ma L, Sheng H, Mao E.""}, ""ext_id"": ""42245654"", ""doi"": ""10.3389/fimmu.2026.1818068"", ""authors"": ""He J, Luo S, Xu W, Chen Y, Liu G, Tang J, Yang Y, Zhao B, Ma L, Sheng H, Mao E."", ""journal"": """", ""url"": ""https://pmc.ncbi.nlm.nih.gov/articles/PMC13230049/"", ""score_components"": {}}]",ok,,
BQ016,Can serum glutamate/glutamine ratio indicate sub-optimal long-term storage at minus 20 degrees Celsius?,Yes. Valo et al. identified serum glutamate/glutamine ratio greater than 0.20 as a sensitive and specific indicator of storage at −20 °C compared with −80 °C in their type 1 diabetes serum sample datasets.,"[""glutamate/glutamine ratio greater than 0.20 was identified as a marker"", ""the marker discriminated serum stored at minus 20 degrees Celsius from serum stored at minus 80 degrees Celsius"", ""the validation result reported very high classification performance"", ""the finding was based on type 1 diabetes serum sample datasets""]",Evidence-based draft benchmark row. Use for development/testing; later verify with supervisor/domain expert.,ranker_medcpt,medcpt,"(TITLE_ABS:""Can serum glutamate/glutamine ratio indicate sub-optimal long-term storage at minus 20 degrees Celsius?"") OR (TITLE_ABS:(serum AND storage AND glutamate)) OR (TITLE_ABS:(serum AND storage AND glutamate AND glutamine)) OR (TITLE_ABS:(serum OR ""blood serum"" OR glutamate OR glutamine OR ratio OR indicate OR ""sub-optimal"" OR ""long-term"" OR storage OR stored OR ""sample storage"" OR minus)) OR (TITLE_ABS:(serum OR glutamate OR glutamine OR ratio OR indicate OR ""sub-optimal"" OR ""long-term"" OR storage OR minus))","[""serum"", ""glutamate"", ""glutamine"", ""ratio"", ""indicate"", ""sub-optimal"", ""long-term"", ""storage"", ""minus""]",8,88,5,5,"[1] Here, we investigated the impact of autoclaving on glutamine sources in bacterial complex media using an Escherichia coli Δ glnA mutant, which requires exogenous glutamine for growth. Δ glnA exhibited impaired growth in LB medium after autoclaving compared with non-autoclaved LB, whereas its residual growth indicated the presence of heat-stable glutamine sources. Growth assays and HPLC quantification revealed that free glutamine in LB decreased from 58 µM to 12 µM upon autoclaving, while heat-stable glutamine sources remained at 117 µM.
Source: Autoclaving and long-term storage deplete glutamine sources in complex media and affect bacterial phenotypes. 2025. PMID: PPR1104312. DOI: 10.1101/2025.10.15.682619

[2] In this study, choline-based aqueous IL solutions were evaluated to develop a biocompatible and reusable platform for stabilization of total plant RNA. Among the different ILs tested, 20% (w/v) choline glutamate emerged as the most effective stabilization medium which hindered RNA degradation during short-term handling at higher temperature and extended storage at 40 °C and ambient temperature. Immediate stabilization preserved RNA integrity at levels statistically comparable to RNA controls.
Source: A biocompatible and recyclable ionic liquid platform for long-term and high temperature plant RNA stabilization.. 2026. PMID: 42108052. DOI: 10.1016/j.aca.2026.345501

[3] Background. Proline is one of the most abundant free amino acids in honey and is widely used as a quality indicator. However, its enantiomeric composition has not been systematically investigated in relation to long-term storage.Objective.
Source: Determination of proline enantiomers in honey by FMOC-LC/FL and storage-associated changes in enantiomeric composition.. 2026. PMID: 41844552. DOI: 10.1093/jaoacint/qsag023

[4] Future studies should use standardized sampling, reproducible analytical methods, pediatric validation cohorts, and phenotype-guided trial designs before this axis can be translated into clinical decision making.
Source: The Glutamate-Glutamine Axis in Pediatric Septic Shock: Immunometabolic Mechanisms, Biomarker Potential, and Clinical Implications.. 2026. PMID: 42278239. DOI: 10.3390/ijms27114708

[5] Serum metabolomics revealed elevated glutamine and glutamate in RE patients, which were identified as key differential metabolites related to RE pathogenesis. Pearson analysis revealed that alterations in serum metabolite profiles of RE patients were significantly correlated with changes in gut bacterial abundance. Notably, glutamate-glutamate (Glu-Glu) metabolism exhibited negative correlations with multiple bacterial genera ( Acrocarpospora, Limnobacter, Pseudobacter, Shewanella, and Tropicimonas ).
Source: Multi-omics analysis identifies gut microbiota-glutamine axis contributing to the pathogenesis of reflux esophagitis.. 2026. PMID: 42267106. DOI: 10.3389/fmicb.2026.1805181","[{""citation_id"": 1, ""title"": ""Autoclaving and long-term storage deplete glutamine sources in complex media and affect bacterial phenotypes"", ""evidence_text"": ""Here, we investigated the impact of autoclaving on glutamine sources in bacterial complex media using an Escherichia coli Δ glnA mutant, which requires exogenous glutamine for growth. Δ glnA exhibited impaired growth in LB medium after autoclaving compared with non-autoclaved LB, whereas its residual growth indicated the presence of heat-stable glutamine sources. Growth assays and HPLC quantification revealed that free glutamine in LB decreased from 58 µM to 12 µM upon autoclaving, while heat-stable glutamine sources remained at 117 µM."", ""score"": 64.82038879394531, ""year"": ""2025"", ""source"": {""title"": ""Autoclaving and long-term storage deplete glutamine sources in complex media and affect bacterial phenotypes"", ""pmid"": ""PPR1104312"", ""doi"": ""10.1101/2025.10.15.682619"", ""url"": ""https://doi.org/10.1101/2025.10.15.682619"", ""journal"": """", ""year"": ""2025"", ""authors"": ""Yamada K, Ishikawa K, Furuta K, Miyoshi S, Tsunoda M, Kaito C.""}, ""ext_id"": ""PPR1104312"", ""doi"": ""10.1101/2025.10.15.682619"", ""authors"": ""Yamada K, Ishikawa K, Furuta K, Miyoshi S, Tsunoda M, Kaito C."", ""journal"": """", ""url"": ""https://doi.org/10.1101/2025.10.15.682619"", ""score_components"": {}}, {""citation_id"": 2, ""title"": ""A biocompatible and recyclable ionic liquid platform for long-term and high temperature plant RNA stabilization."", ""evidence_text"": ""In this study, choline-based aqueous IL solutions were evaluated to develop a biocompatible and reusable platform for stabilization of total plant RNA. Among the different ILs tested, 20% (w/v) choline glutamate emerged as the most effective stabilization medium which hindered RNA degradation during short-term handling at higher temperature and extended storage at 40 °C and ambient temperature. Immediate stabilization preserved RNA integrity at levels statistically comparable to RNA controls."", ""score"": 61.66728973388672, ""year"": ""2026"", ""source"": {""title"": ""A biocompatible and recyclable ionic liquid platform for long-term and high temperature plant RNA stabilization."", ""pmid"": ""42108052"", ""doi"": ""10.1016/j.aca.2026.345501"", ""url"": ""https://pubmed.ncbi.nlm.nih.gov/42108052/"", ""journal"": """", ""year"": ""2026"", ""authors"": ""De Silva S, Cagliero C, Gostel MR, Johnson G, Anderson JL.""}, ""ext_id"": ""42108052"", ""doi"": ""10.1016/j.aca.2026.345501"", ""authors"": ""De Silva S, Cagliero C, Gostel MR, Johnson G, Anderson JL."", ""journal"": """", ""url"": ""https://pubmed.ncbi.nlm.nih.gov/42108052/"", ""score_components"": {}}, {""citation_id"": 3, ""title"": ""Determination of proline enantiomers in honey by FMOC-LC/FL and storage-associated changes in enantiomeric composition."", ""evidence_text"": ""Background. Proline is one of the most abundant free amino acids in honey and is widely used as a quality indicator. However, its enantiomeric composition has not been systematically investigated in relation to long-term storage.Objective."", ""score"": 57.97694396972656, ""year"": ""2026"", ""source"": {""title"": ""Determination of proline enantiomers in honey by FMOC-LC/FL and storage-associated changes in enantiomeric composition."", ""pmid"": ""41844552"", ""doi"": ""10.1093/jaoacint/qsag023"", ""url"": ""https://pubmed.ncbi.nlm.nih.gov/41844552/"", ""journal"": """", ""year"": ""2026"", ""authors"": ""Saito K, Nakazato A, Ito R, Akiyama H.""}, ""ext_id"": ""41844552"", ""doi"": ""10.1093/jaoacint/qsag023"", ""authors"": ""Saito K, Nakazato A, Ito R, Akiyama H."", ""journal"": """", ""url"": ""https://pubmed.ncbi.nlm.nih.gov/41844552/"", ""score_components"": {}}, {""citation_id"": 4, ""title"": ""The Glutamate-Glutamine Axis in Pediatric Septic Shock: Immunometabolic Mechanisms, Biomarker Potential, and Clinical Implications."", ""evidence_text"": ""Future studies should use standardized sampling, reproducible analytical methods, pediatric validation cohorts, and phenotype-guided trial designs before this axis can be translated into clinical decision making."", ""score"": 57.825416564941406, ""year"": ""2026"", ""source"": {""title"": ""The Glutamate-Glutamine Axis in Pediatric Septic Shock: Immunometabolic Mechanisms, Biomarker Potential, and Clinical Implications."", ""pmid"": ""42278239"", ""doi"": ""10.3390/ijms27114708"", ""url"": ""https://pmc.ncbi.nlm.nih.gov/articles/PMC13257262/"", ""journal"": """", ""year"": ""2026"", ""authors"": ""Cui Y, Wang J, Bao Y.""}, ""ext_id"": ""42278239"", ""doi"": ""10.3390/ijms27114708"", ""authors"": ""Cui Y, Wang J, Bao Y."", ""journal"": """", ""url"": ""https://pmc.ncbi.nlm.nih.gov/articles/PMC13257262/"", ""score_components"": {}}, {""citation_id"": 5, ""title"": ""Multi-omics analysis identifies gut microbiota-glutamine axis contributing to the pathogenesis of reflux esophagitis."", ""evidence_text"": ""Serum metabolomics revealed elevated glutamine and glutamate in RE patients, which were identified as key differential metabolites related to RE pathogenesis. Pearson analysis revealed that alterations in serum metabolite profiles of RE patients were significantly correlated with changes in gut bacterial abundance. Notably, glutamate-glutamate (Glu-Glu) metabolism exhibited negative correlations with multiple bacterial genera ( Acrocarpospora, Limnobacter, Pseudobacter, Shewanella, and Tropicimonas )."", ""score"": 57.27167510986328, ""year"": ""2026"", ""source"": {""title"": ""Multi-omics analysis identifies gut microbiota-glutamine axis contributing to the pathogenesis of reflux esophagitis."", ""pmid"": ""42267106"", ""doi"": ""10.3389/fmicb.2026.1805181"", ""url"": ""https://pubmed.ncbi.nlm.nih.gov/42267106/"", ""journal"": """", ""year"": ""2026"", ""authors"": ""Wu Y, Gao Q, Yang H, Wang Y, Lang L, Liu B, Jiang X, Li D, Wang X, Xun J, Zhang Q.""}, ""ext_id"": ""42267106"", ""doi"": ""10.3389/fmicb.2026.1805181"", ""authors"": ""Wu Y, Gao Q, Yang H, Wang Y, Lang L, Liu B, Jiang X, Li D, Wang X, Xun J, Zhang Q."", ""journal"": """", ""url"": ""https://pubmed.ncbi.nlm.nih.gov/42267106/"", ""score_components"": {}}]",ok,,
BQ017,Is glutamine susceptible to long-term serum storage at minus 20 degrees Celsius compared with minus 80 degrees Celsius?,Yes. Valo et al. identified glutamine among analytes affected by −20 °C versus −80 °C storage and also reported that storage time was associated with changes involving glutamine and the glutamate/glutamine ratio.,"[""glutamine was among analytes affected by storage at minus 20 versus minus 80 degrees Celsius"", ""storage time was associated with changes involving glutamine"", ""glutamate/glutamine ratio changed with storage time"", ""quick separation and storage at minus 80 degrees Celsius are important for optimal glutamine measurement""]",Evidence-based draft benchmark row. Use for development/testing; later verify with supervisor/domain expert.,ranker_medcpt,medcpt,"(TITLE_ABS:""Is glutamine susceptible to long-term serum storage at minus 20 degrees Celsius compared with minus 80 degrees Celsius?"") OR (TITLE_ABS:(serum AND storage AND glutamine)) OR (TITLE_ABS:(serum AND storage AND glutamine AND susceptible)) OR (TITLE_ABS:(glutamine OR susceptible OR ""long-term"" OR serum OR ""blood serum"" OR storage OR stored OR ""sample storage"" OR minus OR compared)) OR (TITLE_ABS:(glutamine OR susceptible OR ""long-term"" OR serum OR storage OR minus OR compared))","[""glutamine"", ""susceptible"", ""long-term"", ""serum"", ""storage"", ""minus"", ""compared""]",8,87,5,5,"[1] Similar growth defects were observed for Δ glnA in autoclaved BHI, TSB, and M17 media compared with their non-autoclaved counterparts. Long-term storage of LB at room temperature for 24 weeks also reduced Δ glnA growth regardless of autoclaving, compared with freshly prepared LB. Furthermore, supplementation of glutamine sources into glutamine-deficient MHB medium enhanced biofilm formation by Pseudomonas aeruginosa.
Source: Autoclaving and long-term storage deplete glutamine sources in complex media and affect bacterial phenotypes. 2025. PMID: PPR1104312. DOI: 10.1101/2025.10.15.682619

[2] In the present study, we investigated the influence of pre-processing (PPT), and pre-centrifugation time (PCT), sample storage time (SST), and sample texture on NMR-based metabolite levels in 4,658 long-term and short-term stored retrospectively and prospectively collected serum samples from breast and prostate cancer patients as well as from healthy men.Results. We found that the majority of the metabolites were highly stable with regard to variations in PCT, PPT, or SST. PCT and PPT significantly affected the concentrations of only a few individual metabolites, including ascorbic acid, asparagine, glucose, glutamic acid, glutamine, lactate, phenylalanine, pyruvic acid, and serine, indicating that pre-analytical protocol variations need to be considered for the quantitative analysis of metabolites.
Source: Pitfalls of onco-metabolomics: impact of sample integrity on metabolomic investigations in more than 4500 human serum samples from ten different cohorts.. 2026. PMID: 41988223. DOI: 10.3389/fmolb.2026.1765747

[3] After long-term freezing storage for 19-24 months, N. hughesi IFAT results for CSF were significantly different compared with their fresh-testing time point (p = 0.04), but a similar difference was not observed for serum samples. No statistical differences were observed for serum or CSF samples tested for S.
Source: Effect of Long-Term Freezing on Indirect Fluorescent Antibody Titers for the Diagnosis of Equine Protozoal Myeloencephalitis.. 2025. PMID: 40873183. DOI: 10.1111/jvim.70225

[4] Objectives. The reliability of cerebrospinal fluid (CSF) and serum biomarkers depends on sample integrity, which is strongly influenced by storage conditions. While -80 °C is considered the gold standard for long-term preservation, it requires specialized infrastructure, whereas -20 °C is more accessible but may compromise protein stability.
Source: Effect of storage conditions on NSE, S100, and B2M stability in cerebrospinal fluid and serum.. 2026. PMID: 41591274. DOI: 10.1515/cclm-2025-1320

[5] Results Next generation sequencing-based profiling demonstrated that the abundance of miRNAs and participant-specific expression profiles were largely preserved under all storage conditions during the observation periods. At the individual miRNA level, expression patterns were generally maintained for 12 months in urine and for 3 months in uEVs and cDNA libraries, whereas partial degradation was observed in samples stored as RNA. A single freeze–thaw cycle did not significantly affect the miRNA yield or profiles in urine, uEVs, miRNAs, or cDNA libraries.
Source: Systematic Evaluation of microRNA Stability during Long Term Storage of Urine. 2026. PMID: PPR1250796. DOI: 10.21203/rs.3.rs-9579720/v1","[{""citation_id"": 1, ""title"": ""Autoclaving and long-term storage deplete glutamine sources in complex media and affect bacterial phenotypes"", ""evidence_text"": ""Similar growth defects were observed for Δ glnA in autoclaved BHI, TSB, and M17 media compared with their non-autoclaved counterparts. Long-term storage of LB at room temperature for 24 weeks also reduced Δ glnA growth regardless of autoclaving, compared with freshly prepared LB. Furthermore, supplementation of glutamine sources into glutamine-deficient MHB medium enhanced biofilm formation by Pseudomonas aeruginosa."", ""score"": 68.85833740234375, ""year"": ""2025"", ""source"": {""title"": ""Autoclaving and long-term storage deplete glutamine sources in complex media and affect bacterial phenotypes"", ""pmid"": ""PPR1104312"", ""doi"": ""10.1101/2025.10.15.682619"", ""url"": ""https://doi.org/10.1101/2025.10.15.682619"", ""journal"": """", ""year"": ""2025"", ""authors"": ""Yamada K, Ishikawa K, Furuta K, Miyoshi S, Tsunoda M, Kaito C.""}, ""ext_id"": ""PPR1104312"", ""doi"": ""10.1101/2025.10.15.682619"", ""authors"": ""Yamada K, Ishikawa K, Furuta K, Miyoshi S, Tsunoda M, Kaito C."", ""journal"": """", ""url"": ""https://doi.org/10.1101/2025.10.15.682619"", ""score_components"": {}}, {""citation_id"": 2, ""title"": ""Pitfalls of onco-metabolomics: impact of sample integrity on metabolomic investigations in more than 4500 human serum samples from ten different cohorts."", ""evidence_text"": ""In the present study, we investigated the influence of pre-processing (PPT), and pre-centrifugation time (PCT), sample storage time (SST), and sample texture on NMR-based metabolite levels in 4,658 long-term and short-term stored retrospectively and prospectively collected serum samples from breast and prostate cancer patients as well as from healthy men.Results. We found that the majority of the metabolites were highly stable with regard to variations in PCT, PPT, or SST. PCT and PPT significantly affected the concentrations of only a few individual metabolites, including ascorbic acid, asparagine, glucose, glutamic acid, glutamine, lactate, phenylalanine, pyruvic acid, and serine, indicating that pre-analytical protocol variations need to be considered for the quantitative analysis of metabolites."", ""score"": 65.17437744140625, ""year"": ""2026"", ""source"": {""title"": ""Pitfalls of onco-metabolomics: impact of sample integrity on metabolomic investigations in more than 4500 human serum samples from ten different cohorts."", ""pmid"": ""41988223"", ""doi"": ""10.3389/fmolb.2026.1765747"", ""url"": ""https://pmc.ncbi.nlm.nih.gov/articles/PMC13076171/"", ""journal"": """", ""year"": ""2026"", ""authors"": ""Ladurner M, Strathmeyer S, Ameismeier T, Klocker H, Steiner E, Aigner G, Puhr M, Böld T, Drettwan D, Sommermeyer F, Eder IE.""}, ""ext_id"": ""41988223"", ""doi"": ""10.3389/fmolb.2026.1765747"", ""authors"": ""Ladurner M, Strathmeyer S, Ameismeier T, Klocker H, Steiner E, Aigner G, Puhr M, Böld T, Drettwan D, Sommermeyer F, Eder IE."", ""journal"": """", ""url"": ""https://pmc.ncbi.nlm.nih.gov/articles/PMC13076171/"", ""score_components"": {}}, {""citation_id"": 3, ""title"": ""Effect of Long-Term Freezing on Indirect Fluorescent Antibody Titers for the Diagnosis of Equine Protozoal Myeloencephalitis."", ""evidence_text"": ""After long-term freezing storage for 19-24 months, N. hughesi IFAT results for CSF were significantly different compared with their fresh-testing time point (p = 0.04), but a similar difference was not observed for serum samples. No statistical differences were observed for serum or CSF samples tested for S."", ""score"": 62.061668395996094, ""year"": ""2025"", ""source"": {""title"": ""Effect of Long-Term Freezing on Indirect Fluorescent Antibody Titers for the Diagnosis of Equine Protozoal Myeloencephalitis."", ""pmid"": ""40873183"", ""doi"": ""10.1111/jvim.70225"", ""url"": ""https://pmc.ncbi.nlm.nih.gov/articles/PMC12391721/"", ""journal"": """", ""year"": ""2025"", ""authors"": ""Valderrama-Martinez C, Packham A, Smith W, Mendoza-Flores JE, Zheng S, Chigerwe M, Plancarte M, Aleman M.""}, ""ext_id"": ""40873183"", ""doi"": ""10.1111/jvim.70225"", ""authors"": ""Valderrama-Martinez C, Packham A, Smith W, Mendoza-Flores JE, Zheng S, Chigerwe M, Plancarte M, Aleman M."", ""journal"": """", ""url"": ""https://pmc.ncbi.nlm.nih.gov/articles/PMC12391721/"", ""score_components"": {}}, {""citation_id"": 4, ""title"": ""Effect of storage conditions on NSE, S100, and B2M stability in cerebrospinal fluid and serum."", ""evidence_text"": ""Objectives. The reliability of cerebrospinal fluid (CSF) and serum biomarkers depends on sample integrity, which is strongly influenced by storage conditions. While -80 °C is considered the gold standard for long-term preservation, it requires specialized infrastructure, whereas -20 °C is more accessible but may compromise protein stability."", ""score"": 61.757354736328125, ""year"": ""2026"", ""source"": {""title"": ""Effect of storage conditions on NSE, S100, and B2M stability in cerebrospinal fluid and serum."", ""pmid"": ""41591274"", ""doi"": ""10.1515/cclm-2025-1320"", ""url"": ""https://pubmed.ncbi.nlm.nih.gov/41591274/"", ""journal"": """", ""year"": ""2026"", ""authors"": ""García-Sancha N, Valencia J, Gundín S, Martín M, Miranda M, Valls A, Calvo-Simal S, Arnáez J.""}, ""ext_id"": ""41591274"", ""doi"": ""10.1515/cclm-2025-1320"", ""authors"": ""García-Sancha N, Valencia J, Gundín S, Martín M, Miranda M, Valls A, Calvo-Simal S, Arnáez J."", ""journal"": """", ""url"": ""https://pubmed.ncbi.nlm.nih.gov/41591274/"", ""score_components"": {}}, {""citation_id"": 5, ""title"": ""Systematic Evaluation of microRNA Stability during Long Term Storage of Urine"", ""evidence_text"": ""Results Next generation sequencing-based profiling demonstrated that the abundance of miRNAs and participant-specific expression profiles were largely preserved under all storage conditions during the observation periods. At the individual miRNA level, expression patterns were generally maintained for 12 months in urine and for 3 months in uEVs and cDNA libraries, whereas partial degradation was observed in samples stored as RNA. A single freeze–thaw cycle did not significantly affect the miRNA yield or profiles in urine, uEVs, miRNAs, or cDNA libraries."", ""score"": 58.25333023071289, ""year"": ""2026"", ""source"": {""title"": ""Systematic Evaluation of microRNA Stability during Long Term Storage of Urine"", ""pmid"": ""PPR1250796"", ""doi"": ""10.21203/rs.3.rs-9579720/v1"", ""url"": ""https://doi.org/10.21203/rs.3.rs-9579720/v1"", ""journal"": """", ""year"": ""2026"", ""authors"": ""Satomura A, Ando Y, Mikami M, Ichikawa Y.""}, ""ext_id"": ""PPR1250796"", ""doi"": ""10.21203/rs.3.rs-9579720/v1"", ""authors"": ""Satomura A, Ando Y, Mikami M, Ichikawa Y."", ""journal"": """", ""url"": ""https://doi.org/10.21203/rs.3.rs-9579720/v1"", ""score_components"": {}}]",ok,,
BQ018,Do plasma and serum metabolomic profiles depend on pre-analytical factors such as processing delay and freeze-thaw cycles?,"Yes. Stevens et al. reviewed pre-analytical factors in metabolomic studies and concluded that plasma and serum metabolomic profiles are affected by factors including fasting status, hemolysis, collection time, processing delays, especially at room temperature, and repeated freeze-thaw cycles.","[""plasma and serum metabolomic profiles are affected by pre-analytical factors"", ""processing delays are especially important at room temperature"", ""repeated freeze-thaw cycles can alter metabolomic findings"", ""hemolysis and collection time are also relevant factors""]",Evidence-based draft benchmark row. Use for development/testing; later verify with supervisor/domain expert.,ranker_medcpt,medcpt,"(TITLE_ABS:""Do plasma and serum metabolomic profiles depend on pre-analytical factors such as processing delay and freeze-thaw cycles?"") OR (TITLE_ABS:(plasma AND processing AND serum)) OR (TITLE_ABS:(plasma AND processing AND serum AND metabolomic)) OR (TITLE_ABS:(""processing delay"" OR plasma OR ""blood plasma"" OR serum OR ""blood serum"" OR metabolomic OR profiles OR depend OR ""pre-analytical"" OR factors OR such OR processing OR delayed OR delay OR ""delayed processing"" OR ""freeze-thaw"" OR cycles)) OR (TITLE_ABS:(plasma OR serum OR metabolomic OR profiles OR depend OR ""pre-analytical"" OR factors OR such OR processing OR delay))","[""plasma"", ""serum"", ""metabolomic"", ""profiles"", ""depend"", ""pre-analytical"", ""factors"", ""such"", ""processing"", ""delay"", ""freeze-thaw"", ""cycles""]",8,90,5,5,"[1] All samples underwent one additional freeze-thaw cycle and were analyzed using global liquid chromatography-mass spectrometry (LC-MS) metabolomics and lipidomics.Results. Approximately 90% of the global metabolome and lipidome remained stable and robust to the pre-analytical factors induced. Metabolomic profiles showed a storage time-dependent increase in differentially abundant features, while most lipidomic alterations occurred within the first 24 h.
Source: Metabolic and lipidomic stability in EDTA plasma from hospitalized patients: impact of refrigerated storage time and additional freeze-thaw cycle.. 2026. PMID: 42024200. DOI: 10.1007/s11306-026-02428-2

[2] Storage temperature and processing delay were the most influential PAVs, with plasma more susceptible than CSF. For optimal quality, CSF should be processed within 4 h or kept at 4 °C, plasma within 2 h, and both stored at ≤ - 80 °C. Freeze-thaw cycles should be limited to three.
Source: The effect of preanalytical factors on cerebrospinal fluid and plasma proteomics: a systematic experimental study.. 2026. PMID: 42174445. DOI: 10.1186/s12014-026-09604-5

[3] Chitinase 3-like 1 (CHI3L1) is a prognostic biomarker in multiple sclerosis (MS). However, its clinical application is limited by a lack of standardized detection methods and concerns about preanalytical variability.Objectives. This study aims to evaluate the impact of preanalytical factors (delayed processing of blood and repeated thawing/freezing) on serum CHI3L1 levels.
Source: Impact of preanalytical factors on blood CHI3L1 levels.. 2025. PMID: 41704533. DOI: 10.3389/fimmu.2025.1720914

[4] However, given the viscoelastic nature of this biofluid its analysis is challenging. Indeed, the lack of standardised pre-analytical processing protocols for synovial fluid metabolomics potentially introduces significant variability that can compromise data reliability and hinder the application/interpretation of results. This study systematically assesses how common sample handling variables including sample dilution, freeze-thaw cycling, blood staining and viscosity reduction ( via hyaluronidase digestion and bead beating) affect the metabolomic profile of synovial fluid.
Source: Systematic evaluation of pre-analytical variables on synovial fluid metabolomic profiles using GC-ToF-MS and UHPLC-MS.. 2026. PMID: 41563355. DOI: 10.1039/d5an00943j

[5] The remaining cytokine concentrations were significantly impacted by processing delay and storage temperature, with changes evident as early as 3 hours and more pronounced at 24 and 48 hours ( p < 0.05). Storing blood at 4°C generally mitigated changes compared to room temperature, but analyte-specific and matrix-dependent variations persisted.Conclusion. These findings emphasize delayed processing significantly alters cytokine levels, highlighting the importance of prompt, standardized processing and careful consideration of pre-analytical factors for reliable cytokine quantitation in clinical studies.
Source: Effect of delayed blood centrifugation on cytokine quantitation in serum and plasma.. 2025. PMID: 40791022. DOI: 10.1080/17576180.2025.2544521","[{""citation_id"": 1, ""title"": ""Metabolic and lipidomic stability in EDTA plasma from hospitalized patients: impact of refrigerated storage time and additional freeze-thaw cycle."", ""evidence_text"": ""All samples underwent one additional freeze-thaw cycle and were analyzed using global liquid chromatography-mass spectrometry (LC-MS) metabolomics and lipidomics.Results. Approximately 90% of the global metabolome and lipidome remained stable and robust to the pre-analytical factors induced. Metabolomic profiles showed a storage time-dependent increase in differentially abundant features, while most lipidomic alterations occurred within the first 24 h."", ""score"": 70.23910522460938, ""year"": ""2026"", ""source"": {""title"": ""Metabolic and lipidomic stability in EDTA plasma from hospitalized patients: impact of refrigerated storage time and additional freeze-thaw cycle."", ""pmid"": ""42024200"", ""doi"": ""10.1007/s11306-026-02428-2"", ""url"": ""https://pmc.ncbi.nlm.nih.gov/articles/PMC13106266/"", ""journal"": """", ""year"": ""2026"", ""authors"": ""Guttorm SJT, Gukasyan L, Prebensen C, Karlsson NG, Holten AR, Kvale D, Rootwelt H, Elgstøen KBP, Amundsen EK.""}, ""ext_id"": ""42024200"", ""doi"": ""10.1007/s11306-026-02428-2"", ""authors"": ""Guttorm SJT, Gukasyan L, Prebensen C, Karlsson NG, Holten AR, Kvale D, Rootwelt H, Elgstøen KBP, Amundsen EK."", ""journal"": """", ""url"": ""https://pmc.ncbi.nlm.nih.gov/articles/PMC13106266/"", ""score_components"": {}}, {""citation_id"": 2, ""title"": ""The effect of preanalytical factors on cerebrospinal fluid and plasma proteomics: a systematic experimental study."", ""evidence_text"": ""Storage temperature and processing delay were the most influential PAVs, with plasma more susceptible than CSF. For optimal quality, CSF should be processed within 4 h or kept at 4 °C, plasma within 2 h, and both stored at ≤ - 80 °C. Freeze-thaw cycles should be limited to three."", ""score"": 67.00695037841797, ""year"": ""2026"", ""source"": {""title"": ""The effect of preanalytical factors on cerebrospinal fluid and plasma proteomics: a systematic experimental study."", ""pmid"": ""42174445"", ""doi"": ""10.1186/s12014-026-09604-5"", ""url"": ""https://pubmed.ncbi.nlm.nih.gov/42174445/"", ""journal"": """", ""year"": ""2026"", ""authors"": ""Tatsumi M, Miyakawa T, Enokida T, Kaneko H, Saito K, Hidese S, Takahashi Y, Goto Y, Kunugi H, Hattori K.""}, ""ext_id"": ""42174445"", ""doi"": ""10.1186/s12014-026-09604-5"", ""authors"": ""Tatsumi M, Miyakawa T, Enokida T, Kaneko H, Saito K, Hidese S, Takahashi Y, Goto Y, Kunugi H, Hattori K."", ""journal"": """", ""url"": ""https://pubmed.ncbi.nlm.nih.gov/42174445/"", ""score_components"": {}}, {""citation_id"": 3, ""title"": ""Impact of preanalytical factors on blood CHI3L1 levels."", ""evidence_text"": ""Chitinase 3-like 1 (CHI3L1) is a prognostic biomarker in multiple sclerosis (MS). However, its clinical application is limited by a lack of standardized detection methods and concerns about preanalytical variability.Objectives. This study aims to evaluate the impact of preanalytical factors (delayed processing of blood and repeated thawing/freezing) on serum CHI3L1 levels."", ""score"": 66.83303833007812, ""year"": ""2025"", ""source"": {""title"": ""Impact of preanalytical factors on blood CHI3L1 levels."", ""pmid"": ""41704533"", ""doi"": ""10.3389/fimmu.2025.1720914"", ""url"": ""https://pmc.ncbi.nlm.nih.gov/articles/PMC12907172/"", ""journal"": """", ""year"": ""2025"", ""authors"": ""Comabella M, Gutierrez L, Castillo M, Villar LM, Eixarch H, La Puma D, Aroca M, Vilaseca A, Montalban X, Fissolo N.""}, ""ext_id"": ""41704533"", ""doi"": ""10.3389/fimmu.2025.1720914"", ""authors"": ""Comabella M, Gutierrez L, Castillo M, Villar LM, Eixarch H, La Puma D, Aroca M, Vilaseca A, Montalban X, Fissolo N."", ""journal"": """", ""url"": ""https://pmc.ncbi.nlm.nih.gov/articles/PMC12907172/"", ""score_components"": {}}, {""citation_id"": 4, ""title"": ""Systematic evaluation of pre-analytical variables on synovial fluid metabolomic profiles using GC-ToF-MS and UHPLC-MS."", ""evidence_text"": ""However, given the viscoelastic nature of this biofluid its analysis is challenging. Indeed, the lack of standardised pre-analytical processing protocols for synovial fluid metabolomics potentially introduces significant variability that can compromise data reliability and hinder the application/interpretation of results. This study systematically assesses how common sample handling variables including sample dilution, freeze-thaw cycling, blood staining and viscosity reduction ( via hyaluronidase digestion and bead beating) affect the metabolomic profile of synovial fluid."", ""score"": 66.38086700439453, ""year"": ""2026"", ""source"": {""title"": ""Systematic evaluation of pre-analytical variables on synovial fluid metabolomic profiles using GC-ToF-MS and UHPLC-MS."", ""pmid"": ""41563355"", ""doi"": ""10.1039/d5an00943j"", ""url"": ""https://pmc.ncbi.nlm.nih.gov/articles/PMC12822660/"", ""journal"": """", ""year"": ""2026"", ""authors"": ""Ladha Y, Burke A, Gotts N, Goodacre R, Wright K, Perry J, Hulme CH.""}, ""ext_id"": ""41563355"", ""doi"": ""10.1039/d5an00943j"", ""authors"": ""Ladha Y, Burke A, Gotts N, Goodacre R, Wright K, Perry J, Hulme CH."", ""journal"": """", ""url"": ""https://pmc.ncbi.nlm.nih.gov/articles/PMC12822660/"", ""score_components"": {}}, {""citation_id"": 5, ""title"": ""Effect of delayed blood centrifugation on cytokine quantitation in serum and plasma."", ""evidence_text"": ""The remaining cytokine concentrations were significantly impacted by processing delay and storage temperature, with changes evident as early as 3 hours and more pronounced at 24 and 48 hours ( p < 0.05). Storing blood at 4°C generally mitigated changes compared to room temperature, but analyte-specific and matrix-dependent variations persisted.Conclusion. These findings emphasize delayed processing significantly alters cytokine levels, highlighting the importance of prompt, standardized processing and careful consideration of pre-analytical factors for reliable cytokine quantitation in clinical studies."", ""score"": 64.68185424804688, ""year"": ""2025"", ""source"": {""title"": ""Effect of delayed blood centrifugation on cytokine quantitation in serum and plasma."", ""pmid"": ""40791022"", ""doi"": ""10.1080/17576180.2025.2544521"", ""url"": ""https://pubmed.ncbi.nlm.nih.gov/40791022/"", ""journal"": """", ""year"": ""2025"", ""authors"": ""Yang X, Arceo T, Fischer SK.""}, ""ext_id"": ""40791022"", ""doi"": ""10.1080/17576180.2025.2544521"", ""authors"": ""Yang X, Arceo T, Fischer SK."", ""journal"": """", ""url"": ""https://pubmed.ncbi.nlm.nih.gov/40791022/"", ""score_components"": {}}]",ok,,
BQ019,Can multiple freeze-thaw cycles alter urine metabolomic findings?,"Yes. Stevens et al. reported that urine metabolomic findings can be altered by several pre-analytical factors, including collection time, fasting, centrifugation conditions, filtration/additives, normalization procedures, and multiple freeze-thaw cycles.","[""urine metabolomic findings can be altered by multiple freeze-thaw cycles"", ""urine collection time and fasting can affect results"", ""centrifugation conditions and filtration or additives matter"", ""normalization procedures are also relevant""]",Evidence-based draft benchmark row. Use for development/testing; later verify with supervisor/domain expert.,ranker_medcpt,medcpt,"(TITLE_ABS:""Can multiple freeze-thaw cycles alter urine metabolomic findings?"") OR (TITLE_ABS:(urine AND multiple AND ""freeze-thaw"")) OR (TITLE_ABS:(urine AND multiple AND ""freeze-thaw"" AND cycles)) OR (TITLE_ABS:(multiple OR ""freeze-thaw"" OR cycles OR alter OR urine OR metabolomic OR findings))","[""multiple"", ""freeze-thaw"", ""cycles"", ""alter"", ""urine"", ""metabolomic"", ""findings""]",8,69,5,5,"[1] These data are relevant for studies using urine samples stored over long-term and/or undergoing multiple freezing-thawing.
Source: Effect of very long-term storage and multiple freeze and thaw cycles on 11-dehydro-thromboxane-B 2 and 8-iso-prostaglandin F 2α, levels in human urine samples by validated enzyme immunoassays.. 2024. PMID: 38448541. DOI: 10.1038/s41598-024-55720-3

[2] Notably, this transformation occurred only in urine and not in phosphate-buffered saline, suggesting a urine-specific mechanism. These findings highlight the importance of compound-specific preservation strategies. In scenarios where analyte identity or sample pH cannot be verified promptly, immediate refrigeration or freezing (ideally at -20°C), along with minimizing freeze-thaw cycles, is strongly recommended to preserve sample integrity and ensure reliable toxicological interpretation.
Source: Stability of 22 sedative-type drugs and metabolites in human urine under variable pH, temperature, and freeze-thaw conditions.. 2026. PMID: 41208041. DOI: 10.1093/jat/bkaf100

[3] In contrast, the freeze-thaw process impacts only sperm motility. In clinical practice, minimizing exposure to urine might improve sperm quality.
Source: Combined effects of urine exposure and cryopreservation on sperm quality: an in vitro study of retrograde ejaculation.. 2026. PMID: 42169621. DOI: 10.4103/aja20265

[4] Repeated freeze-thaw cycles often cause severe quality deterioration in frozen aquatic products. To mitigate these adverse effects, this study examined the impact of alternating magnetic field-assisted freezing (AMF) compared with conventional air-blast freezing (ABF) on the freeze-thaw quality and metabolomic profiles of Pacific white shrimp (Litopenaeus vannamei). Over six freeze-thaw cycles, AMF markedly preserved shrimp quality by reducing muscle fiber disruption, narrowing intercellular gaps, and limiting water mobility.
Source: Alternating magnetic field-assisted freezing enhances the freeze-thaw stability of Pacific white shrimp (Litopenaeus vannamei): Evidence from physicochemical and metabolomic analyses.. 2026. PMID: 41655493. DOI: 10.1016/j.foodchem.2026.148295

[5] For longer chains (C > 16), their proportions were >10x higher in plasma than in urine. Our optimized method using LC-MS/MS enables the quantification of DCAs with excellent sensitivity. The method will help in future studies investigating dicarboxylic acids' crucial role in health and biomarker discovery studies using targeted metabolomics.
Source: A charge reversal approach for the sensitive quantification of dicarboxylic acids using Liquid chromatography-tandem mass spectrometry.. 2024. PMID: 39423602. DOI: 10.1016/j.chroma.2024.465426","[{""citation_id"": 1, ""title"": ""Effect of very long-term storage and multiple freeze and thaw cycles on 11-dehydro-thromboxane-B 2 and 8-iso-prostaglandin F 2α, levels in human urine samples by validated enzyme immunoassays."", ""evidence_text"": ""These data are relevant for studies using urine samples stored over long-term and/or undergoing multiple freezing-thawing."", ""score"": 68.2845458984375, ""year"": ""2024"", ""source"": {""title"": ""Effect of very long-term storage and multiple freeze and thaw cycles on 11-dehydro-thromboxane-B 2 and 8-iso-prostaglandin F 2α, levels in human urine samples by validated enzyme immunoassays."", ""pmid"": ""38448541"", ""doi"": ""10.1038/s41598-024-55720-3"", ""url"": ""https://pmc.ncbi.nlm.nih.gov/articles/PMC10917770/"", ""journal"": """", ""year"": ""2024"", ""authors"": ""Petrucci G, Hatem D, Langley R, Cleary S, Gentry-Maharaj A, Pitocco D, Rizzi A, Ranalli P, Zaccardi F, Habib A, Rocca B.""}, ""ext_id"": ""38448541"", ""doi"": ""10.1038/s41598-024-55720-3"", ""authors"": ""Petrucci G, Hatem D, Langley R, Cleary S, Gentry-Maharaj A, Pitocco D, Rizzi A, Ranalli P, Zaccardi F, Habib A, Rocca B."", ""journal"": """", ""url"": ""https://pmc.ncbi.nlm.nih.gov/articles/PMC10917770/"", ""score_components"": {}}, {""citation_id"": 2, ""title"": ""Stability of 22 sedative-type drugs and metabolites in human urine under variable pH, temperature, and freeze-thaw conditions."", ""evidence_text"": ""Notably, this transformation occurred only in urine and not in phosphate-buffered saline, suggesting a urine-specific mechanism. These findings highlight the importance of compound-specific preservation strategies. In scenarios where analyte identity or sample pH cannot be verified promptly, immediate refrigeration or freezing (ideally at -20°C), along with minimizing freeze-thaw cycles, is strongly recommended to preserve sample integrity and ensure reliable toxicological interpretation."", ""score"": 64.05309295654297, ""year"": ""2026"", ""source"": {""title"": ""Stability of 22 sedative-type drugs and metabolites in human urine under variable pH, temperature, and freeze-thaw conditions."", ""pmid"": ""41208041"", ""doi"": ""10.1093/jat/bkaf100"", ""url"": ""https://pubmed.ncbi.nlm.nih.gov/41208041/"", ""journal"": """", ""year"": ""2026"", ""authors"": ""Yang FS, Jian SH, Lee YC, Lan YS, Tseng LP, Lee YH, Chiu YC, Lin YC.""}, ""ext_id"": ""41208041"", ""doi"": ""10.1093/jat/bkaf100"", ""authors"": ""Yang FS, Jian SH, Lee YC, Lan YS, Tseng LP, Lee YH, Chiu YC, Lin YC."", ""journal"": """", ""url"": ""https://pubmed.ncbi.nlm.nih.gov/41208041/"", ""score_components"": {}}, {""citation_id"": 3, ""title"": ""Combined effects of urine exposure and cryopreservation on sperm quality: an in vitro study of retrograde ejaculation."", ""evidence_text"": ""In contrast, the freeze-thaw process impacts only sperm motility. In clinical practice, minimizing exposure to urine might improve sperm quality."", ""score"": 64.03075408935547, ""year"": ""2026"", ""source"": {""title"": ""Combined effects of urine exposure and cryopreservation on sperm quality: an in vitro study of retrograde ejaculation."", ""pmid"": ""42169621"", ""doi"": ""10.4103/aja20265"", ""url"": ""https://pubmed.ncbi.nlm.nih.gov/42169621/"", ""journal"": """", ""year"": ""2026"", ""authors"": ""Liang MJ, Li QY, Pang T, Liu H, Wang QL, Zhou YY, Zhuang JM, Zhang Y.""}, ""ext_id"": ""42169621"", ""doi"": ""10.4103/aja20265"", ""authors"": ""Liang MJ, Li QY, Pang T, Liu H, Wang QL, Zhou YY, Zhuang JM, Zhang Y."", ""journal"": """", ""url"": ""https://pubmed.ncbi.nlm.nih.gov/42169621/"", ""score_components"": {}}, {""citation_id"": 4, ""title"": ""Alternating magnetic field-assisted freezing enhances the freeze-thaw stability of Pacific white shrimp (Litopenaeus vannamei): Evidence from physicochemical and metabolomic analyses."", ""evidence_text"": ""Repeated freeze-thaw cycles often cause severe quality deterioration in frozen aquatic products. To mitigate these adverse effects, this study examined the impact of alternating magnetic field-assisted freezing (AMF) compared with conventional air-blast freezing (ABF) on the freeze-thaw quality and metabolomic profiles of Pacific white shrimp (Litopenaeus vannamei). Over six freeze-thaw cycles, AMF markedly preserved shrimp quality by reducing muscle fiber disruption, narrowing intercellular gaps, and limiting water mobility."", ""score"": 59.12330627441406, ""year"": ""2026"", ""source"": {""title"": ""Alternating magnetic field-assisted freezing enhances the freeze-thaw stability of Pacific white shrimp (Litopenaeus vannamei): Evidence from physicochemical and metabolomic analyses."", ""pmid"": ""41655493"", ""doi"": ""10.1016/j.foodchem.2026.148295"", ""url"": ""https://pubmed.ncbi.nlm.nih.gov/41655493/"", ""journal"": """", ""year"": ""2026"", ""authors"": ""Guan X, Wang J, Feng Z, Duan Z, Zhang L, Li Y, Feng A, Li C, Hong H, Li Q.""}, ""ext_id"": ""41655493"", ""doi"": ""10.1016/j.foodchem.2026.148295"", ""authors"": ""Guan X, Wang J, Feng Z, Duan Z, Zhang L, Li Y, Feng A, Li C, Hong H, Li Q."", ""journal"": """", ""url"": ""https://pubmed.ncbi.nlm.nih.gov/41655493/"", ""score_components"": {}}, {""citation_id"": 5, ""title"": ""A charge reversal approach for the sensitive quantification of dicarboxylic acids using Liquid chromatography-tandem mass spectrometry."", ""evidence_text"": ""For longer chains (C > 16), their proportions were >10x higher in plasma than in urine. Our optimized method using LC-MS/MS enables the quantification of DCAs with excellent sensitivity. The method will help in future studies investigating dicarboxylic acids' crucial role in health and biomarker discovery studies using targeted metabolomics."", ""score"": 58.638221740722656, ""year"": ""2024"", ""source"": {""title"": ""A charge reversal approach for the sensitive quantification of dicarboxylic acids using Liquid chromatography-tandem mass spectrometry."", ""pmid"": ""39423602"", ""doi"": ""10.1016/j.chroma.2024.465426"", ""url"": ""https://pubmed.ncbi.nlm.nih.gov/39423602/"", ""journal"": """", ""year"": ""2024"", ""authors"": ""Jose J, Fonteh AN.""}, ""ext_id"": ""39423602"", ""doi"": ""10.1016/j.chroma.2024.465426"", ""authors"": ""Jose J, Fonteh AN."", ""journal"": """", ""url"": ""https://pubmed.ncbi.nlm.nih.gov/39423602/"", ""score_components"": {}}]",ok,,
BQ020,"Does one freeze-thaw cycle after storage at minus 70 degrees Celsius meaningfully affect common nutritional, NCD, and inflammatory biomarkers in serum?","In the Abraham et al. study, a single freeze-thaw cycle after one month of storage at −70 °C had minimal effect on the studied nutritional, noncommunicable disease, and inflammatory biomarkers. Some analytes differed statistically from baseline, but all changes were within acceptable total allowable error limits.","[""a single freeze-thaw cycle was tested after storage at minus 70 degrees Celsius for one month"", ""13 nutritional, NCD, and inflammatory biomarkers were studied"", ""several analytes differed statistically from baseline"", ""all observed changes were within acceptable total allowable error limits"", ""the overall effect was considered minimal""]",Evidence-based draft benchmark row. Use for development/testing; later verify with supervisor/domain expert.,ranker_medcpt,medcpt,"(TITLE_ABS:""Does one freeze-thaw cycle after storage at minus 70 degrees Celsius meaningfully affect common nutritional, NCD, and inflammatory biomarkers in serum?"") OR (TITLE_ABS:(serum AND storage AND one)) OR (TITLE_ABS:(serum AND storage AND one AND ""freeze-thaw"")) OR (TITLE_ABS:(one OR ""freeze-thaw"" OR cycle OR storage OR stored OR ""sample storage"" OR minus OR meaningfully OR common OR nutritional OR ncd OR inflammatory OR biomarkers OR serum OR ""blood serum"")) OR (TITLE_ABS:(one OR ""freeze-thaw"" OR cycle OR storage OR minus OR meaningfully OR common OR nutritional OR ncd OR inflammatory))","[""one"", ""freeze-thaw"", ""cycle"", ""storage"", ""minus"", ""meaningfully"", ""common"", ""nutritional"", ""ncd"", ""inflammatory"", ""biomarkers"", ""serum""]",8,83,5,5,"[1] A chicken-specific SAA ELISA kit was used for the measurements. Statistical analysis was performed using SPSS, and the Kruskal-Wallis test and Spearman's correlation coefficient were applied, with statistical significance set at P 10% was observed after the fourth cycle in four out of six samples. However, one to three freeze-thaw cycles did not result in a significant decline.
Source: A preliminary study on effects of storage time and repeated freezing-thawing on the stability of avian serum amyloid A.. 2024. PMID: 39223651. DOI: 10.1186/s13028-024-00764-8

[2] This study investigated the effect of a single freeze-and-thaw (FT) cycle on the quality of liquid nitrogen-stored clinical serum samples. Using mass spectrometry, serum protein abundance was analyzed in a human test cohort of 99 samples and a validation cohort 109 samples. After preprocessing, 213 proteins were analyzed in the test cohort and 248 in the validation cohort.
Source: Impact of single freeze-thaw cycles on human serum proteins: Implications for mass spectrometry biomarker validation.. 2026. PMID: 42205694. DOI: 10.1016/j.isci.2026.115934

[3] A prospective study was conducted using urine samples from ten pregnant women. Each sample was processed under standard laboratory conditions and aliquoted into five tubes. One aliquot was immediately frozen at - 80 °C (T0), three were stored at 2-8 °C for 48, 96, and 168 hours before freezing, and one underwent a double freeze-thaw cycle.
Source: Urinary placental growth factor stability as a critical factor in the reliability of preeclampsia diagnosis.. 2026. PMID: 41971513. DOI: 10.11613/bm.2026.020701

[4] The storage and freeze thaw studies exhibited a maximum mean PD% of 7.9 %. The spiked samples with 500 ng/mL biotin or 287 mg/dL hemoglobin resulted in a maximal mean PD% of 4.2 %.Discussion and conclusion. We found PlGF to be stable when exposed to a broad spectrum of pre-analytical conditions, across varying PlGF levels and after exposure to biotin or hemolysis.
Source: Serum placental growth factor: Pre-analytical stability, comparison of blood derivates and interference from biotin and hemolysis.. 2026. PMID: 41285216. DOI: 10.1016/j.cca.2025.120736

[5] Storage variability can compromise analyte stability and omics data quality, especially in clinical settings. While previous studies have focused on healthy individuals, the stability of the metabolome and lipidome in patient samples remains underexplored.Objective. To identify metabolites and lipids most susceptible to be affected by post-centrifugation storage time and a single additional freeze-thaw cycle in EDTA plasma from hospitalized patients.Methods.
Source: Metabolic and lipidomic stability in EDTA plasma from hospitalized patients: impact of refrigerated storage time and additional freeze-thaw cycle.. 2026. PMID: 42024200. DOI: 10.1007/s11306-026-02428-2","[{""citation_id"": 1, ""title"": ""A preliminary study on effects of storage time and repeated freezing-thawing on the stability of avian serum amyloid A."", ""evidence_text"": ""A chicken-specific SAA ELISA kit was used for the measurements. Statistical analysis was performed using SPSS, and the Kruskal-Wallis test and Spearman's correlation coefficient were applied, with statistical significance set at P 10% was observed after the fourth cycle in four out of six samples. However, one to three freeze-thaw cycles did not result in a significant decline."", ""score"": 65.99769592285156, ""year"": ""2024"", ""source"": {""title"": ""A preliminary study on effects of storage time and repeated freezing-thawing on the stability of avian serum amyloid A."", ""pmid"": ""39223651"", ""doi"": ""10.1186/s13028-024-00764-8"", ""url"": ""https://pmc.ncbi.nlm.nih.gov/articles/PMC11367771/"", ""journal"": """", ""year"": ""2024"", ""authors"": ""Rhim H, Kwag C, Han JI.""}, ""ext_id"": ""39223651"", ""doi"": ""10.1186/s13028-024-00764-8"", ""authors"": ""Rhim H, Kwag C, Han JI."", ""journal"": """", ""url"": ""https://pmc.ncbi.nlm.nih.gov/articles/PMC11367771/"", ""score_components"": {}}, {""citation_id"": 2, ""title"": ""Impact of single freeze-thaw cycles on human serum proteins: Implications for mass spectrometry biomarker validation."", ""evidence_text"": ""This study investigated the effect of a single freeze-and-thaw (FT) cycle on the quality of liquid nitrogen-stored clinical serum samples. Using mass spectrometry, serum protein abundance was analyzed in a human test cohort of 99 samples and a validation cohort 109 samples. After preprocessing, 213 proteins were analyzed in the test cohort and 248 in the validation cohort."", ""score"": 65.1588134765625, ""year"": ""2026"", ""source"": {""title"": ""Impact of single freeze-thaw cycles on human serum proteins: Implications for mass spectrometry biomarker validation."", ""pmid"": ""42205694"", ""doi"": ""10.1016/j.isci.2026.115934"", ""url"": ""https://pmc.ncbi.nlm.nih.gov/articles/PMC13206734/"", ""journal"": """", ""year"": ""2026"", ""authors"": ""Sauer T, Oberländer M, Maushagen R, Radloff H, Braun R, Honselmann K, Wellner U, Habermann J, Benecke C, Keck T, Szymczak S, Gemoll T.""}, ""ext_id"": ""42205694"", ""doi"": ""10.1016/j.isci.2026.115934"", ""authors"": ""Sauer T, Oberländer M, Maushagen R, Radloff H, Braun R, Honselmann K, Wellner U, Habermann J, Benecke C, Keck T, Szymczak S, Gemoll T."", ""journal"": """", ""url"": ""https://pmc.ncbi.nlm.nih.gov/articles/PMC13206734/"", ""score_components"": {}}, {""citation_id"": 3, ""title"": ""Urinary placental growth factor stability as a critical factor in the reliability of preeclampsia diagnosis."", ""evidence_text"": ""A prospective study was conducted using urine samples from ten pregnant women. Each sample was processed under standard laboratory conditions and aliquoted into five tubes. One aliquot was immediately frozen at - 80 °C (T0), three were stored at 2-8 °C for 48, 96, and 168 hours before freezing, and one underwent a double freeze-thaw cycle."", ""score"": 62.990135192871094, ""year"": ""2026"", ""source"": {""title"": ""Urinary placental growth factor stability as a critical factor in the reliability of preeclampsia diagnosis."", ""pmid"": ""41971513"", ""doi"": ""10.11613/bm.2026.020701"", ""url"": ""https://pmc.ncbi.nlm.nih.gov/articles/PMC13067898/"", ""journal"": """", ""year"": ""2026"", ""authors"": ""Martinez-Marzo E, Peran M, Lerma-Irureta J, Medel-Martinez A, Paules C, Oros D, Fabre M.""}, ""ext_id"": ""41971513"", ""doi"": ""10.11613/bm.2026.020701"", ""authors"": ""Martinez-Marzo E, Peran M, Lerma-Irureta J, Medel-Martinez A, Paules C, Oros D, Fabre M."", ""journal"": """", ""url"": ""https://pmc.ncbi.nlm.nih.gov/articles/PMC13067898/"", ""score_components"": {}}, {""citation_id"": 4, ""title"": ""Serum placental growth factor: Pre-analytical stability, comparison of blood derivates and interference from biotin and hemolysis."", ""evidence_text"": ""The storage and freeze thaw studies exhibited a maximum mean PD% of 7.9 %. The spiked samples with 500 ng/mL biotin or 287 mg/dL hemoglobin resulted in a maximal mean PD% of 4.2 %.Discussion and conclusion. We found PlGF to be stable when exposed to a broad spectrum of pre-analytical conditions, across varying PlGF levels and after exposure to biotin or hemolysis."", ""score"": 62.39054870605469, ""year"": ""2026"", ""source"": {""title"": ""Serum placental growth factor: Pre-analytical stability, comparison of blood derivates and interference from biotin and hemolysis."", ""pmid"": ""41285216"", ""doi"": ""10.1016/j.cca.2025.120736"", ""url"": ""https://pubmed.ncbi.nlm.nih.gov/41285216/"", ""journal"": """", ""year"": ""2026"", ""authors"": ""Skipper MT, Parkner T, Skov HL, Knudsen CS.""}, ""ext_id"": ""41285216"", ""doi"": ""10.1016/j.cca.2025.120736"", ""authors"": ""Skipper MT, Parkner T, Skov HL, Knudsen CS."", ""journal"": """", ""url"": ""https://pubmed.ncbi.nlm.nih.gov/41285216/"", ""score_components"": {}}, {""citation_id"": 5, ""title"": ""Metabolic and lipidomic stability in EDTA plasma from hospitalized patients: impact of refrigerated storage time and additional freeze-thaw cycle."", ""evidence_text"": ""Storage variability can compromise analyte stability and omics data quality, especially in clinical settings. While previous studies have focused on healthy individuals, the stability of the metabolome and lipidome in patient samples remains underexplored.Objective. To identify metabolites and lipids most susceptible to be affected by post-centrifugation storage time and a single additional freeze-thaw cycle in EDTA plasma from hospitalized patients.Methods."", ""score"": 61.25653076171875, ""year"": ""2026"", ""source"": {""title"": ""Metabolic and lipidomic stability in EDTA plasma from hospitalized patients: impact of refrigerated storage time and additional freeze-thaw cycle."", ""pmid"": ""42024200"", ""doi"": ""10.1007/s11306-026-02428-2"", ""url"": ""https://pmc.ncbi.nlm.nih.gov/articles/PMC13106266/"", ""journal"": """", ""year"": ""2026"", ""authors"": ""Guttorm SJT, Gukasyan L, Prebensen C, Karlsson NG, Holten AR, Kvale D, Rootwelt H, Elgstøen KBP, Amundsen EK.""}, ""ext_id"": ""42024200"", ""doi"": ""10.1007/s11306-026-02428-2"", ""authors"": ""Guttorm SJT, Gukasyan L, Prebensen C, Karlsson NG, Holten AR, Kvale D, Rootwelt H, Elgstøen KBP, Amundsen EK."", ""journal"": """", ""url"": ""https://pmc.ncbi.nlm.nih.gov/articles/PMC13106266/"", ""score_components"": {}}]",ok,,
